[2025-12-27T14:14:47.808+0000] {processor.py:161} INFO - Started process (PID=102) to work on /home/airflow/.local/lib/python3.12/site-packages/airflow/example_dags/example_external_task_marker_dag.py
[2025-12-27T14:14:47.813+0000] {processor.py:830} INFO - Processing file /home/airflow/.local/lib/python3.12/site-packages/airflow/example_dags/example_external_task_marker_dag.py for tasks to queue
[2025-12-27T14:14:47.824+0000] {logging_mixin.py:188} INFO - [2025-12-27T14:14:47.822+0000] {dagbag.py:540} INFO - Filling up the DagBag from /home/airflow/.local/lib/python3.12/site-packages/airflow/example_dags/example_external_task_marker_dag.py
[2025-12-27T14:14:47.867+0000] {processor.py:840} INFO - DAG(s) 'example_external_task_marker_parent', 'example_external_task_marker_child' retrieved from /home/airflow/.local/lib/python3.12/site-packages/airflow/example_dags/example_external_task_marker_dag.py
[2025-12-27T14:14:49.074+0000] {logging_mixin.py:188} INFO - [2025-12-27T14:14:49.073+0000] {dag.py:3096} INFO - Sync 2 DAGs
[2025-12-27T14:14:49.187+0000] {logging_mixin.py:188} INFO - [2025-12-27T14:14:49.187+0000] {dag.py:3954} INFO - Setting next_dagrun for example_external_task_marker_child to None, run_after=None
[2025-12-27T14:14:49.210+0000] {logging_mixin.py:188} INFO - [2025-12-27T14:14:49.209+0000] {dag.py:3954} INFO - Setting next_dagrun for example_external_task_marker_parent to None, run_after=None
[2025-12-27T14:14:49.369+0000] {processor.py:183} INFO - Processing /home/airflow/.local/lib/python3.12/site-packages/airflow/example_dags/example_external_task_marker_dag.py took 1.602 seconds
[2025-12-27T14:15:28.584+0000] {processor.py:161} INFO - Started process (PID=159) to work on /home/airflow/.local/lib/python3.12/site-packages/airflow/example_dags/example_external_task_marker_dag.py
[2025-12-27T14:15:28.590+0000] {processor.py:830} INFO - Processing file /home/airflow/.local/lib/python3.12/site-packages/airflow/example_dags/example_external_task_marker_dag.py for tasks to queue
[2025-12-27T14:15:28.599+0000] {logging_mixin.py:188} INFO - [2025-12-27T14:15:28.598+0000] {dagbag.py:540} INFO - Filling up the DagBag from /home/airflow/.local/lib/python3.12/site-packages/airflow/example_dags/example_external_task_marker_dag.py
[2025-12-27T14:15:28.631+0000] {processor.py:840} INFO - DAG(s) 'example_external_task_marker_parent', 'example_external_task_marker_child' retrieved from /home/airflow/.local/lib/python3.12/site-packages/airflow/example_dags/example_external_task_marker_dag.py
[2025-12-27T14:15:28.796+0000] {logging_mixin.py:188} INFO - [2025-12-27T14:15:28.795+0000] {dag.py:3096} INFO - Sync 2 DAGs
[2025-12-27T14:15:28.864+0000] {logging_mixin.py:188} INFO - [2025-12-27T14:15:28.863+0000] {dag.py:3954} INFO - Setting next_dagrun for example_external_task_marker_child to None, run_after=None
[2025-12-27T14:15:28.881+0000] {logging_mixin.py:188} INFO - [2025-12-27T14:15:28.880+0000] {dag.py:3954} INFO - Setting next_dagrun for example_external_task_marker_parent to None, run_after=None
[2025-12-27T14:15:28.953+0000] {processor.py:183} INFO - Processing /home/airflow/.local/lib/python3.12/site-packages/airflow/example_dags/example_external_task_marker_dag.py took 0.409 seconds
[2025-12-27T14:15:59.314+0000] {processor.py:161} INFO - Started process (PID=216) to work on /home/airflow/.local/lib/python3.12/site-packages/airflow/example_dags/example_external_task_marker_dag.py
[2025-12-27T14:15:59.317+0000] {processor.py:830} INFO - Processing file /home/airflow/.local/lib/python3.12/site-packages/airflow/example_dags/example_external_task_marker_dag.py for tasks to queue
[2025-12-27T14:15:59.322+0000] {logging_mixin.py:188} INFO - [2025-12-27T14:15:59.321+0000] {dagbag.py:540} INFO - Filling up the DagBag from /home/airflow/.local/lib/python3.12/site-packages/airflow/example_dags/example_external_task_marker_dag.py
[2025-12-27T14:15:59.339+0000] {processor.py:840} INFO - DAG(s) 'example_external_task_marker_parent', 'example_external_task_marker_child' retrieved from /home/airflow/.local/lib/python3.12/site-packages/airflow/example_dags/example_external_task_marker_dag.py
[2025-12-27T14:15:59.442+0000] {logging_mixin.py:188} INFO - [2025-12-27T14:15:59.441+0000] {dag.py:3096} INFO - Sync 2 DAGs
[2025-12-27T14:15:59.501+0000] {logging_mixin.py:188} INFO - [2025-12-27T14:15:59.501+0000] {dag.py:3954} INFO - Setting next_dagrun for example_external_task_marker_child to None, run_after=None
[2025-12-27T14:15:59.515+0000] {logging_mixin.py:188} INFO - [2025-12-27T14:15:59.514+0000] {dag.py:3954} INFO - Setting next_dagrun for example_external_task_marker_parent to None, run_after=None
[2025-12-27T14:15:59.571+0000] {processor.py:183} INFO - Processing /home/airflow/.local/lib/python3.12/site-packages/airflow/example_dags/example_external_task_marker_dag.py took 0.272 seconds
[2025-12-27T14:16:30.709+0000] {processor.py:161} INFO - Started process (PID=274) to work on /home/airflow/.local/lib/python3.12/site-packages/airflow/example_dags/example_external_task_marker_dag.py
[2025-12-27T14:16:30.722+0000] {processor.py:830} INFO - Processing file /home/airflow/.local/lib/python3.12/site-packages/airflow/example_dags/example_external_task_marker_dag.py for tasks to queue
[2025-12-27T14:16:30.733+0000] {logging_mixin.py:188} INFO - [2025-12-27T14:16:30.729+0000] {dagbag.py:540} INFO - Filling up the DagBag from /home/airflow/.local/lib/python3.12/site-packages/airflow/example_dags/example_external_task_marker_dag.py
[2025-12-27T14:16:30.812+0000] {processor.py:840} INFO - DAG(s) 'example_external_task_marker_parent', 'example_external_task_marker_child' retrieved from /home/airflow/.local/lib/python3.12/site-packages/airflow/example_dags/example_external_task_marker_dag.py
[2025-12-27T14:16:31.659+0000] {logging_mixin.py:188} INFO - [2025-12-27T14:16:31.658+0000] {dag.py:3096} INFO - Sync 2 DAGs
[2025-12-27T14:16:31.845+0000] {logging_mixin.py:188} INFO - [2025-12-27T14:16:31.845+0000] {dag.py:3954} INFO - Setting next_dagrun for example_external_task_marker_child to None, run_after=None
[2025-12-27T14:16:31.864+0000] {logging_mixin.py:188} INFO - [2025-12-27T14:16:31.864+0000] {dag.py:3954} INFO - Setting next_dagrun for example_external_task_marker_parent to None, run_after=None
[2025-12-27T14:16:32.012+0000] {processor.py:183} INFO - Processing /home/airflow/.local/lib/python3.12/site-packages/airflow/example_dags/example_external_task_marker_dag.py took 1.339 seconds
[2025-12-27T14:17:02.565+0000] {processor.py:161} INFO - Started process (PID=332) to work on /home/airflow/.local/lib/python3.12/site-packages/airflow/example_dags/example_external_task_marker_dag.py
[2025-12-27T14:17:02.578+0000] {processor.py:830} INFO - Processing file /home/airflow/.local/lib/python3.12/site-packages/airflow/example_dags/example_external_task_marker_dag.py for tasks to queue
[2025-12-27T14:17:02.597+0000] {logging_mixin.py:188} INFO - [2025-12-27T14:17:02.593+0000] {dagbag.py:540} INFO - Filling up the DagBag from /home/airflow/.local/lib/python3.12/site-packages/airflow/example_dags/example_external_task_marker_dag.py
[2025-12-27T14:17:02.652+0000] {processor.py:840} INFO - DAG(s) 'example_external_task_marker_child', 'example_external_task_marker_parent' retrieved from /home/airflow/.local/lib/python3.12/site-packages/airflow/example_dags/example_external_task_marker_dag.py
[2025-12-27T14:17:03.359+0000] {logging_mixin.py:188} INFO - [2025-12-27T14:17:03.358+0000] {dag.py:3096} INFO - Sync 2 DAGs
[2025-12-27T14:17:04.117+0000] {logging_mixin.py:188} INFO - [2025-12-27T14:17:04.116+0000] {dag.py:3954} INFO - Setting next_dagrun for example_external_task_marker_child to None, run_after=None
[2025-12-27T14:17:04.393+0000] {logging_mixin.py:188} INFO - [2025-12-27T14:17:04.393+0000] {dag.py:3954} INFO - Setting next_dagrun for example_external_task_marker_parent to None, run_after=None
[2025-12-27T14:17:04.656+0000] {processor.py:183} INFO - Processing /home/airflow/.local/lib/python3.12/site-packages/airflow/example_dags/example_external_task_marker_dag.py took 2.134 seconds
[2025-12-27T14:17:49.473+0000] {processor.py:161} INFO - Started process (PID=386) to work on /home/airflow/.local/lib/python3.12/site-packages/airflow/example_dags/example_external_task_marker_dag.py
[2025-12-27T14:17:49.483+0000] {processor.py:830} INFO - Processing file /home/airflow/.local/lib/python3.12/site-packages/airflow/example_dags/example_external_task_marker_dag.py for tasks to queue
[2025-12-27T14:17:49.497+0000] {logging_mixin.py:188} INFO - [2025-12-27T14:17:49.489+0000] {dagbag.py:540} INFO - Filling up the DagBag from /home/airflow/.local/lib/python3.12/site-packages/airflow/example_dags/example_external_task_marker_dag.py
[2025-12-27T14:17:49.536+0000] {processor.py:840} INFO - DAG(s) 'example_external_task_marker_parent', 'example_external_task_marker_child' retrieved from /home/airflow/.local/lib/python3.12/site-packages/airflow/example_dags/example_external_task_marker_dag.py
[2025-12-27T14:17:49.729+0000] {logging_mixin.py:188} INFO - [2025-12-27T14:17:49.718+0000] {dag.py:3096} INFO - Sync 2 DAGs
[2025-12-27T14:17:49.920+0000] {logging_mixin.py:188} INFO - [2025-12-27T14:17:49.919+0000] {dag.py:3954} INFO - Setting next_dagrun for example_external_task_marker_child to None, run_after=None
[2025-12-27T14:17:49.976+0000] {logging_mixin.py:188} INFO - [2025-12-27T14:17:49.974+0000] {dag.py:3954} INFO - Setting next_dagrun for example_external_task_marker_parent to None, run_after=None
[2025-12-27T14:17:50.145+0000] {processor.py:183} INFO - Processing /home/airflow/.local/lib/python3.12/site-packages/airflow/example_dags/example_external_task_marker_dag.py took 0.707 seconds
[2025-12-27T14:18:33.211+0000] {processor.py:161} INFO - Started process (PID=441) to work on /home/airflow/.local/lib/python3.12/site-packages/airflow/example_dags/example_external_task_marker_dag.py
[2025-12-27T14:18:33.216+0000] {processor.py:830} INFO - Processing file /home/airflow/.local/lib/python3.12/site-packages/airflow/example_dags/example_external_task_marker_dag.py for tasks to queue
[2025-12-27T14:18:33.225+0000] {logging_mixin.py:188} INFO - [2025-12-27T14:18:33.223+0000] {dagbag.py:540} INFO - Filling up the DagBag from /home/airflow/.local/lib/python3.12/site-packages/airflow/example_dags/example_external_task_marker_dag.py
[2025-12-27T14:18:33.260+0000] {processor.py:840} INFO - DAG(s) 'example_external_task_marker_child', 'example_external_task_marker_parent' retrieved from /home/airflow/.local/lib/python3.12/site-packages/airflow/example_dags/example_external_task_marker_dag.py
[2025-12-27T14:18:33.417+0000] {logging_mixin.py:188} INFO - [2025-12-27T14:18:33.415+0000] {dag.py:3096} INFO - Sync 2 DAGs
[2025-12-27T14:18:33.611+0000] {logging_mixin.py:188} INFO - [2025-12-27T14:18:33.610+0000] {dag.py:3954} INFO - Setting next_dagrun for example_external_task_marker_child to None, run_after=None
[2025-12-27T14:18:33.641+0000] {logging_mixin.py:188} INFO - [2025-12-27T14:18:33.640+0000] {dag.py:3954} INFO - Setting next_dagrun for example_external_task_marker_parent to None, run_after=None
[2025-12-27T14:18:33.853+0000] {processor.py:183} INFO - Processing /home/airflow/.local/lib/python3.12/site-packages/airflow/example_dags/example_external_task_marker_dag.py took 0.673 seconds
[2025-12-27T14:19:04.091+0000] {processor.py:161} INFO - Started process (PID=499) to work on /home/airflow/.local/lib/python3.12/site-packages/airflow/example_dags/example_external_task_marker_dag.py
[2025-12-27T14:19:04.094+0000] {processor.py:830} INFO - Processing file /home/airflow/.local/lib/python3.12/site-packages/airflow/example_dags/example_external_task_marker_dag.py for tasks to queue
[2025-12-27T14:19:04.099+0000] {logging_mixin.py:188} INFO - [2025-12-27T14:19:04.098+0000] {dagbag.py:540} INFO - Filling up the DagBag from /home/airflow/.local/lib/python3.12/site-packages/airflow/example_dags/example_external_task_marker_dag.py
[2025-12-27T14:19:04.116+0000] {processor.py:840} INFO - DAG(s) 'example_external_task_marker_child', 'example_external_task_marker_parent' retrieved from /home/airflow/.local/lib/python3.12/site-packages/airflow/example_dags/example_external_task_marker_dag.py
[2025-12-27T14:19:04.181+0000] {logging_mixin.py:188} INFO - [2025-12-27T14:19:04.180+0000] {dag.py:3096} INFO - Sync 2 DAGs
[2025-12-27T14:19:04.215+0000] {logging_mixin.py:188} INFO - [2025-12-27T14:19:04.215+0000] {dag.py:3954} INFO - Setting next_dagrun for example_external_task_marker_child to None, run_after=None
[2025-12-27T14:19:04.226+0000] {logging_mixin.py:188} INFO - [2025-12-27T14:19:04.226+0000] {dag.py:3954} INFO - Setting next_dagrun for example_external_task_marker_parent to None, run_after=None
[2025-12-27T14:19:04.278+0000] {processor.py:183} INFO - Processing /home/airflow/.local/lib/python3.12/site-packages/airflow/example_dags/example_external_task_marker_dag.py took 0.203 seconds
[2025-12-27T14:19:37.138+0000] {processor.py:161} INFO - Started process (PID=557) to work on /home/airflow/.local/lib/python3.12/site-packages/airflow/example_dags/example_external_task_marker_dag.py
[2025-12-27T14:19:37.143+0000] {processor.py:830} INFO - Processing file /home/airflow/.local/lib/python3.12/site-packages/airflow/example_dags/example_external_task_marker_dag.py for tasks to queue
[2025-12-27T14:19:37.152+0000] {logging_mixin.py:188} INFO - [2025-12-27T14:19:37.151+0000] {dagbag.py:540} INFO - Filling up the DagBag from /home/airflow/.local/lib/python3.12/site-packages/airflow/example_dags/example_external_task_marker_dag.py
[2025-12-27T14:19:37.179+0000] {processor.py:840} INFO - DAG(s) 'example_external_task_marker_parent', 'example_external_task_marker_child' retrieved from /home/airflow/.local/lib/python3.12/site-packages/airflow/example_dags/example_external_task_marker_dag.py
[2025-12-27T14:19:37.322+0000] {logging_mixin.py:188} INFO - [2025-12-27T14:19:37.321+0000] {dag.py:3096} INFO - Sync 2 DAGs
[2025-12-27T14:19:37.464+0000] {logging_mixin.py:188} INFO - [2025-12-27T14:19:37.463+0000] {dag.py:3954} INFO - Setting next_dagrun for example_external_task_marker_child to None, run_after=None
[2025-12-27T14:19:37.494+0000] {logging_mixin.py:188} INFO - [2025-12-27T14:19:37.494+0000] {dag.py:3954} INFO - Setting next_dagrun for example_external_task_marker_parent to None, run_after=None
[2025-12-27T14:19:37.565+0000] {processor.py:183} INFO - Processing /home/airflow/.local/lib/python3.12/site-packages/airflow/example_dags/example_external_task_marker_dag.py took 0.453 seconds
[2025-12-27T14:20:11.194+0000] {processor.py:161} INFO - Started process (PID=615) to work on /home/airflow/.local/lib/python3.12/site-packages/airflow/example_dags/example_external_task_marker_dag.py
[2025-12-27T14:20:11.199+0000] {processor.py:830} INFO - Processing file /home/airflow/.local/lib/python3.12/site-packages/airflow/example_dags/example_external_task_marker_dag.py for tasks to queue
[2025-12-27T14:20:11.217+0000] {logging_mixin.py:188} INFO - [2025-12-27T14:20:11.216+0000] {dagbag.py:540} INFO - Filling up the DagBag from /home/airflow/.local/lib/python3.12/site-packages/airflow/example_dags/example_external_task_marker_dag.py
[2025-12-27T14:20:11.255+0000] {processor.py:840} INFO - DAG(s) 'example_external_task_marker_parent', 'example_external_task_marker_child' retrieved from /home/airflow/.local/lib/python3.12/site-packages/airflow/example_dags/example_external_task_marker_dag.py
[2025-12-27T14:20:11.450+0000] {logging_mixin.py:188} INFO - [2025-12-27T14:20:11.449+0000] {dag.py:3096} INFO - Sync 2 DAGs
[2025-12-27T14:20:11.509+0000] {logging_mixin.py:188} INFO - [2025-12-27T14:20:11.508+0000] {dag.py:3954} INFO - Setting next_dagrun for example_external_task_marker_child to None, run_after=None
[2025-12-27T14:20:11.525+0000] {logging_mixin.py:188} INFO - [2025-12-27T14:20:11.524+0000] {dag.py:3954} INFO - Setting next_dagrun for example_external_task_marker_parent to None, run_after=None
[2025-12-27T14:20:11.590+0000] {processor.py:183} INFO - Processing /home/airflow/.local/lib/python3.12/site-packages/airflow/example_dags/example_external_task_marker_dag.py took 0.453 seconds
[2025-12-27T14:20:42.970+0000] {processor.py:161} INFO - Started process (PID=673) to work on /home/airflow/.local/lib/python3.12/site-packages/airflow/example_dags/example_external_task_marker_dag.py
[2025-12-27T14:20:42.973+0000] {processor.py:830} INFO - Processing file /home/airflow/.local/lib/python3.12/site-packages/airflow/example_dags/example_external_task_marker_dag.py for tasks to queue
[2025-12-27T14:20:42.979+0000] {logging_mixin.py:188} INFO - [2025-12-27T14:20:42.978+0000] {dagbag.py:540} INFO - Filling up the DagBag from /home/airflow/.local/lib/python3.12/site-packages/airflow/example_dags/example_external_task_marker_dag.py
[2025-12-27T14:20:43.000+0000] {processor.py:840} INFO - DAG(s) 'example_external_task_marker_parent', 'example_external_task_marker_child' retrieved from /home/airflow/.local/lib/python3.12/site-packages/airflow/example_dags/example_external_task_marker_dag.py
[2025-12-27T14:20:43.137+0000] {logging_mixin.py:188} INFO - [2025-12-27T14:20:43.136+0000] {dag.py:3096} INFO - Sync 2 DAGs
[2025-12-27T14:20:43.220+0000] {logging_mixin.py:188} INFO - [2025-12-27T14:20:43.219+0000] {dag.py:3954} INFO - Setting next_dagrun for example_external_task_marker_child to None, run_after=None
[2025-12-27T14:20:43.238+0000] {logging_mixin.py:188} INFO - [2025-12-27T14:20:43.237+0000] {dag.py:3954} INFO - Setting next_dagrun for example_external_task_marker_parent to None, run_after=None
[2025-12-27T14:20:43.316+0000] {processor.py:183} INFO - Processing /home/airflow/.local/lib/python3.12/site-packages/airflow/example_dags/example_external_task_marker_dag.py took 0.380 seconds
[2025-12-27T14:21:23.418+0000] {processor.py:161} INFO - Started process (PID=731) to work on /home/airflow/.local/lib/python3.12/site-packages/airflow/example_dags/example_external_task_marker_dag.py
[2025-12-27T14:21:23.430+0000] {processor.py:830} INFO - Processing file /home/airflow/.local/lib/python3.12/site-packages/airflow/example_dags/example_external_task_marker_dag.py for tasks to queue
[2025-12-27T14:21:23.453+0000] {logging_mixin.py:188} INFO - [2025-12-27T14:21:23.451+0000] {dagbag.py:540} INFO - Filling up the DagBag from /home/airflow/.local/lib/python3.12/site-packages/airflow/example_dags/example_external_task_marker_dag.py
[2025-12-27T14:21:23.558+0000] {processor.py:840} INFO - DAG(s) 'example_external_task_marker_parent', 'example_external_task_marker_child' retrieved from /home/airflow/.local/lib/python3.12/site-packages/airflow/example_dags/example_external_task_marker_dag.py
[2025-12-27T14:21:24.416+0000] {logging_mixin.py:188} INFO - [2025-12-27T14:21:24.408+0000] {dag.py:3096} INFO - Sync 2 DAGs
[2025-12-27T14:21:24.810+0000] {logging_mixin.py:188} INFO - [2025-12-27T14:21:24.809+0000] {dag.py:3954} INFO - Setting next_dagrun for example_external_task_marker_child to None, run_after=None
[2025-12-27T14:21:24.858+0000] {logging_mixin.py:188} INFO - [2025-12-27T14:21:24.857+0000] {dag.py:3954} INFO - Setting next_dagrun for example_external_task_marker_parent to None, run_after=None
[2025-12-27T14:21:26.706+0000] {processor.py:183} INFO - Processing /home/airflow/.local/lib/python3.12/site-packages/airflow/example_dags/example_external_task_marker_dag.py took 3.338 seconds
[2025-12-27T14:21:58.701+0000] {processor.py:161} INFO - Started process (PID=787) to work on /home/airflow/.local/lib/python3.12/site-packages/airflow/example_dags/example_external_task_marker_dag.py
[2025-12-27T14:21:58.731+0000] {processor.py:830} INFO - Processing file /home/airflow/.local/lib/python3.12/site-packages/airflow/example_dags/example_external_task_marker_dag.py for tasks to queue
[2025-12-27T14:21:58.776+0000] {logging_mixin.py:188} INFO - [2025-12-27T14:21:58.773+0000] {dagbag.py:540} INFO - Filling up the DagBag from /home/airflow/.local/lib/python3.12/site-packages/airflow/example_dags/example_external_task_marker_dag.py
[2025-12-27T14:21:58.904+0000] {processor.py:840} INFO - DAG(s) 'example_external_task_marker_child', 'example_external_task_marker_parent' retrieved from /home/airflow/.local/lib/python3.12/site-packages/airflow/example_dags/example_external_task_marker_dag.py
[2025-12-27T14:21:59.479+0000] {logging_mixin.py:188} INFO - [2025-12-27T14:21:59.479+0000] {dag.py:3096} INFO - Sync 2 DAGs
[2025-12-27T14:21:59.724+0000] {logging_mixin.py:188} INFO - [2025-12-27T14:21:59.723+0000] {dag.py:3954} INFO - Setting next_dagrun for example_external_task_marker_child to None, run_after=None
[2025-12-27T14:21:59.758+0000] {logging_mixin.py:188} INFO - [2025-12-27T14:21:59.757+0000] {dag.py:3954} INFO - Setting next_dagrun for example_external_task_marker_parent to None, run_after=None
[2025-12-27T14:22:00.003+0000] {processor.py:183} INFO - Processing /home/airflow/.local/lib/python3.12/site-packages/airflow/example_dags/example_external_task_marker_dag.py took 1.854 seconds
[2025-12-27T14:23:04.111+0000] {processor.py:161} INFO - Started process (PID=851) to work on /home/airflow/.local/lib/python3.12/site-packages/airflow/example_dags/example_external_task_marker_dag.py
[2025-12-27T14:23:04.127+0000] {processor.py:830} INFO - Processing file /home/airflow/.local/lib/python3.12/site-packages/airflow/example_dags/example_external_task_marker_dag.py for tasks to queue
[2025-12-27T14:23:04.149+0000] {logging_mixin.py:188} INFO - [2025-12-27T14:23:04.147+0000] {dagbag.py:540} INFO - Filling up the DagBag from /home/airflow/.local/lib/python3.12/site-packages/airflow/example_dags/example_external_task_marker_dag.py
[2025-12-27T14:23:04.219+0000] {processor.py:840} INFO - DAG(s) 'example_external_task_marker_parent', 'example_external_task_marker_child' retrieved from /home/airflow/.local/lib/python3.12/site-packages/airflow/example_dags/example_external_task_marker_dag.py
[2025-12-27T14:23:04.712+0000] {logging_mixin.py:188} INFO - [2025-12-27T14:23:04.712+0000] {dag.py:3096} INFO - Sync 2 DAGs
[2025-12-27T14:23:04.970+0000] {logging_mixin.py:188} INFO - [2025-12-27T14:23:04.969+0000] {dag.py:3954} INFO - Setting next_dagrun for example_external_task_marker_child to None, run_after=None
[2025-12-27T14:23:05.023+0000] {logging_mixin.py:188} INFO - [2025-12-27T14:23:05.023+0000] {dag.py:3954} INFO - Setting next_dagrun for example_external_task_marker_parent to None, run_after=None
[2025-12-27T14:23:05.266+0000] {processor.py:183} INFO - Processing /home/airflow/.local/lib/python3.12/site-packages/airflow/example_dags/example_external_task_marker_dag.py took 1.317 seconds
[2025-12-27T14:24:22.358+0000] {processor.py:161} INFO - Started process (PID=922) to work on /home/airflow/.local/lib/python3.12/site-packages/airflow/example_dags/example_external_task_marker_dag.py
[2025-12-27T14:24:22.362+0000] {processor.py:830} INFO - Processing file /home/airflow/.local/lib/python3.12/site-packages/airflow/example_dags/example_external_task_marker_dag.py for tasks to queue
[2025-12-27T14:24:22.371+0000] {logging_mixin.py:188} INFO - [2025-12-27T14:24:22.366+0000] {dagbag.py:540} INFO - Filling up the DagBag from /home/airflow/.local/lib/python3.12/site-packages/airflow/example_dags/example_external_task_marker_dag.py
[2025-12-27T14:24:22.404+0000] {processor.py:840} INFO - DAG(s) 'example_external_task_marker_child', 'example_external_task_marker_parent' retrieved from /home/airflow/.local/lib/python3.12/site-packages/airflow/example_dags/example_external_task_marker_dag.py
[2025-12-27T14:24:22.489+0000] {logging_mixin.py:188} INFO - [2025-12-27T14:24:22.488+0000] {dag.py:3096} INFO - Sync 2 DAGs
[2025-12-27T14:24:22.542+0000] {logging_mixin.py:188} INFO - [2025-12-27T14:24:22.541+0000] {dag.py:3954} INFO - Setting next_dagrun for example_external_task_marker_child to None, run_after=None
[2025-12-27T14:24:22.558+0000] {logging_mixin.py:188} INFO - [2025-12-27T14:24:22.557+0000] {dag.py:3954} INFO - Setting next_dagrun for example_external_task_marker_parent to None, run_after=None
[2025-12-27T14:24:22.669+0000] {processor.py:183} INFO - Processing /home/airflow/.local/lib/python3.12/site-packages/airflow/example_dags/example_external_task_marker_dag.py took 0.349 seconds
[2025-12-27T14:24:52.979+0000] {processor.py:161} INFO - Started process (PID=977) to work on /home/airflow/.local/lib/python3.12/site-packages/airflow/example_dags/example_external_task_marker_dag.py
[2025-12-27T14:24:52.982+0000] {processor.py:830} INFO - Processing file /home/airflow/.local/lib/python3.12/site-packages/airflow/example_dags/example_external_task_marker_dag.py for tasks to queue
[2025-12-27T14:24:52.985+0000] {logging_mixin.py:188} INFO - [2025-12-27T14:24:52.984+0000] {dagbag.py:540} INFO - Filling up the DagBag from /home/airflow/.local/lib/python3.12/site-packages/airflow/example_dags/example_external_task_marker_dag.py
[2025-12-27T14:24:53.007+0000] {processor.py:840} INFO - DAG(s) 'example_external_task_marker_parent', 'example_external_task_marker_child' retrieved from /home/airflow/.local/lib/python3.12/site-packages/airflow/example_dags/example_external_task_marker_dag.py
[2025-12-27T14:24:53.084+0000] {logging_mixin.py:188} INFO - [2025-12-27T14:24:53.083+0000] {dag.py:3096} INFO - Sync 2 DAGs
[2025-12-27T14:24:53.129+0000] {logging_mixin.py:188} INFO - [2025-12-27T14:24:53.129+0000] {dag.py:3954} INFO - Setting next_dagrun for example_external_task_marker_child to None, run_after=None
[2025-12-27T14:24:54.404+0000] {logging_mixin.py:188} INFO - [2025-12-27T14:24:54.403+0000] {dag.py:3954} INFO - Setting next_dagrun for example_external_task_marker_parent to None, run_after=None
[2025-12-27T14:24:54.580+0000] {processor.py:183} INFO - Processing /home/airflow/.local/lib/python3.12/site-packages/airflow/example_dags/example_external_task_marker_dag.py took 1.621 seconds
[2025-12-27T14:25:29.844+0000] {processor.py:161} INFO - Started process (PID=1035) to work on /home/airflow/.local/lib/python3.12/site-packages/airflow/example_dags/example_external_task_marker_dag.py
[2025-12-27T14:25:29.862+0000] {processor.py:830} INFO - Processing file /home/airflow/.local/lib/python3.12/site-packages/airflow/example_dags/example_external_task_marker_dag.py for tasks to queue
[2025-12-27T14:25:29.950+0000] {logging_mixin.py:188} INFO - [2025-12-27T14:25:29.901+0000] {dagbag.py:540} INFO - Filling up the DagBag from /home/airflow/.local/lib/python3.12/site-packages/airflow/example_dags/example_external_task_marker_dag.py
[2025-12-27T14:25:30.647+0000] {processor.py:840} INFO - DAG(s) 'example_external_task_marker_parent', 'example_external_task_marker_child' retrieved from /home/airflow/.local/lib/python3.12/site-packages/airflow/example_dags/example_external_task_marker_dag.py
[2025-12-27T14:25:34.604+0000] {logging_mixin.py:188} INFO - [2025-12-27T14:25:34.600+0000] {dag.py:3096} INFO - Sync 2 DAGs
[2025-12-27T14:25:36.745+0000] {logging_mixin.py:188} INFO - [2025-12-27T14:25:36.743+0000] {dag.py:3954} INFO - Setting next_dagrun for example_external_task_marker_child to None, run_after=None
[2025-12-27T14:25:36.779+0000] {logging_mixin.py:188} INFO - [2025-12-27T14:25:36.778+0000] {dag.py:3954} INFO - Setting next_dagrun for example_external_task_marker_parent to None, run_after=None
[2025-12-27T14:25:37.132+0000] {processor.py:183} INFO - Processing /home/airflow/.local/lib/python3.12/site-packages/airflow/example_dags/example_external_task_marker_dag.py took 7.359 seconds
[2025-12-27T14:26:23.272+0000] {processor.py:161} INFO - Started process (PID=1068) to work on /home/airflow/.local/lib/python3.12/site-packages/airflow/example_dags/example_external_task_marker_dag.py
[2025-12-27T14:26:23.275+0000] {processor.py:830} INFO - Processing file /home/airflow/.local/lib/python3.12/site-packages/airflow/example_dags/example_external_task_marker_dag.py for tasks to queue
[2025-12-27T14:26:23.279+0000] {logging_mixin.py:188} INFO - [2025-12-27T14:26:23.277+0000] {dagbag.py:540} INFO - Filling up the DagBag from /home/airflow/.local/lib/python3.12/site-packages/airflow/example_dags/example_external_task_marker_dag.py
[2025-12-27T14:26:23.304+0000] {processor.py:840} INFO - DAG(s) 'example_external_task_marker_parent', 'example_external_task_marker_child' retrieved from /home/airflow/.local/lib/python3.12/site-packages/airflow/example_dags/example_external_task_marker_dag.py
[2025-12-27T14:26:23.401+0000] {logging_mixin.py:188} INFO - [2025-12-27T14:26:23.400+0000] {dag.py:3096} INFO - Sync 2 DAGs
[2025-12-27T14:26:23.458+0000] {logging_mixin.py:188} INFO - [2025-12-27T14:26:23.457+0000] {dag.py:3954} INFO - Setting next_dagrun for example_external_task_marker_child to None, run_after=None
[2025-12-27T14:26:23.476+0000] {logging_mixin.py:188} INFO - [2025-12-27T14:26:23.475+0000] {dag.py:3954} INFO - Setting next_dagrun for example_external_task_marker_parent to None, run_after=None
[2025-12-27T14:26:23.543+0000] {processor.py:183} INFO - Processing /home/airflow/.local/lib/python3.12/site-packages/airflow/example_dags/example_external_task_marker_dag.py took 0.295 seconds
[2025-12-27T14:27:06.811+0000] {processor.py:161} INFO - Started process (PID=1124) to work on /home/airflow/.local/lib/python3.12/site-packages/airflow/example_dags/example_external_task_marker_dag.py
[2025-12-27T14:27:06.817+0000] {processor.py:830} INFO - Processing file /home/airflow/.local/lib/python3.12/site-packages/airflow/example_dags/example_external_task_marker_dag.py for tasks to queue
[2025-12-27T14:27:06.828+0000] {logging_mixin.py:188} INFO - [2025-12-27T14:27:06.820+0000] {dagbag.py:540} INFO - Filling up the DagBag from /home/airflow/.local/lib/python3.12/site-packages/airflow/example_dags/example_external_task_marker_dag.py
[2025-12-27T14:27:06.892+0000] {processor.py:840} INFO - DAG(s) 'example_external_task_marker_child', 'example_external_task_marker_parent' retrieved from /home/airflow/.local/lib/python3.12/site-packages/airflow/example_dags/example_external_task_marker_dag.py
[2025-12-27T14:27:07.118+0000] {logging_mixin.py:188} INFO - [2025-12-27T14:27:07.113+0000] {dag.py:3096} INFO - Sync 2 DAGs
[2025-12-27T14:27:08.597+0000] {logging_mixin.py:188} INFO - [2025-12-27T14:27:08.596+0000] {dag.py:3954} INFO - Setting next_dagrun for example_external_task_marker_child to None, run_after=None
[2025-12-27T14:27:08.663+0000] {logging_mixin.py:188} INFO - [2025-12-27T14:27:08.662+0000] {dag.py:3954} INFO - Setting next_dagrun for example_external_task_marker_parent to None, run_after=None
[2025-12-27T14:27:08.825+0000] {processor.py:183} INFO - Processing /home/airflow/.local/lib/python3.12/site-packages/airflow/example_dags/example_external_task_marker_dag.py took 2.088 seconds
[2025-12-27T14:27:52.818+0000] {processor.py:161} INFO - Started process (PID=1187) to work on /home/airflow/.local/lib/python3.12/site-packages/airflow/example_dags/example_external_task_marker_dag.py
[2025-12-27T14:27:52.823+0000] {processor.py:830} INFO - Processing file /home/airflow/.local/lib/python3.12/site-packages/airflow/example_dags/example_external_task_marker_dag.py for tasks to queue
[2025-12-27T14:27:52.831+0000] {logging_mixin.py:188} INFO - [2025-12-27T14:27:52.829+0000] {dagbag.py:540} INFO - Filling up the DagBag from /home/airflow/.local/lib/python3.12/site-packages/airflow/example_dags/example_external_task_marker_dag.py
[2025-12-27T14:27:52.861+0000] {processor.py:840} INFO - DAG(s) 'example_external_task_marker_child', 'example_external_task_marker_parent' retrieved from /home/airflow/.local/lib/python3.12/site-packages/airflow/example_dags/example_external_task_marker_dag.py
[2025-12-27T14:27:52.978+0000] {logging_mixin.py:188} INFO - [2025-12-27T14:27:52.978+0000] {dag.py:3096} INFO - Sync 2 DAGs
[2025-12-27T14:27:53.056+0000] {logging_mixin.py:188} INFO - [2025-12-27T14:27:53.055+0000] {dag.py:3954} INFO - Setting next_dagrun for example_external_task_marker_child to None, run_after=None
[2025-12-27T14:27:53.081+0000] {logging_mixin.py:188} INFO - [2025-12-27T14:27:53.080+0000] {dag.py:3954} INFO - Setting next_dagrun for example_external_task_marker_parent to None, run_after=None
[2025-12-27T14:27:53.176+0000] {processor.py:183} INFO - Processing /home/airflow/.local/lib/python3.12/site-packages/airflow/example_dags/example_external_task_marker_dag.py took 0.385 seconds
[2025-12-27T14:28:23.584+0000] {processor.py:161} INFO - Started process (PID=1245) to work on /home/airflow/.local/lib/python3.12/site-packages/airflow/example_dags/example_external_task_marker_dag.py
[2025-12-27T14:28:23.588+0000] {processor.py:830} INFO - Processing file /home/airflow/.local/lib/python3.12/site-packages/airflow/example_dags/example_external_task_marker_dag.py for tasks to queue
[2025-12-27T14:28:23.591+0000] {logging_mixin.py:188} INFO - [2025-12-27T14:28:23.590+0000] {dagbag.py:540} INFO - Filling up the DagBag from /home/airflow/.local/lib/python3.12/site-packages/airflow/example_dags/example_external_task_marker_dag.py
[2025-12-27T14:28:23.608+0000] {processor.py:840} INFO - DAG(s) 'example_external_task_marker_parent', 'example_external_task_marker_child' retrieved from /home/airflow/.local/lib/python3.12/site-packages/airflow/example_dags/example_external_task_marker_dag.py
[2025-12-27T14:28:23.671+0000] {logging_mixin.py:188} INFO - [2025-12-27T14:28:23.671+0000] {dag.py:3096} INFO - Sync 2 DAGs
[2025-12-27T14:28:23.712+0000] {logging_mixin.py:188} INFO - [2025-12-27T14:28:23.712+0000] {dag.py:3954} INFO - Setting next_dagrun for example_external_task_marker_child to None, run_after=None
[2025-12-27T14:28:23.722+0000] {logging_mixin.py:188} INFO - [2025-12-27T14:28:23.721+0000] {dag.py:3954} INFO - Setting next_dagrun for example_external_task_marker_parent to None, run_after=None
[2025-12-27T14:28:23.766+0000] {processor.py:183} INFO - Processing /home/airflow/.local/lib/python3.12/site-packages/airflow/example_dags/example_external_task_marker_dag.py took 0.202 seconds
[2025-12-27T14:28:54.079+0000] {processor.py:161} INFO - Started process (PID=1302) to work on /home/airflow/.local/lib/python3.12/site-packages/airflow/example_dags/example_external_task_marker_dag.py
[2025-12-27T14:28:54.083+0000] {processor.py:830} INFO - Processing file /home/airflow/.local/lib/python3.12/site-packages/airflow/example_dags/example_external_task_marker_dag.py for tasks to queue
[2025-12-27T14:28:54.086+0000] {logging_mixin.py:188} INFO - [2025-12-27T14:28:54.085+0000] {dagbag.py:540} INFO - Filling up the DagBag from /home/airflow/.local/lib/python3.12/site-packages/airflow/example_dags/example_external_task_marker_dag.py
[2025-12-27T14:28:54.113+0000] {processor.py:840} INFO - DAG(s) 'example_external_task_marker_child', 'example_external_task_marker_parent' retrieved from /home/airflow/.local/lib/python3.12/site-packages/airflow/example_dags/example_external_task_marker_dag.py
[2025-12-27T14:28:54.244+0000] {logging_mixin.py:188} INFO - [2025-12-27T14:28:54.243+0000] {dag.py:3096} INFO - Sync 2 DAGs
[2025-12-27T14:28:54.443+0000] {logging_mixin.py:188} INFO - [2025-12-27T14:28:54.442+0000] {dag.py:3954} INFO - Setting next_dagrun for example_external_task_marker_child to None, run_after=None
[2025-12-27T14:28:54.492+0000] {logging_mixin.py:188} INFO - [2025-12-27T14:28:54.491+0000] {dag.py:3954} INFO - Setting next_dagrun for example_external_task_marker_parent to None, run_after=None
[2025-12-27T14:28:54.809+0000] {processor.py:183} INFO - Processing /home/airflow/.local/lib/python3.12/site-packages/airflow/example_dags/example_external_task_marker_dag.py took 0.765 seconds
[2025-12-27T14:29:27.832+0000] {processor.py:161} INFO - Started process (PID=1361) to work on /home/airflow/.local/lib/python3.12/site-packages/airflow/example_dags/example_external_task_marker_dag.py
[2025-12-27T14:29:27.847+0000] {processor.py:830} INFO - Processing file /home/airflow/.local/lib/python3.12/site-packages/airflow/example_dags/example_external_task_marker_dag.py for tasks to queue
[2025-12-27T14:29:27.850+0000] {logging_mixin.py:188} INFO - [2025-12-27T14:29:27.849+0000] {dagbag.py:540} INFO - Filling up the DagBag from /home/airflow/.local/lib/python3.12/site-packages/airflow/example_dags/example_external_task_marker_dag.py
[2025-12-27T14:29:27.899+0000] {processor.py:840} INFO - DAG(s) 'example_external_task_marker_parent', 'example_external_task_marker_child' retrieved from /home/airflow/.local/lib/python3.12/site-packages/airflow/example_dags/example_external_task_marker_dag.py
[2025-12-27T14:29:28.059+0000] {logging_mixin.py:188} INFO - [2025-12-27T14:29:28.058+0000] {dag.py:3096} INFO - Sync 2 DAGs
[2025-12-27T14:29:28.218+0000] {logging_mixin.py:188} INFO - [2025-12-27T14:29:28.217+0000] {dag.py:3954} INFO - Setting next_dagrun for example_external_task_marker_child to None, run_after=None
[2025-12-27T14:29:28.259+0000] {logging_mixin.py:188} INFO - [2025-12-27T14:29:28.255+0000] {dag.py:3954} INFO - Setting next_dagrun for example_external_task_marker_parent to None, run_after=None
[2025-12-27T14:29:28.508+0000] {processor.py:183} INFO - Processing /home/airflow/.local/lib/python3.12/site-packages/airflow/example_dags/example_external_task_marker_dag.py took 0.722 seconds
[2025-12-27T14:30:04.104+0000] {processor.py:161} INFO - Started process (PID=1411) to work on /home/airflow/.local/lib/python3.12/site-packages/airflow/example_dags/example_external_task_marker_dag.py
[2025-12-27T14:30:04.144+0000] {processor.py:830} INFO - Processing file /home/airflow/.local/lib/python3.12/site-packages/airflow/example_dags/example_external_task_marker_dag.py for tasks to queue
[2025-12-27T14:30:04.148+0000] {logging_mixin.py:188} INFO - [2025-12-27T14:30:04.147+0000] {dagbag.py:540} INFO - Filling up the DagBag from /home/airflow/.local/lib/python3.12/site-packages/airflow/example_dags/example_external_task_marker_dag.py
[2025-12-27T14:30:04.169+0000] {processor.py:840} INFO - DAG(s) 'example_external_task_marker_child', 'example_external_task_marker_parent' retrieved from /home/airflow/.local/lib/python3.12/site-packages/airflow/example_dags/example_external_task_marker_dag.py
[2025-12-27T14:30:04.241+0000] {logging_mixin.py:188} INFO - [2025-12-27T14:30:04.241+0000] {dag.py:3096} INFO - Sync 2 DAGs
[2025-12-27T14:30:04.327+0000] {logging_mixin.py:188} INFO - [2025-12-27T14:30:04.327+0000] {dag.py:3954} INFO - Setting next_dagrun for example_external_task_marker_child to None, run_after=None
[2025-12-27T14:30:04.345+0000] {logging_mixin.py:188} INFO - [2025-12-27T14:30:04.344+0000] {dag.py:3954} INFO - Setting next_dagrun for example_external_task_marker_parent to None, run_after=None
[2025-12-27T14:30:04.715+0000] {processor.py:183} INFO - Processing /home/airflow/.local/lib/python3.12/site-packages/airflow/example_dags/example_external_task_marker_dag.py took 0.629 seconds
[2025-12-27T14:30:35.142+0000] {processor.py:161} INFO - Started process (PID=1468) to work on /home/airflow/.local/lib/python3.12/site-packages/airflow/example_dags/example_external_task_marker_dag.py
[2025-12-27T14:30:35.145+0000] {processor.py:830} INFO - Processing file /home/airflow/.local/lib/python3.12/site-packages/airflow/example_dags/example_external_task_marker_dag.py for tasks to queue
[2025-12-27T14:30:35.148+0000] {logging_mixin.py:188} INFO - [2025-12-27T14:30:35.147+0000] {dagbag.py:540} INFO - Filling up the DagBag from /home/airflow/.local/lib/python3.12/site-packages/airflow/example_dags/example_external_task_marker_dag.py
[2025-12-27T14:30:35.163+0000] {processor.py:840} INFO - DAG(s) 'example_external_task_marker_parent', 'example_external_task_marker_child' retrieved from /home/airflow/.local/lib/python3.12/site-packages/airflow/example_dags/example_external_task_marker_dag.py
[2025-12-27T14:30:35.229+0000] {logging_mixin.py:188} INFO - [2025-12-27T14:30:35.228+0000] {dag.py:3096} INFO - Sync 2 DAGs
[2025-12-27T14:30:35.265+0000] {logging_mixin.py:188} INFO - [2025-12-27T14:30:35.264+0000] {dag.py:3954} INFO - Setting next_dagrun for example_external_task_marker_child to None, run_after=None
[2025-12-27T14:30:35.274+0000] {logging_mixin.py:188} INFO - [2025-12-27T14:30:35.274+0000] {dag.py:3954} INFO - Setting next_dagrun for example_external_task_marker_parent to None, run_after=None
[2025-12-27T14:30:35.322+0000] {processor.py:183} INFO - Processing /home/airflow/.local/lib/python3.12/site-packages/airflow/example_dags/example_external_task_marker_dag.py took 0.197 seconds
[2025-12-27T14:31:05.718+0000] {processor.py:161} INFO - Started process (PID=1526) to work on /home/airflow/.local/lib/python3.12/site-packages/airflow/example_dags/example_external_task_marker_dag.py
[2025-12-27T14:31:05.721+0000] {processor.py:830} INFO - Processing file /home/airflow/.local/lib/python3.12/site-packages/airflow/example_dags/example_external_task_marker_dag.py for tasks to queue
[2025-12-27T14:31:05.723+0000] {logging_mixin.py:188} INFO - [2025-12-27T14:31:05.723+0000] {dagbag.py:540} INFO - Filling up the DagBag from /home/airflow/.local/lib/python3.12/site-packages/airflow/example_dags/example_external_task_marker_dag.py
[2025-12-27T14:31:05.739+0000] {processor.py:840} INFO - DAG(s) 'example_external_task_marker_parent', 'example_external_task_marker_child' retrieved from /home/airflow/.local/lib/python3.12/site-packages/airflow/example_dags/example_external_task_marker_dag.py
[2025-12-27T14:31:05.801+0000] {logging_mixin.py:188} INFO - [2025-12-27T14:31:05.801+0000] {dag.py:3096} INFO - Sync 2 DAGs
[2025-12-27T14:31:05.833+0000] {logging_mixin.py:188} INFO - [2025-12-27T14:31:05.833+0000] {dag.py:3954} INFO - Setting next_dagrun for example_external_task_marker_child to None, run_after=None
[2025-12-27T14:31:05.844+0000] {logging_mixin.py:188} INFO - [2025-12-27T14:31:05.843+0000] {dag.py:3954} INFO - Setting next_dagrun for example_external_task_marker_parent to None, run_after=None
[2025-12-27T14:31:05.893+0000] {processor.py:183} INFO - Processing /home/airflow/.local/lib/python3.12/site-packages/airflow/example_dags/example_external_task_marker_dag.py took 0.191 seconds
[2025-12-27T14:31:36.276+0000] {processor.py:161} INFO - Started process (PID=1584) to work on /home/airflow/.local/lib/python3.12/site-packages/airflow/example_dags/example_external_task_marker_dag.py
[2025-12-27T14:31:36.280+0000] {processor.py:830} INFO - Processing file /home/airflow/.local/lib/python3.12/site-packages/airflow/example_dags/example_external_task_marker_dag.py for tasks to queue
[2025-12-27T14:31:36.285+0000] {logging_mixin.py:188} INFO - [2025-12-27T14:31:36.284+0000] {dagbag.py:540} INFO - Filling up the DagBag from /home/airflow/.local/lib/python3.12/site-packages/airflow/example_dags/example_external_task_marker_dag.py
[2025-12-27T14:31:36.313+0000] {processor.py:840} INFO - DAG(s) 'example_external_task_marker_parent', 'example_external_task_marker_child' retrieved from /home/airflow/.local/lib/python3.12/site-packages/airflow/example_dags/example_external_task_marker_dag.py
[2025-12-27T14:31:36.409+0000] {logging_mixin.py:188} INFO - [2025-12-27T14:31:36.408+0000] {dag.py:3096} INFO - Sync 2 DAGs
[2025-12-27T14:31:36.467+0000] {logging_mixin.py:188} INFO - [2025-12-27T14:31:36.467+0000] {dag.py:3954} INFO - Setting next_dagrun for example_external_task_marker_child to None, run_after=None
[2025-12-27T14:31:36.482+0000] {logging_mixin.py:188} INFO - [2025-12-27T14:31:36.481+0000] {dag.py:3954} INFO - Setting next_dagrun for example_external_task_marker_parent to None, run_after=None
[2025-12-27T14:31:36.559+0000] {processor.py:183} INFO - Processing /home/airflow/.local/lib/python3.12/site-packages/airflow/example_dags/example_external_task_marker_dag.py took 0.310 seconds
[2025-12-27T14:32:06.998+0000] {processor.py:161} INFO - Started process (PID=1642) to work on /home/airflow/.local/lib/python3.12/site-packages/airflow/example_dags/example_external_task_marker_dag.py
[2025-12-27T14:32:07.001+0000] {processor.py:830} INFO - Processing file /home/airflow/.local/lib/python3.12/site-packages/airflow/example_dags/example_external_task_marker_dag.py for tasks to queue
[2025-12-27T14:32:07.004+0000] {logging_mixin.py:188} INFO - [2025-12-27T14:32:07.003+0000] {dagbag.py:540} INFO - Filling up the DagBag from /home/airflow/.local/lib/python3.12/site-packages/airflow/example_dags/example_external_task_marker_dag.py
[2025-12-27T14:32:07.022+0000] {processor.py:840} INFO - DAG(s) 'example_external_task_marker_parent', 'example_external_task_marker_child' retrieved from /home/airflow/.local/lib/python3.12/site-packages/airflow/example_dags/example_external_task_marker_dag.py
[2025-12-27T14:32:07.107+0000] {logging_mixin.py:188} INFO - [2025-12-27T14:32:07.107+0000] {dag.py:3096} INFO - Sync 2 DAGs
[2025-12-27T14:32:07.152+0000] {logging_mixin.py:188} INFO - [2025-12-27T14:32:07.152+0000] {dag.py:3954} INFO - Setting next_dagrun for example_external_task_marker_child to None, run_after=None
[2025-12-27T14:32:07.162+0000] {logging_mixin.py:188} INFO - [2025-12-27T14:32:07.162+0000] {dag.py:3954} INFO - Setting next_dagrun for example_external_task_marker_parent to None, run_after=None
[2025-12-27T14:32:07.249+0000] {processor.py:183} INFO - Processing /home/airflow/.local/lib/python3.12/site-packages/airflow/example_dags/example_external_task_marker_dag.py took 0.271 seconds
[2025-12-27T14:32:37.782+0000] {processor.py:161} INFO - Started process (PID=1700) to work on /home/airflow/.local/lib/python3.12/site-packages/airflow/example_dags/example_external_task_marker_dag.py
[2025-12-27T14:32:37.785+0000] {processor.py:830} INFO - Processing file /home/airflow/.local/lib/python3.12/site-packages/airflow/example_dags/example_external_task_marker_dag.py for tasks to queue
[2025-12-27T14:32:37.789+0000] {logging_mixin.py:188} INFO - [2025-12-27T14:32:37.788+0000] {dagbag.py:540} INFO - Filling up the DagBag from /home/airflow/.local/lib/python3.12/site-packages/airflow/example_dags/example_external_task_marker_dag.py
[2025-12-27T14:32:37.809+0000] {processor.py:840} INFO - DAG(s) 'example_external_task_marker_child', 'example_external_task_marker_parent' retrieved from /home/airflow/.local/lib/python3.12/site-packages/airflow/example_dags/example_external_task_marker_dag.py
[2025-12-27T14:32:37.905+0000] {logging_mixin.py:188} INFO - [2025-12-27T14:32:37.905+0000] {dag.py:3096} INFO - Sync 2 DAGs
[2025-12-27T14:32:37.981+0000] {logging_mixin.py:188} INFO - [2025-12-27T14:32:37.980+0000] {dag.py:3954} INFO - Setting next_dagrun for example_external_task_marker_child to None, run_after=None
[2025-12-27T14:32:37.996+0000] {logging_mixin.py:188} INFO - [2025-12-27T14:32:37.996+0000] {dag.py:3954} INFO - Setting next_dagrun for example_external_task_marker_parent to None, run_after=None
[2025-12-27T14:32:38.059+0000] {processor.py:183} INFO - Processing /home/airflow/.local/lib/python3.12/site-packages/airflow/example_dags/example_external_task_marker_dag.py took 0.299 seconds
[2025-12-27T14:33:08.441+0000] {processor.py:161} INFO - Started process (PID=1759) to work on /home/airflow/.local/lib/python3.12/site-packages/airflow/example_dags/example_external_task_marker_dag.py
[2025-12-27T14:33:08.444+0000] {processor.py:830} INFO - Processing file /home/airflow/.local/lib/python3.12/site-packages/airflow/example_dags/example_external_task_marker_dag.py for tasks to queue
[2025-12-27T14:33:08.447+0000] {logging_mixin.py:188} INFO - [2025-12-27T14:33:08.446+0000] {dagbag.py:540} INFO - Filling up the DagBag from /home/airflow/.local/lib/python3.12/site-packages/airflow/example_dags/example_external_task_marker_dag.py
[2025-12-27T14:33:08.463+0000] {processor.py:840} INFO - DAG(s) 'example_external_task_marker_child', 'example_external_task_marker_parent' retrieved from /home/airflow/.local/lib/python3.12/site-packages/airflow/example_dags/example_external_task_marker_dag.py
[2025-12-27T14:33:08.527+0000] {logging_mixin.py:188} INFO - [2025-12-27T14:33:08.527+0000] {dag.py:3096} INFO - Sync 2 DAGs
[2025-12-27T14:33:08.570+0000] {logging_mixin.py:188} INFO - [2025-12-27T14:33:08.570+0000] {dag.py:3954} INFO - Setting next_dagrun for example_external_task_marker_child to None, run_after=None
[2025-12-27T14:33:08.580+0000] {logging_mixin.py:188} INFO - [2025-12-27T14:33:08.580+0000] {dag.py:3954} INFO - Setting next_dagrun for example_external_task_marker_parent to None, run_after=None
[2025-12-27T14:33:08.630+0000] {processor.py:183} INFO - Processing /home/airflow/.local/lib/python3.12/site-packages/airflow/example_dags/example_external_task_marker_dag.py took 0.206 seconds
[2025-12-27T14:33:38.977+0000] {processor.py:161} INFO - Started process (PID=1817) to work on /home/airflow/.local/lib/python3.12/site-packages/airflow/example_dags/example_external_task_marker_dag.py
[2025-12-27T14:33:38.980+0000] {processor.py:830} INFO - Processing file /home/airflow/.local/lib/python3.12/site-packages/airflow/example_dags/example_external_task_marker_dag.py for tasks to queue
[2025-12-27T14:33:38.982+0000] {logging_mixin.py:188} INFO - [2025-12-27T14:33:38.981+0000] {dagbag.py:540} INFO - Filling up the DagBag from /home/airflow/.local/lib/python3.12/site-packages/airflow/example_dags/example_external_task_marker_dag.py
[2025-12-27T14:33:39.002+0000] {processor.py:840} INFO - DAG(s) 'example_external_task_marker_child', 'example_external_task_marker_parent' retrieved from /home/airflow/.local/lib/python3.12/site-packages/airflow/example_dags/example_external_task_marker_dag.py
[2025-12-27T14:33:39.094+0000] {logging_mixin.py:188} INFO - [2025-12-27T14:33:39.093+0000] {dag.py:3096} INFO - Sync 2 DAGs
[2025-12-27T14:33:39.135+0000] {logging_mixin.py:188} INFO - [2025-12-27T14:33:39.134+0000] {dag.py:3954} INFO - Setting next_dagrun for example_external_task_marker_child to None, run_after=None
[2025-12-27T14:33:39.145+0000] {logging_mixin.py:188} INFO - [2025-12-27T14:33:39.144+0000] {dag.py:3954} INFO - Setting next_dagrun for example_external_task_marker_parent to None, run_after=None
[2025-12-27T14:33:39.191+0000] {processor.py:183} INFO - Processing /home/airflow/.local/lib/python3.12/site-packages/airflow/example_dags/example_external_task_marker_dag.py took 0.235 seconds
[2025-12-27T14:34:09.597+0000] {processor.py:161} INFO - Started process (PID=1875) to work on /home/airflow/.local/lib/python3.12/site-packages/airflow/example_dags/example_external_task_marker_dag.py
[2025-12-27T14:34:09.599+0000] {processor.py:830} INFO - Processing file /home/airflow/.local/lib/python3.12/site-packages/airflow/example_dags/example_external_task_marker_dag.py for tasks to queue
[2025-12-27T14:34:09.602+0000] {logging_mixin.py:188} INFO - [2025-12-27T14:34:09.601+0000] {dagbag.py:540} INFO - Filling up the DagBag from /home/airflow/.local/lib/python3.12/site-packages/airflow/example_dags/example_external_task_marker_dag.py
[2025-12-27T14:34:09.623+0000] {processor.py:840} INFO - DAG(s) 'example_external_task_marker_parent', 'example_external_task_marker_child' retrieved from /home/airflow/.local/lib/python3.12/site-packages/airflow/example_dags/example_external_task_marker_dag.py
[2025-12-27T14:34:09.687+0000] {logging_mixin.py:188} INFO - [2025-12-27T14:34:09.687+0000] {dag.py:3096} INFO - Sync 2 DAGs
[2025-12-27T14:34:09.719+0000] {logging_mixin.py:188} INFO - [2025-12-27T14:34:09.719+0000] {dag.py:3954} INFO - Setting next_dagrun for example_external_task_marker_child to None, run_after=None
[2025-12-27T14:34:09.729+0000] {logging_mixin.py:188} INFO - [2025-12-27T14:34:09.728+0000] {dag.py:3954} INFO - Setting next_dagrun for example_external_task_marker_parent to None, run_after=None
[2025-12-27T14:34:09.776+0000] {processor.py:183} INFO - Processing /home/airflow/.local/lib/python3.12/site-packages/airflow/example_dags/example_external_task_marker_dag.py took 0.197 seconds
[2025-12-27T14:34:40.558+0000] {processor.py:161} INFO - Started process (PID=1933) to work on /home/airflow/.local/lib/python3.12/site-packages/airflow/example_dags/example_external_task_marker_dag.py
[2025-12-27T14:34:40.564+0000] {processor.py:830} INFO - Processing file /home/airflow/.local/lib/python3.12/site-packages/airflow/example_dags/example_external_task_marker_dag.py for tasks to queue
[2025-12-27T14:34:40.569+0000] {logging_mixin.py:188} INFO - [2025-12-27T14:34:40.567+0000] {dagbag.py:540} INFO - Filling up the DagBag from /home/airflow/.local/lib/python3.12/site-packages/airflow/example_dags/example_external_task_marker_dag.py
[2025-12-27T14:34:40.599+0000] {processor.py:840} INFO - DAG(s) 'example_external_task_marker_parent', 'example_external_task_marker_child' retrieved from /home/airflow/.local/lib/python3.12/site-packages/airflow/example_dags/example_external_task_marker_dag.py
[2025-12-27T14:34:40.732+0000] {logging_mixin.py:188} INFO - [2025-12-27T14:34:40.731+0000] {dag.py:3096} INFO - Sync 2 DAGs
[2025-12-27T14:34:40.821+0000] {logging_mixin.py:188} INFO - [2025-12-27T14:34:40.820+0000] {dag.py:3954} INFO - Setting next_dagrun for example_external_task_marker_child to None, run_after=None
[2025-12-27T14:34:40.839+0000] {logging_mixin.py:188} INFO - [2025-12-27T14:34:40.838+0000] {dag.py:3954} INFO - Setting next_dagrun for example_external_task_marker_parent to None, run_after=None
[2025-12-27T14:34:40.933+0000] {processor.py:183} INFO - Processing /home/airflow/.local/lib/python3.12/site-packages/airflow/example_dags/example_external_task_marker_dag.py took 0.404 seconds
[2025-12-27T14:35:11.083+0000] {processor.py:161} INFO - Started process (PID=1991) to work on /home/airflow/.local/lib/python3.12/site-packages/airflow/example_dags/example_external_task_marker_dag.py
[2025-12-27T14:35:11.087+0000] {processor.py:830} INFO - Processing file /home/airflow/.local/lib/python3.12/site-packages/airflow/example_dags/example_external_task_marker_dag.py for tasks to queue
[2025-12-27T14:35:11.089+0000] {logging_mixin.py:188} INFO - [2025-12-27T14:35:11.088+0000] {dagbag.py:540} INFO - Filling up the DagBag from /home/airflow/.local/lib/python3.12/site-packages/airflow/example_dags/example_external_task_marker_dag.py
[2025-12-27T14:35:11.111+0000] {processor.py:840} INFO - DAG(s) 'example_external_task_marker_child', 'example_external_task_marker_parent' retrieved from /home/airflow/.local/lib/python3.12/site-packages/airflow/example_dags/example_external_task_marker_dag.py
[2025-12-27T14:35:11.182+0000] {logging_mixin.py:188} INFO - [2025-12-27T14:35:11.181+0000] {dag.py:3096} INFO - Sync 2 DAGs
[2025-12-27T14:35:11.223+0000] {logging_mixin.py:188} INFO - [2025-12-27T14:35:11.222+0000] {dag.py:3954} INFO - Setting next_dagrun for example_external_task_marker_child to None, run_after=None
[2025-12-27T14:35:11.241+0000] {logging_mixin.py:188} INFO - [2025-12-27T14:35:11.240+0000] {dag.py:3954} INFO - Setting next_dagrun for example_external_task_marker_parent to None, run_after=None
[2025-12-27T14:35:11.291+0000] {processor.py:183} INFO - Processing /home/airflow/.local/lib/python3.12/site-packages/airflow/example_dags/example_external_task_marker_dag.py took 0.232 seconds
[2025-12-27T14:35:42.075+0000] {processor.py:161} INFO - Started process (PID=2049) to work on /home/airflow/.local/lib/python3.12/site-packages/airflow/example_dags/example_external_task_marker_dag.py
[2025-12-27T14:35:42.078+0000] {processor.py:830} INFO - Processing file /home/airflow/.local/lib/python3.12/site-packages/airflow/example_dags/example_external_task_marker_dag.py for tasks to queue
[2025-12-27T14:35:42.081+0000] {logging_mixin.py:188} INFO - [2025-12-27T14:35:42.080+0000] {dagbag.py:540} INFO - Filling up the DagBag from /home/airflow/.local/lib/python3.12/site-packages/airflow/example_dags/example_external_task_marker_dag.py
[2025-12-27T14:35:42.101+0000] {processor.py:840} INFO - DAG(s) 'example_external_task_marker_child', 'example_external_task_marker_parent' retrieved from /home/airflow/.local/lib/python3.12/site-packages/airflow/example_dags/example_external_task_marker_dag.py
[2025-12-27T14:35:42.173+0000] {logging_mixin.py:188} INFO - [2025-12-27T14:35:42.173+0000] {dag.py:3096} INFO - Sync 2 DAGs
[2025-12-27T14:35:42.212+0000] {logging_mixin.py:188} INFO - [2025-12-27T14:35:42.211+0000] {dag.py:3954} INFO - Setting next_dagrun for example_external_task_marker_child to None, run_after=None
[2025-12-27T14:35:42.223+0000] {logging_mixin.py:188} INFO - [2025-12-27T14:35:42.222+0000] {dag.py:3954} INFO - Setting next_dagrun for example_external_task_marker_parent to None, run_after=None
[2025-12-27T14:35:42.277+0000] {processor.py:183} INFO - Processing /home/airflow/.local/lib/python3.12/site-packages/airflow/example_dags/example_external_task_marker_dag.py took 0.220 seconds
[2025-12-27T14:36:27.544+0000] {processor.py:161} INFO - Started process (PID=2114) to work on /home/airflow/.local/lib/python3.12/site-packages/airflow/example_dags/example_external_task_marker_dag.py
[2025-12-27T14:36:27.549+0000] {processor.py:830} INFO - Processing file /home/airflow/.local/lib/python3.12/site-packages/airflow/example_dags/example_external_task_marker_dag.py for tasks to queue
[2025-12-27T14:36:27.553+0000] {logging_mixin.py:188} INFO - [2025-12-27T14:36:27.552+0000] {dagbag.py:540} INFO - Filling up the DagBag from /home/airflow/.local/lib/python3.12/site-packages/airflow/example_dags/example_external_task_marker_dag.py
[2025-12-27T14:36:27.595+0000] {processor.py:840} INFO - DAG(s) 'example_external_task_marker_parent', 'example_external_task_marker_child' retrieved from /home/airflow/.local/lib/python3.12/site-packages/airflow/example_dags/example_external_task_marker_dag.py
[2025-12-27T14:36:27.783+0000] {logging_mixin.py:188} INFO - [2025-12-27T14:36:27.781+0000] {dag.py:3096} INFO - Sync 2 DAGs
[2025-12-27T14:36:27.891+0000] {logging_mixin.py:188} INFO - [2025-12-27T14:36:27.890+0000] {dag.py:3954} INFO - Setting next_dagrun for example_external_task_marker_child to None, run_after=None
[2025-12-27T14:36:27.929+0000] {logging_mixin.py:188} INFO - [2025-12-27T14:36:27.928+0000] {dag.py:3954} INFO - Setting next_dagrun for example_external_task_marker_parent to None, run_after=None
[2025-12-27T14:36:28.092+0000] {processor.py:183} INFO - Processing /home/airflow/.local/lib/python3.12/site-packages/airflow/example_dags/example_external_task_marker_dag.py took 0.576 seconds
[2025-12-27T14:36:59.008+0000] {processor.py:161} INFO - Started process (PID=2171) to work on /home/airflow/.local/lib/python3.12/site-packages/airflow/example_dags/example_external_task_marker_dag.py
[2025-12-27T14:36:59.011+0000] {processor.py:830} INFO - Processing file /home/airflow/.local/lib/python3.12/site-packages/airflow/example_dags/example_external_task_marker_dag.py for tasks to queue
[2025-12-27T14:36:59.014+0000] {logging_mixin.py:188} INFO - [2025-12-27T14:36:59.013+0000] {dagbag.py:540} INFO - Filling up the DagBag from /home/airflow/.local/lib/python3.12/site-packages/airflow/example_dags/example_external_task_marker_dag.py
[2025-12-27T14:36:59.037+0000] {processor.py:840} INFO - DAG(s) 'example_external_task_marker_parent', 'example_external_task_marker_child' retrieved from /home/airflow/.local/lib/python3.12/site-packages/airflow/example_dags/example_external_task_marker_dag.py
[2025-12-27T14:36:59.134+0000] {logging_mixin.py:188} INFO - [2025-12-27T14:36:59.133+0000] {dag.py:3096} INFO - Sync 2 DAGs
[2025-12-27T14:36:59.176+0000] {logging_mixin.py:188} INFO - [2025-12-27T14:36:59.175+0000] {dag.py:3954} INFO - Setting next_dagrun for example_external_task_marker_child to None, run_after=None
[2025-12-27T14:36:59.190+0000] {logging_mixin.py:188} INFO - [2025-12-27T14:36:59.189+0000] {dag.py:3954} INFO - Setting next_dagrun for example_external_task_marker_parent to None, run_after=None
[2025-12-27T14:36:59.257+0000] {processor.py:183} INFO - Processing /home/airflow/.local/lib/python3.12/site-packages/airflow/example_dags/example_external_task_marker_dag.py took 0.268 seconds
[2025-12-27T14:37:30.965+0000] {processor.py:161} INFO - Started process (PID=2230) to work on /home/airflow/.local/lib/python3.12/site-packages/airflow/example_dags/example_external_task_marker_dag.py
[2025-12-27T14:37:30.969+0000] {processor.py:830} INFO - Processing file /home/airflow/.local/lib/python3.12/site-packages/airflow/example_dags/example_external_task_marker_dag.py for tasks to queue
[2025-12-27T14:37:30.974+0000] {logging_mixin.py:188} INFO - [2025-12-27T14:37:30.972+0000] {dagbag.py:540} INFO - Filling up the DagBag from /home/airflow/.local/lib/python3.12/site-packages/airflow/example_dags/example_external_task_marker_dag.py
[2025-12-27T14:37:31.022+0000] {processor.py:840} INFO - DAG(s) 'example_external_task_marker_child', 'example_external_task_marker_parent' retrieved from /home/airflow/.local/lib/python3.12/site-packages/airflow/example_dags/example_external_task_marker_dag.py
[2025-12-27T14:37:31.160+0000] {logging_mixin.py:188} INFO - [2025-12-27T14:37:31.159+0000] {dag.py:3096} INFO - Sync 2 DAGs
[2025-12-27T14:37:31.232+0000] {logging_mixin.py:188} INFO - [2025-12-27T14:37:31.231+0000] {dag.py:3954} INFO - Setting next_dagrun for example_external_task_marker_child to None, run_after=None
[2025-12-27T14:37:31.266+0000] {logging_mixin.py:188} INFO - [2025-12-27T14:37:31.265+0000] {dag.py:3954} INFO - Setting next_dagrun for example_external_task_marker_parent to None, run_after=None
[2025-12-27T14:37:31.385+0000] {processor.py:183} INFO - Processing /home/airflow/.local/lib/python3.12/site-packages/airflow/example_dags/example_external_task_marker_dag.py took 0.449 seconds
[2025-12-27T14:38:02.125+0000] {processor.py:161} INFO - Started process (PID=2287) to work on /home/airflow/.local/lib/python3.12/site-packages/airflow/example_dags/example_external_task_marker_dag.py
[2025-12-27T14:38:02.129+0000] {processor.py:830} INFO - Processing file /home/airflow/.local/lib/python3.12/site-packages/airflow/example_dags/example_external_task_marker_dag.py for tasks to queue
[2025-12-27T14:38:02.132+0000] {logging_mixin.py:188} INFO - [2025-12-27T14:38:02.131+0000] {dagbag.py:540} INFO - Filling up the DagBag from /home/airflow/.local/lib/python3.12/site-packages/airflow/example_dags/example_external_task_marker_dag.py
[2025-12-27T14:38:02.155+0000] {processor.py:840} INFO - DAG(s) 'example_external_task_marker_child', 'example_external_task_marker_parent' retrieved from /home/airflow/.local/lib/python3.12/site-packages/airflow/example_dags/example_external_task_marker_dag.py
[2025-12-27T14:38:02.244+0000] {logging_mixin.py:188} INFO - [2025-12-27T14:38:02.243+0000] {dag.py:3096} INFO - Sync 2 DAGs
[2025-12-27T14:38:02.290+0000] {logging_mixin.py:188} INFO - [2025-12-27T14:38:02.290+0000] {dag.py:3954} INFO - Setting next_dagrun for example_external_task_marker_child to None, run_after=None
[2025-12-27T14:38:02.301+0000] {logging_mixin.py:188} INFO - [2025-12-27T14:38:02.301+0000] {dag.py:3954} INFO - Setting next_dagrun for example_external_task_marker_parent to None, run_after=None
[2025-12-27T14:38:02.354+0000] {processor.py:183} INFO - Processing /home/airflow/.local/lib/python3.12/site-packages/airflow/example_dags/example_external_task_marker_dag.py took 0.253 seconds
[2025-12-27T14:38:33.345+0000] {processor.py:161} INFO - Started process (PID=2345) to work on /home/airflow/.local/lib/python3.12/site-packages/airflow/example_dags/example_external_task_marker_dag.py
[2025-12-27T14:38:33.349+0000] {processor.py:830} INFO - Processing file /home/airflow/.local/lib/python3.12/site-packages/airflow/example_dags/example_external_task_marker_dag.py for tasks to queue
[2025-12-27T14:38:33.354+0000] {logging_mixin.py:188} INFO - [2025-12-27T14:38:33.352+0000] {dagbag.py:540} INFO - Filling up the DagBag from /home/airflow/.local/lib/python3.12/site-packages/airflow/example_dags/example_external_task_marker_dag.py
[2025-12-27T14:38:33.389+0000] {processor.py:840} INFO - DAG(s) 'example_external_task_marker_child', 'example_external_task_marker_parent' retrieved from /home/airflow/.local/lib/python3.12/site-packages/airflow/example_dags/example_external_task_marker_dag.py
[2025-12-27T14:38:33.504+0000] {logging_mixin.py:188} INFO - [2025-12-27T14:38:33.503+0000] {dag.py:3096} INFO - Sync 2 DAGs
[2025-12-27T14:38:33.584+0000] {logging_mixin.py:188} INFO - [2025-12-27T14:38:33.583+0000] {dag.py:3954} INFO - Setting next_dagrun for example_external_task_marker_child to None, run_after=None
[2025-12-27T14:38:33.629+0000] {logging_mixin.py:188} INFO - [2025-12-27T14:38:33.619+0000] {dag.py:3954} INFO - Setting next_dagrun for example_external_task_marker_parent to None, run_after=None
[2025-12-27T14:38:33.729+0000] {processor.py:183} INFO - Processing /home/airflow/.local/lib/python3.12/site-packages/airflow/example_dags/example_external_task_marker_dag.py took 0.418 seconds
[2025-12-27T14:39:04.159+0000] {processor.py:161} INFO - Started process (PID=2403) to work on /home/airflow/.local/lib/python3.12/site-packages/airflow/example_dags/example_external_task_marker_dag.py
[2025-12-27T14:39:04.163+0000] {processor.py:830} INFO - Processing file /home/airflow/.local/lib/python3.12/site-packages/airflow/example_dags/example_external_task_marker_dag.py for tasks to queue
[2025-12-27T14:39:04.166+0000] {logging_mixin.py:188} INFO - [2025-12-27T14:39:04.165+0000] {dagbag.py:540} INFO - Filling up the DagBag from /home/airflow/.local/lib/python3.12/site-packages/airflow/example_dags/example_external_task_marker_dag.py
[2025-12-27T14:39:04.192+0000] {processor.py:840} INFO - DAG(s) 'example_external_task_marker_child', 'example_external_task_marker_parent' retrieved from /home/airflow/.local/lib/python3.12/site-packages/airflow/example_dags/example_external_task_marker_dag.py
[2025-12-27T14:39:04.286+0000] {logging_mixin.py:188} INFO - [2025-12-27T14:39:04.285+0000] {dag.py:3096} INFO - Sync 2 DAGs
[2025-12-27T14:39:04.330+0000] {logging_mixin.py:188} INFO - [2025-12-27T14:39:04.330+0000] {dag.py:3954} INFO - Setting next_dagrun for example_external_task_marker_child to None, run_after=None
[2025-12-27T14:39:04.347+0000] {logging_mixin.py:188} INFO - [2025-12-27T14:39:04.345+0000] {dag.py:3954} INFO - Setting next_dagrun for example_external_task_marker_parent to None, run_after=None
[2025-12-27T14:39:04.408+0000] {processor.py:183} INFO - Processing /home/airflow/.local/lib/python3.12/site-packages/airflow/example_dags/example_external_task_marker_dag.py took 0.270 seconds
[2025-12-27T14:39:35.182+0000] {processor.py:161} INFO - Started process (PID=2461) to work on /home/airflow/.local/lib/python3.12/site-packages/airflow/example_dags/example_external_task_marker_dag.py
[2025-12-27T14:39:35.196+0000] {processor.py:830} INFO - Processing file /home/airflow/.local/lib/python3.12/site-packages/airflow/example_dags/example_external_task_marker_dag.py for tasks to queue
[2025-12-27T14:39:35.202+0000] {logging_mixin.py:188} INFO - [2025-12-27T14:39:35.200+0000] {dagbag.py:540} INFO - Filling up the DagBag from /home/airflow/.local/lib/python3.12/site-packages/airflow/example_dags/example_external_task_marker_dag.py
[2025-12-27T14:39:35.286+0000] {processor.py:840} INFO - DAG(s) 'example_external_task_marker_child', 'example_external_task_marker_parent' retrieved from /home/airflow/.local/lib/python3.12/site-packages/airflow/example_dags/example_external_task_marker_dag.py
[2025-12-27T14:39:35.461+0000] {logging_mixin.py:188} INFO - [2025-12-27T14:39:35.460+0000] {dag.py:3096} INFO - Sync 2 DAGs
[2025-12-27T14:39:35.580+0000] {logging_mixin.py:188} INFO - [2025-12-27T14:39:35.579+0000] {dag.py:3954} INFO - Setting next_dagrun for example_external_task_marker_child to None, run_after=None
[2025-12-27T14:39:35.627+0000] {logging_mixin.py:188} INFO - [2025-12-27T14:39:35.626+0000] {dag.py:3954} INFO - Setting next_dagrun for example_external_task_marker_parent to None, run_after=None
[2025-12-27T14:39:35.716+0000] {processor.py:183} INFO - Processing /home/airflow/.local/lib/python3.12/site-packages/airflow/example_dags/example_external_task_marker_dag.py took 0.586 seconds
[2025-12-27T14:40:05.892+0000] {processor.py:161} INFO - Started process (PID=2518) to work on /home/airflow/.local/lib/python3.12/site-packages/airflow/example_dags/example_external_task_marker_dag.py
[2025-12-27T14:40:05.896+0000] {processor.py:830} INFO - Processing file /home/airflow/.local/lib/python3.12/site-packages/airflow/example_dags/example_external_task_marker_dag.py for tasks to queue
[2025-12-27T14:40:05.899+0000] {logging_mixin.py:188} INFO - [2025-12-27T14:40:05.898+0000] {dagbag.py:540} INFO - Filling up the DagBag from /home/airflow/.local/lib/python3.12/site-packages/airflow/example_dags/example_external_task_marker_dag.py
[2025-12-27T14:40:05.923+0000] {processor.py:840} INFO - DAG(s) 'example_external_task_marker_child', 'example_external_task_marker_parent' retrieved from /home/airflow/.local/lib/python3.12/site-packages/airflow/example_dags/example_external_task_marker_dag.py
[2025-12-27T14:40:06.009+0000] {logging_mixin.py:188} INFO - [2025-12-27T14:40:06.009+0000] {dag.py:3096} INFO - Sync 2 DAGs
[2025-12-27T14:40:06.059+0000] {logging_mixin.py:188} INFO - [2025-12-27T14:40:06.059+0000] {dag.py:3954} INFO - Setting next_dagrun for example_external_task_marker_child to None, run_after=None
[2025-12-27T14:40:06.072+0000] {logging_mixin.py:188} INFO - [2025-12-27T14:40:06.072+0000] {dag.py:3954} INFO - Setting next_dagrun for example_external_task_marker_parent to None, run_after=None
[2025-12-27T14:40:06.131+0000] {processor.py:183} INFO - Processing /home/airflow/.local/lib/python3.12/site-packages/airflow/example_dags/example_external_task_marker_dag.py took 0.263 seconds
[2025-12-27T14:40:36.266+0000] {processor.py:161} INFO - Started process (PID=2576) to work on /home/airflow/.local/lib/python3.12/site-packages/airflow/example_dags/example_external_task_marker_dag.py
[2025-12-27T14:40:36.269+0000] {processor.py:830} INFO - Processing file /home/airflow/.local/lib/python3.12/site-packages/airflow/example_dags/example_external_task_marker_dag.py for tasks to queue
[2025-12-27T14:40:36.271+0000] {logging_mixin.py:188} INFO - [2025-12-27T14:40:36.270+0000] {dagbag.py:540} INFO - Filling up the DagBag from /home/airflow/.local/lib/python3.12/site-packages/airflow/example_dags/example_external_task_marker_dag.py
[2025-12-27T14:40:36.289+0000] {processor.py:840} INFO - DAG(s) 'example_external_task_marker_child', 'example_external_task_marker_parent' retrieved from /home/airflow/.local/lib/python3.12/site-packages/airflow/example_dags/example_external_task_marker_dag.py
[2025-12-27T14:40:36.355+0000] {logging_mixin.py:188} INFO - [2025-12-27T14:40:36.355+0000] {dag.py:3096} INFO - Sync 2 DAGs
[2025-12-27T14:40:36.388+0000] {logging_mixin.py:188} INFO - [2025-12-27T14:40:36.387+0000] {dag.py:3954} INFO - Setting next_dagrun for example_external_task_marker_child to None, run_after=None
[2025-12-27T14:40:36.397+0000] {logging_mixin.py:188} INFO - [2025-12-27T14:40:36.397+0000] {dag.py:3954} INFO - Setting next_dagrun for example_external_task_marker_parent to None, run_after=None
[2025-12-27T14:40:36.453+0000] {processor.py:183} INFO - Processing /home/airflow/.local/lib/python3.12/site-packages/airflow/example_dags/example_external_task_marker_dag.py took 0.202 seconds
[2025-12-27T14:41:06.590+0000] {processor.py:161} INFO - Started process (PID=2634) to work on /home/airflow/.local/lib/python3.12/site-packages/airflow/example_dags/example_external_task_marker_dag.py
[2025-12-27T14:41:06.593+0000] {processor.py:830} INFO - Processing file /home/airflow/.local/lib/python3.12/site-packages/airflow/example_dags/example_external_task_marker_dag.py for tasks to queue
[2025-12-27T14:41:06.595+0000] {logging_mixin.py:188} INFO - [2025-12-27T14:41:06.595+0000] {dagbag.py:540} INFO - Filling up the DagBag from /home/airflow/.local/lib/python3.12/site-packages/airflow/example_dags/example_external_task_marker_dag.py
[2025-12-27T14:41:06.613+0000] {processor.py:840} INFO - DAG(s) 'example_external_task_marker_child', 'example_external_task_marker_parent' retrieved from /home/airflow/.local/lib/python3.12/site-packages/airflow/example_dags/example_external_task_marker_dag.py
[2025-12-27T14:41:06.676+0000] {logging_mixin.py:188} INFO - [2025-12-27T14:41:06.676+0000] {dag.py:3096} INFO - Sync 2 DAGs
[2025-12-27T14:41:06.710+0000] {logging_mixin.py:188} INFO - [2025-12-27T14:41:06.709+0000] {dag.py:3954} INFO - Setting next_dagrun for example_external_task_marker_child to None, run_after=None
[2025-12-27T14:41:06.720+0000] {logging_mixin.py:188} INFO - [2025-12-27T14:41:06.720+0000] {dag.py:3954} INFO - Setting next_dagrun for example_external_task_marker_parent to None, run_after=None
[2025-12-27T14:41:06.766+0000] {processor.py:183} INFO - Processing /home/airflow/.local/lib/python3.12/site-packages/airflow/example_dags/example_external_task_marker_dag.py took 0.193 seconds
[2025-12-27T14:41:36.914+0000] {processor.py:161} INFO - Started process (PID=2692) to work on /home/airflow/.local/lib/python3.12/site-packages/airflow/example_dags/example_external_task_marker_dag.py
[2025-12-27T14:41:36.917+0000] {processor.py:830} INFO - Processing file /home/airflow/.local/lib/python3.12/site-packages/airflow/example_dags/example_external_task_marker_dag.py for tasks to queue
[2025-12-27T14:41:36.920+0000] {logging_mixin.py:188} INFO - [2025-12-27T14:41:36.919+0000] {dagbag.py:540} INFO - Filling up the DagBag from /home/airflow/.local/lib/python3.12/site-packages/airflow/example_dags/example_external_task_marker_dag.py
[2025-12-27T14:41:36.941+0000] {processor.py:840} INFO - DAG(s) 'example_external_task_marker_child', 'example_external_task_marker_parent' retrieved from /home/airflow/.local/lib/python3.12/site-packages/airflow/example_dags/example_external_task_marker_dag.py
[2025-12-27T14:41:37.004+0000] {logging_mixin.py:188} INFO - [2025-12-27T14:41:37.004+0000] {dag.py:3096} INFO - Sync 2 DAGs
[2025-12-27T14:41:37.039+0000] {logging_mixin.py:188} INFO - [2025-12-27T14:41:37.039+0000] {dag.py:3954} INFO - Setting next_dagrun for example_external_task_marker_child to None, run_after=None
[2025-12-27T14:41:37.051+0000] {logging_mixin.py:188} INFO - [2025-12-27T14:41:37.050+0000] {dag.py:3954} INFO - Setting next_dagrun for example_external_task_marker_parent to None, run_after=None
[2025-12-27T14:41:37.098+0000] {processor.py:183} INFO - Processing /home/airflow/.local/lib/python3.12/site-packages/airflow/example_dags/example_external_task_marker_dag.py took 0.204 seconds
[2025-12-27T14:42:07.277+0000] {processor.py:161} INFO - Started process (PID=2750) to work on /home/airflow/.local/lib/python3.12/site-packages/airflow/example_dags/example_external_task_marker_dag.py
[2025-12-27T14:42:07.279+0000] {processor.py:830} INFO - Processing file /home/airflow/.local/lib/python3.12/site-packages/airflow/example_dags/example_external_task_marker_dag.py for tasks to queue
[2025-12-27T14:42:07.282+0000] {logging_mixin.py:188} INFO - [2025-12-27T14:42:07.281+0000] {dagbag.py:540} INFO - Filling up the DagBag from /home/airflow/.local/lib/python3.12/site-packages/airflow/example_dags/example_external_task_marker_dag.py
[2025-12-27T14:42:07.299+0000] {processor.py:840} INFO - DAG(s) 'example_external_task_marker_child', 'example_external_task_marker_parent' retrieved from /home/airflow/.local/lib/python3.12/site-packages/airflow/example_dags/example_external_task_marker_dag.py
[2025-12-27T14:42:07.369+0000] {logging_mixin.py:188} INFO - [2025-12-27T14:42:07.368+0000] {dag.py:3096} INFO - Sync 2 DAGs
[2025-12-27T14:42:07.406+0000] {logging_mixin.py:188} INFO - [2025-12-27T14:42:07.405+0000] {dag.py:3954} INFO - Setting next_dagrun for example_external_task_marker_child to None, run_after=None
[2025-12-27T14:42:07.416+0000] {logging_mixin.py:188} INFO - [2025-12-27T14:42:07.415+0000] {dag.py:3954} INFO - Setting next_dagrun for example_external_task_marker_parent to None, run_after=None
[2025-12-27T14:42:07.463+0000] {processor.py:183} INFO - Processing /home/airflow/.local/lib/python3.12/site-packages/airflow/example_dags/example_external_task_marker_dag.py took 0.202 seconds
[2025-12-27T14:42:38.041+0000] {processor.py:161} INFO - Started process (PID=2808) to work on /home/airflow/.local/lib/python3.12/site-packages/airflow/example_dags/example_external_task_marker_dag.py
[2025-12-27T14:42:38.044+0000] {processor.py:830} INFO - Processing file /home/airflow/.local/lib/python3.12/site-packages/airflow/example_dags/example_external_task_marker_dag.py for tasks to queue
[2025-12-27T14:42:38.046+0000] {logging_mixin.py:188} INFO - [2025-12-27T14:42:38.046+0000] {dagbag.py:540} INFO - Filling up the DagBag from /home/airflow/.local/lib/python3.12/site-packages/airflow/example_dags/example_external_task_marker_dag.py
[2025-12-27T14:42:38.063+0000] {processor.py:840} INFO - DAG(s) 'example_external_task_marker_child', 'example_external_task_marker_parent' retrieved from /home/airflow/.local/lib/python3.12/site-packages/airflow/example_dags/example_external_task_marker_dag.py
[2025-12-27T14:42:38.130+0000] {logging_mixin.py:188} INFO - [2025-12-27T14:42:38.130+0000] {dag.py:3096} INFO - Sync 2 DAGs
[2025-12-27T14:42:38.164+0000] {logging_mixin.py:188} INFO - [2025-12-27T14:42:38.163+0000] {dag.py:3954} INFO - Setting next_dagrun for example_external_task_marker_child to None, run_after=None
[2025-12-27T14:42:38.173+0000] {logging_mixin.py:188} INFO - [2025-12-27T14:42:38.173+0000] {dag.py:3954} INFO - Setting next_dagrun for example_external_task_marker_parent to None, run_after=None
[2025-12-27T14:42:38.222+0000] {processor.py:183} INFO - Processing /home/airflow/.local/lib/python3.12/site-packages/airflow/example_dags/example_external_task_marker_dag.py took 0.201 seconds
[2025-12-27T14:43:09.101+0000] {processor.py:161} INFO - Started process (PID=2866) to work on /home/airflow/.local/lib/python3.12/site-packages/airflow/example_dags/example_external_task_marker_dag.py
[2025-12-27T14:43:09.104+0000] {processor.py:830} INFO - Processing file /home/airflow/.local/lib/python3.12/site-packages/airflow/example_dags/example_external_task_marker_dag.py for tasks to queue
[2025-12-27T14:43:09.107+0000] {logging_mixin.py:188} INFO - [2025-12-27T14:43:09.106+0000] {dagbag.py:540} INFO - Filling up the DagBag from /home/airflow/.local/lib/python3.12/site-packages/airflow/example_dags/example_external_task_marker_dag.py
[2025-12-27T14:43:09.125+0000] {processor.py:840} INFO - DAG(s) 'example_external_task_marker_child', 'example_external_task_marker_parent' retrieved from /home/airflow/.local/lib/python3.12/site-packages/airflow/example_dags/example_external_task_marker_dag.py
[2025-12-27T14:43:09.196+0000] {logging_mixin.py:188} INFO - [2025-12-27T14:43:09.195+0000] {dag.py:3096} INFO - Sync 2 DAGs
[2025-12-27T14:43:09.240+0000] {logging_mixin.py:188} INFO - [2025-12-27T14:43:09.239+0000] {dag.py:3954} INFO - Setting next_dagrun for example_external_task_marker_child to None, run_after=None
[2025-12-27T14:43:09.252+0000] {logging_mixin.py:188} INFO - [2025-12-27T14:43:09.251+0000] {dag.py:3954} INFO - Setting next_dagrun for example_external_task_marker_parent to None, run_after=None
[2025-12-27T14:43:09.312+0000] {processor.py:183} INFO - Processing /home/airflow/.local/lib/python3.12/site-packages/airflow/example_dags/example_external_task_marker_dag.py took 0.229 seconds
[2025-12-27T14:43:39.609+0000] {processor.py:161} INFO - Started process (PID=2924) to work on /home/airflow/.local/lib/python3.12/site-packages/airflow/example_dags/example_external_task_marker_dag.py
[2025-12-27T14:43:39.613+0000] {processor.py:830} INFO - Processing file /home/airflow/.local/lib/python3.12/site-packages/airflow/example_dags/example_external_task_marker_dag.py for tasks to queue
[2025-12-27T14:43:39.615+0000] {logging_mixin.py:188} INFO - [2025-12-27T14:43:39.615+0000] {dagbag.py:540} INFO - Filling up the DagBag from /home/airflow/.local/lib/python3.12/site-packages/airflow/example_dags/example_external_task_marker_dag.py
[2025-12-27T14:43:39.634+0000] {processor.py:840} INFO - DAG(s) 'example_external_task_marker_parent', 'example_external_task_marker_child' retrieved from /home/airflow/.local/lib/python3.12/site-packages/airflow/example_dags/example_external_task_marker_dag.py
[2025-12-27T14:43:39.695+0000] {logging_mixin.py:188} INFO - [2025-12-27T14:43:39.695+0000] {dag.py:3096} INFO - Sync 2 DAGs
[2025-12-27T14:43:39.730+0000] {logging_mixin.py:188} INFO - [2025-12-27T14:43:39.729+0000] {dag.py:3954} INFO - Setting next_dagrun for example_external_task_marker_child to None, run_after=None
[2025-12-27T14:43:39.742+0000] {logging_mixin.py:188} INFO - [2025-12-27T14:43:39.741+0000] {dag.py:3954} INFO - Setting next_dagrun for example_external_task_marker_parent to None, run_after=None
[2025-12-27T14:43:39.790+0000] {processor.py:183} INFO - Processing /home/airflow/.local/lib/python3.12/site-packages/airflow/example_dags/example_external_task_marker_dag.py took 0.201 seconds
[2025-12-27T14:44:10.209+0000] {processor.py:161} INFO - Started process (PID=2983) to work on /home/airflow/.local/lib/python3.12/site-packages/airflow/example_dags/example_external_task_marker_dag.py
[2025-12-27T14:44:10.212+0000] {processor.py:830} INFO - Processing file /home/airflow/.local/lib/python3.12/site-packages/airflow/example_dags/example_external_task_marker_dag.py for tasks to queue
[2025-12-27T14:44:10.215+0000] {logging_mixin.py:188} INFO - [2025-12-27T14:44:10.214+0000] {dagbag.py:540} INFO - Filling up the DagBag from /home/airflow/.local/lib/python3.12/site-packages/airflow/example_dags/example_external_task_marker_dag.py
[2025-12-27T14:44:10.233+0000] {processor.py:840} INFO - DAG(s) 'example_external_task_marker_child', 'example_external_task_marker_parent' retrieved from /home/airflow/.local/lib/python3.12/site-packages/airflow/example_dags/example_external_task_marker_dag.py
[2025-12-27T14:44:10.297+0000] {logging_mixin.py:188} INFO - [2025-12-27T14:44:10.297+0000] {dag.py:3096} INFO - Sync 2 DAGs
[2025-12-27T14:44:10.338+0000] {logging_mixin.py:188} INFO - [2025-12-27T14:44:10.337+0000] {dag.py:3954} INFO - Setting next_dagrun for example_external_task_marker_child to None, run_after=None
[2025-12-27T14:44:10.348+0000] {logging_mixin.py:188} INFO - [2025-12-27T14:44:10.347+0000] {dag.py:3954} INFO - Setting next_dagrun for example_external_task_marker_parent to None, run_after=None
[2025-12-27T14:44:10.399+0000] {processor.py:183} INFO - Processing /home/airflow/.local/lib/python3.12/site-packages/airflow/example_dags/example_external_task_marker_dag.py took 0.207 seconds
[2025-12-27T14:44:41.323+0000] {processor.py:161} INFO - Started process (PID=3042) to work on /home/airflow/.local/lib/python3.12/site-packages/airflow/example_dags/example_external_task_marker_dag.py
[2025-12-27T14:44:41.326+0000] {processor.py:830} INFO - Processing file /home/airflow/.local/lib/python3.12/site-packages/airflow/example_dags/example_external_task_marker_dag.py for tasks to queue
[2025-12-27T14:44:41.329+0000] {logging_mixin.py:188} INFO - [2025-12-27T14:44:41.328+0000] {dagbag.py:540} INFO - Filling up the DagBag from /home/airflow/.local/lib/python3.12/site-packages/airflow/example_dags/example_external_task_marker_dag.py
[2025-12-27T14:44:41.348+0000] {processor.py:840} INFO - DAG(s) 'example_external_task_marker_child', 'example_external_task_marker_parent' retrieved from /home/airflow/.local/lib/python3.12/site-packages/airflow/example_dags/example_external_task_marker_dag.py
[2025-12-27T14:44:41.412+0000] {logging_mixin.py:188} INFO - [2025-12-27T14:44:41.411+0000] {dag.py:3096} INFO - Sync 2 DAGs
[2025-12-27T14:44:41.453+0000] {logging_mixin.py:188} INFO - [2025-12-27T14:44:41.452+0000] {dag.py:3954} INFO - Setting next_dagrun for example_external_task_marker_child to None, run_after=None
[2025-12-27T14:44:41.466+0000] {logging_mixin.py:188} INFO - [2025-12-27T14:44:41.465+0000] {dag.py:3954} INFO - Setting next_dagrun for example_external_task_marker_parent to None, run_after=None
[2025-12-27T14:44:41.520+0000] {processor.py:183} INFO - Processing /home/airflow/.local/lib/python3.12/site-packages/airflow/example_dags/example_external_task_marker_dag.py took 0.214 seconds
[2025-12-27T14:45:12.784+0000] {processor.py:161} INFO - Started process (PID=3101) to work on /home/airflow/.local/lib/python3.12/site-packages/airflow/example_dags/example_external_task_marker_dag.py
[2025-12-27T14:45:12.791+0000] {processor.py:830} INFO - Processing file /home/airflow/.local/lib/python3.12/site-packages/airflow/example_dags/example_external_task_marker_dag.py for tasks to queue
[2025-12-27T14:45:12.799+0000] {logging_mixin.py:188} INFO - [2025-12-27T14:45:12.797+0000] {dagbag.py:540} INFO - Filling up the DagBag from /home/airflow/.local/lib/python3.12/site-packages/airflow/example_dags/example_external_task_marker_dag.py
[2025-12-27T14:45:12.829+0000] {processor.py:840} INFO - DAG(s) 'example_external_task_marker_parent', 'example_external_task_marker_child' retrieved from /home/airflow/.local/lib/python3.12/site-packages/airflow/example_dags/example_external_task_marker_dag.py
[2025-12-27T14:45:12.916+0000] {logging_mixin.py:188} INFO - [2025-12-27T14:45:12.915+0000] {dag.py:3096} INFO - Sync 2 DAGs
[2025-12-27T14:45:12.968+0000] {logging_mixin.py:188} INFO - [2025-12-27T14:45:12.967+0000] {dag.py:3954} INFO - Setting next_dagrun for example_external_task_marker_child to None, run_after=None
[2025-12-27T14:45:12.989+0000] {logging_mixin.py:188} INFO - [2025-12-27T14:45:12.988+0000] {dag.py:3954} INFO - Setting next_dagrun for example_external_task_marker_parent to None, run_after=None
[2025-12-27T14:45:13.064+0000] {processor.py:183} INFO - Processing /home/airflow/.local/lib/python3.12/site-packages/airflow/example_dags/example_external_task_marker_dag.py took 0.325 seconds
[2025-12-27T14:45:43.459+0000] {processor.py:161} INFO - Started process (PID=3159) to work on /home/airflow/.local/lib/python3.12/site-packages/airflow/example_dags/example_external_task_marker_dag.py
[2025-12-27T14:45:43.462+0000] {processor.py:830} INFO - Processing file /home/airflow/.local/lib/python3.12/site-packages/airflow/example_dags/example_external_task_marker_dag.py for tasks to queue
[2025-12-27T14:45:43.466+0000] {logging_mixin.py:188} INFO - [2025-12-27T14:45:43.464+0000] {dagbag.py:540} INFO - Filling up the DagBag from /home/airflow/.local/lib/python3.12/site-packages/airflow/example_dags/example_external_task_marker_dag.py
[2025-12-27T14:45:43.484+0000] {processor.py:840} INFO - DAG(s) 'example_external_task_marker_child', 'example_external_task_marker_parent' retrieved from /home/airflow/.local/lib/python3.12/site-packages/airflow/example_dags/example_external_task_marker_dag.py
[2025-12-27T14:45:43.560+0000] {logging_mixin.py:188} INFO - [2025-12-27T14:45:43.559+0000] {dag.py:3096} INFO - Sync 2 DAGs
[2025-12-27T14:45:43.608+0000] {logging_mixin.py:188} INFO - [2025-12-27T14:45:43.608+0000] {dag.py:3954} INFO - Setting next_dagrun for example_external_task_marker_child to None, run_after=None
[2025-12-27T14:45:43.621+0000] {logging_mixin.py:188} INFO - [2025-12-27T14:45:43.620+0000] {dag.py:3954} INFO - Setting next_dagrun for example_external_task_marker_parent to None, run_after=None
[2025-12-27T14:45:43.686+0000] {processor.py:183} INFO - Processing /home/airflow/.local/lib/python3.12/site-packages/airflow/example_dags/example_external_task_marker_dag.py took 0.249 seconds
[2025-12-27T14:46:13.887+0000] {processor.py:161} INFO - Started process (PID=3215) to work on /home/airflow/.local/lib/python3.12/site-packages/airflow/example_dags/example_external_task_marker_dag.py
[2025-12-27T14:46:13.890+0000] {processor.py:830} INFO - Processing file /home/airflow/.local/lib/python3.12/site-packages/airflow/example_dags/example_external_task_marker_dag.py for tasks to queue
[2025-12-27T14:46:13.893+0000] {logging_mixin.py:188} INFO - [2025-12-27T14:46:13.892+0000] {dagbag.py:540} INFO - Filling up the DagBag from /home/airflow/.local/lib/python3.12/site-packages/airflow/example_dags/example_external_task_marker_dag.py
[2025-12-27T14:46:13.912+0000] {processor.py:840} INFO - DAG(s) 'example_external_task_marker_parent', 'example_external_task_marker_child' retrieved from /home/airflow/.local/lib/python3.12/site-packages/airflow/example_dags/example_external_task_marker_dag.py
[2025-12-27T14:46:13.977+0000] {logging_mixin.py:188} INFO - [2025-12-27T14:46:13.976+0000] {dag.py:3096} INFO - Sync 2 DAGs
[2025-12-27T14:46:14.009+0000] {logging_mixin.py:188} INFO - [2025-12-27T14:46:14.008+0000] {dag.py:3954} INFO - Setting next_dagrun for example_external_task_marker_child to None, run_after=None
[2025-12-27T14:46:14.021+0000] {logging_mixin.py:188} INFO - [2025-12-27T14:46:14.020+0000] {dag.py:3954} INFO - Setting next_dagrun for example_external_task_marker_parent to None, run_after=None
[2025-12-27T14:46:14.066+0000] {processor.py:183} INFO - Processing /home/airflow/.local/lib/python3.12/site-packages/airflow/example_dags/example_external_task_marker_dag.py took 0.203 seconds
[2025-12-27T14:46:44.429+0000] {processor.py:161} INFO - Started process (PID=3274) to work on /home/airflow/.local/lib/python3.12/site-packages/airflow/example_dags/example_external_task_marker_dag.py
[2025-12-27T14:46:44.432+0000] {processor.py:830} INFO - Processing file /home/airflow/.local/lib/python3.12/site-packages/airflow/example_dags/example_external_task_marker_dag.py for tasks to queue
[2025-12-27T14:46:44.434+0000] {logging_mixin.py:188} INFO - [2025-12-27T14:46:44.433+0000] {dagbag.py:540} INFO - Filling up the DagBag from /home/airflow/.local/lib/python3.12/site-packages/airflow/example_dags/example_external_task_marker_dag.py
[2025-12-27T14:46:44.451+0000] {processor.py:840} INFO - DAG(s) 'example_external_task_marker_child', 'example_external_task_marker_parent' retrieved from /home/airflow/.local/lib/python3.12/site-packages/airflow/example_dags/example_external_task_marker_dag.py
[2025-12-27T14:46:44.518+0000] {logging_mixin.py:188} INFO - [2025-12-27T14:46:44.517+0000] {dag.py:3096} INFO - Sync 2 DAGs
[2025-12-27T14:46:44.567+0000] {logging_mixin.py:188} INFO - [2025-12-27T14:46:44.566+0000] {dag.py:3954} INFO - Setting next_dagrun for example_external_task_marker_child to None, run_after=None
[2025-12-27T14:46:44.578+0000] {logging_mixin.py:188} INFO - [2025-12-27T14:46:44.577+0000] {dag.py:3954} INFO - Setting next_dagrun for example_external_task_marker_parent to None, run_after=None
[2025-12-27T14:46:44.633+0000] {processor.py:183} INFO - Processing /home/airflow/.local/lib/python3.12/site-packages/airflow/example_dags/example_external_task_marker_dag.py took 0.222 seconds
[2025-12-27T14:47:14.900+0000] {processor.py:161} INFO - Started process (PID=3332) to work on /home/airflow/.local/lib/python3.12/site-packages/airflow/example_dags/example_external_task_marker_dag.py
[2025-12-27T14:47:14.903+0000] {processor.py:830} INFO - Processing file /home/airflow/.local/lib/python3.12/site-packages/airflow/example_dags/example_external_task_marker_dag.py for tasks to queue
[2025-12-27T14:47:14.906+0000] {logging_mixin.py:188} INFO - [2025-12-27T14:47:14.905+0000] {dagbag.py:540} INFO - Filling up the DagBag from /home/airflow/.local/lib/python3.12/site-packages/airflow/example_dags/example_external_task_marker_dag.py
[2025-12-27T14:47:14.921+0000] {processor.py:840} INFO - DAG(s) 'example_external_task_marker_child', 'example_external_task_marker_parent' retrieved from /home/airflow/.local/lib/python3.12/site-packages/airflow/example_dags/example_external_task_marker_dag.py
[2025-12-27T14:47:14.988+0000] {logging_mixin.py:188} INFO - [2025-12-27T14:47:14.988+0000] {dag.py:3096} INFO - Sync 2 DAGs
[2025-12-27T14:47:15.023+0000] {logging_mixin.py:188} INFO - [2025-12-27T14:47:15.022+0000] {dag.py:3954} INFO - Setting next_dagrun for example_external_task_marker_child to None, run_after=None
[2025-12-27T14:47:15.034+0000] {logging_mixin.py:188} INFO - [2025-12-27T14:47:15.034+0000] {dag.py:3954} INFO - Setting next_dagrun for example_external_task_marker_parent to None, run_after=None
[2025-12-27T14:47:15.080+0000] {processor.py:183} INFO - Processing /home/airflow/.local/lib/python3.12/site-packages/airflow/example_dags/example_external_task_marker_dag.py took 0.198 seconds
[2025-12-27T14:47:45.358+0000] {processor.py:161} INFO - Started process (PID=3390) to work on /home/airflow/.local/lib/python3.12/site-packages/airflow/example_dags/example_external_task_marker_dag.py
[2025-12-27T14:47:45.361+0000] {processor.py:830} INFO - Processing file /home/airflow/.local/lib/python3.12/site-packages/airflow/example_dags/example_external_task_marker_dag.py for tasks to queue
[2025-12-27T14:47:45.363+0000] {logging_mixin.py:188} INFO - [2025-12-27T14:47:45.362+0000] {dagbag.py:540} INFO - Filling up the DagBag from /home/airflow/.local/lib/python3.12/site-packages/airflow/example_dags/example_external_task_marker_dag.py
[2025-12-27T14:47:45.380+0000] {processor.py:840} INFO - DAG(s) 'example_external_task_marker_parent', 'example_external_task_marker_child' retrieved from /home/airflow/.local/lib/python3.12/site-packages/airflow/example_dags/example_external_task_marker_dag.py
[2025-12-27T14:47:45.441+0000] {logging_mixin.py:188} INFO - [2025-12-27T14:47:45.440+0000] {dag.py:3096} INFO - Sync 2 DAGs
[2025-12-27T14:47:45.474+0000] {logging_mixin.py:188} INFO - [2025-12-27T14:47:45.474+0000] {dag.py:3954} INFO - Setting next_dagrun for example_external_task_marker_child to None, run_after=None
[2025-12-27T14:47:45.486+0000] {logging_mixin.py:188} INFO - [2025-12-27T14:47:45.485+0000] {dag.py:3954} INFO - Setting next_dagrun for example_external_task_marker_parent to None, run_after=None
[2025-12-27T14:47:45.536+0000] {processor.py:183} INFO - Processing /home/airflow/.local/lib/python3.12/site-packages/airflow/example_dags/example_external_task_marker_dag.py took 0.201 seconds
[2025-12-27T14:48:16.207+0000] {processor.py:161} INFO - Started process (PID=3449) to work on /home/airflow/.local/lib/python3.12/site-packages/airflow/example_dags/example_external_task_marker_dag.py
[2025-12-27T14:48:16.210+0000] {processor.py:830} INFO - Processing file /home/airflow/.local/lib/python3.12/site-packages/airflow/example_dags/example_external_task_marker_dag.py for tasks to queue
[2025-12-27T14:48:16.221+0000] {logging_mixin.py:188} INFO - [2025-12-27T14:48:16.213+0000] {dagbag.py:540} INFO - Filling up the DagBag from /home/airflow/.local/lib/python3.12/site-packages/airflow/example_dags/example_external_task_marker_dag.py
[2025-12-27T14:48:16.251+0000] {processor.py:840} INFO - DAG(s) 'example_external_task_marker_parent', 'example_external_task_marker_child' retrieved from /home/airflow/.local/lib/python3.12/site-packages/airflow/example_dags/example_external_task_marker_dag.py
[2025-12-27T14:48:16.377+0000] {logging_mixin.py:188} INFO - [2025-12-27T14:48:16.377+0000] {dag.py:3096} INFO - Sync 2 DAGs
[2025-12-27T14:48:16.431+0000] {logging_mixin.py:188} INFO - [2025-12-27T14:48:16.430+0000] {dag.py:3954} INFO - Setting next_dagrun for example_external_task_marker_child to None, run_after=None
[2025-12-27T14:48:16.443+0000] {logging_mixin.py:188} INFO - [2025-12-27T14:48:16.443+0000] {dag.py:3954} INFO - Setting next_dagrun for example_external_task_marker_parent to None, run_after=None
[2025-12-27T14:48:16.503+0000] {processor.py:183} INFO - Processing /home/airflow/.local/lib/python3.12/site-packages/airflow/example_dags/example_external_task_marker_dag.py took 0.319 seconds
[2025-12-27T14:48:46.936+0000] {processor.py:161} INFO - Started process (PID=3507) to work on /home/airflow/.local/lib/python3.12/site-packages/airflow/example_dags/example_external_task_marker_dag.py
[2025-12-27T14:48:46.941+0000] {processor.py:830} INFO - Processing file /home/airflow/.local/lib/python3.12/site-packages/airflow/example_dags/example_external_task_marker_dag.py for tasks to queue
[2025-12-27T14:48:46.951+0000] {logging_mixin.py:188} INFO - [2025-12-27T14:48:46.950+0000] {dagbag.py:540} INFO - Filling up the DagBag from /home/airflow/.local/lib/python3.12/site-packages/airflow/example_dags/example_external_task_marker_dag.py
[2025-12-27T14:48:47.013+0000] {processor.py:840} INFO - DAG(s) 'example_external_task_marker_child', 'example_external_task_marker_parent' retrieved from /home/airflow/.local/lib/python3.12/site-packages/airflow/example_dags/example_external_task_marker_dag.py
[2025-12-27T14:48:47.150+0000] {logging_mixin.py:188} INFO - [2025-12-27T14:48:47.150+0000] {dag.py:3096} INFO - Sync 2 DAGs
[2025-12-27T14:48:47.186+0000] {logging_mixin.py:188} INFO - [2025-12-27T14:48:47.186+0000] {dag.py:3954} INFO - Setting next_dagrun for example_external_task_marker_child to None, run_after=None
[2025-12-27T14:48:47.202+0000] {logging_mixin.py:188} INFO - [2025-12-27T14:48:47.200+0000] {dag.py:3954} INFO - Setting next_dagrun for example_external_task_marker_parent to None, run_after=None
[2025-12-27T14:48:47.266+0000] {processor.py:183} INFO - Processing /home/airflow/.local/lib/python3.12/site-packages/airflow/example_dags/example_external_task_marker_dag.py took 0.387 seconds
[2025-12-27T14:49:17.532+0000] {processor.py:161} INFO - Started process (PID=3565) to work on /home/airflow/.local/lib/python3.12/site-packages/airflow/example_dags/example_external_task_marker_dag.py
[2025-12-27T14:49:17.536+0000] {processor.py:830} INFO - Processing file /home/airflow/.local/lib/python3.12/site-packages/airflow/example_dags/example_external_task_marker_dag.py for tasks to queue
[2025-12-27T14:49:17.541+0000] {logging_mixin.py:188} INFO - [2025-12-27T14:49:17.539+0000] {dagbag.py:540} INFO - Filling up the DagBag from /home/airflow/.local/lib/python3.12/site-packages/airflow/example_dags/example_external_task_marker_dag.py
[2025-12-27T14:49:17.567+0000] {processor.py:840} INFO - DAG(s) 'example_external_task_marker_parent', 'example_external_task_marker_child' retrieved from /home/airflow/.local/lib/python3.12/site-packages/airflow/example_dags/example_external_task_marker_dag.py
[2025-12-27T14:49:17.712+0000] {logging_mixin.py:188} INFO - [2025-12-27T14:49:17.711+0000] {dag.py:3096} INFO - Sync 2 DAGs
[2025-12-27T14:49:17.809+0000] {logging_mixin.py:188} INFO - [2025-12-27T14:49:17.804+0000] {dag.py:3954} INFO - Setting next_dagrun for example_external_task_marker_child to None, run_after=None
[2025-12-27T14:49:17.820+0000] {logging_mixin.py:188} INFO - [2025-12-27T14:49:17.820+0000] {dag.py:3954} INFO - Setting next_dagrun for example_external_task_marker_parent to None, run_after=None
[2025-12-27T14:49:17.902+0000] {processor.py:183} INFO - Processing /home/airflow/.local/lib/python3.12/site-packages/airflow/example_dags/example_external_task_marker_dag.py took 0.404 seconds
[2025-12-27T14:49:48.089+0000] {processor.py:161} INFO - Started process (PID=3620) to work on /home/airflow/.local/lib/python3.12/site-packages/airflow/example_dags/example_external_task_marker_dag.py
[2025-12-27T14:49:48.093+0000] {processor.py:830} INFO - Processing file /home/airflow/.local/lib/python3.12/site-packages/airflow/example_dags/example_external_task_marker_dag.py for tasks to queue
[2025-12-27T14:49:48.103+0000] {logging_mixin.py:188} INFO - [2025-12-27T14:49:48.096+0000] {dagbag.py:540} INFO - Filling up the DagBag from /home/airflow/.local/lib/python3.12/site-packages/airflow/example_dags/example_external_task_marker_dag.py
[2025-12-27T14:49:48.140+0000] {processor.py:840} INFO - DAG(s) 'example_external_task_marker_child', 'example_external_task_marker_parent' retrieved from /home/airflow/.local/lib/python3.12/site-packages/airflow/example_dags/example_external_task_marker_dag.py
[2025-12-27T14:49:48.249+0000] {logging_mixin.py:188} INFO - [2025-12-27T14:49:48.248+0000] {dag.py:3096} INFO - Sync 2 DAGs
[2025-12-27T14:49:48.300+0000] {logging_mixin.py:188} INFO - [2025-12-27T14:49:48.299+0000] {dag.py:3954} INFO - Setting next_dagrun for example_external_task_marker_child to None, run_after=None
[2025-12-27T14:49:48.315+0000] {logging_mixin.py:188} INFO - [2025-12-27T14:49:48.314+0000] {dag.py:3954} INFO - Setting next_dagrun for example_external_task_marker_parent to None, run_after=None
[2025-12-27T14:49:48.425+0000] {processor.py:183} INFO - Processing /home/airflow/.local/lib/python3.12/site-packages/airflow/example_dags/example_external_task_marker_dag.py took 0.371 seconds
[2025-12-27T14:50:21.675+0000] {processor.py:161} INFO - Started process (PID=3672) to work on /home/airflow/.local/lib/python3.12/site-packages/airflow/example_dags/example_external_task_marker_dag.py
[2025-12-27T14:50:21.778+0000] {processor.py:830} INFO - Processing file /home/airflow/.local/lib/python3.12/site-packages/airflow/example_dags/example_external_task_marker_dag.py for tasks to queue
[2025-12-27T14:50:21.817+0000] {logging_mixin.py:188} INFO - [2025-12-27T14:50:21.815+0000] {dagbag.py:540} INFO - Filling up the DagBag from /home/airflow/.local/lib/python3.12/site-packages/airflow/example_dags/example_external_task_marker_dag.py
[2025-12-27T14:50:21.916+0000] {processor.py:840} INFO - DAG(s) 'example_external_task_marker_parent', 'example_external_task_marker_child' retrieved from /home/airflow/.local/lib/python3.12/site-packages/airflow/example_dags/example_external_task_marker_dag.py
[2025-12-27T14:50:22.170+0000] {logging_mixin.py:188} INFO - [2025-12-27T14:50:22.169+0000] {dag.py:3096} INFO - Sync 2 DAGs
[2025-12-27T14:50:22.239+0000] {logging_mixin.py:188} INFO - [2025-12-27T14:50:22.238+0000] {dag.py:3954} INFO - Setting next_dagrun for example_external_task_marker_child to None, run_after=None
[2025-12-27T14:50:22.262+0000] {logging_mixin.py:188} INFO - [2025-12-27T14:50:22.261+0000] {dag.py:3954} INFO - Setting next_dagrun for example_external_task_marker_parent to None, run_after=None
[2025-12-27T14:50:22.374+0000] {processor.py:183} INFO - Processing /home/airflow/.local/lib/python3.12/site-packages/airflow/example_dags/example_external_task_marker_dag.py took 0.743 seconds
[2025-12-27T14:50:55.012+0000] {processor.py:161} INFO - Started process (PID=3730) to work on /home/airflow/.local/lib/python3.12/site-packages/airflow/example_dags/example_external_task_marker_dag.py
[2025-12-27T14:50:55.015+0000] {processor.py:830} INFO - Processing file /home/airflow/.local/lib/python3.12/site-packages/airflow/example_dags/example_external_task_marker_dag.py for tasks to queue
[2025-12-27T14:50:55.019+0000] {logging_mixin.py:188} INFO - [2025-12-27T14:50:55.017+0000] {dagbag.py:540} INFO - Filling up the DagBag from /home/airflow/.local/lib/python3.12/site-packages/airflow/example_dags/example_external_task_marker_dag.py
[2025-12-27T14:50:55.044+0000] {processor.py:840} INFO - DAG(s) 'example_external_task_marker_parent', 'example_external_task_marker_child' retrieved from /home/airflow/.local/lib/python3.12/site-packages/airflow/example_dags/example_external_task_marker_dag.py
[2025-12-27T14:50:55.126+0000] {logging_mixin.py:188} INFO - [2025-12-27T14:50:55.125+0000] {dag.py:3096} INFO - Sync 2 DAGs
[2025-12-27T14:50:55.211+0000] {logging_mixin.py:188} INFO - [2025-12-27T14:50:55.210+0000] {dag.py:3954} INFO - Setting next_dagrun for example_external_task_marker_child to None, run_after=None
[2025-12-27T14:50:55.238+0000] {logging_mixin.py:188} INFO - [2025-12-27T14:50:55.237+0000] {dag.py:3954} INFO - Setting next_dagrun for example_external_task_marker_parent to None, run_after=None
[2025-12-27T14:50:55.367+0000] {processor.py:183} INFO - Processing /home/airflow/.local/lib/python3.12/site-packages/airflow/example_dags/example_external_task_marker_dag.py took 0.374 seconds
[2025-12-27T14:51:38.190+0000] {processor.py:161} INFO - Started process (PID=3786) to work on /home/airflow/.local/lib/python3.12/site-packages/airflow/example_dags/example_external_task_marker_dag.py
[2025-12-27T14:51:39.324+0000] {processor.py:830} INFO - Processing file /home/airflow/.local/lib/python3.12/site-packages/airflow/example_dags/example_external_task_marker_dag.py for tasks to queue
[2025-12-27T14:51:39.345+0000] {logging_mixin.py:188} INFO - [2025-12-27T14:51:39.344+0000] {dagbag.py:540} INFO - Filling up the DagBag from /home/airflow/.local/lib/python3.12/site-packages/airflow/example_dags/example_external_task_marker_dag.py
[2025-12-27T14:51:39.518+0000] {processor.py:840} INFO - DAG(s) 'example_external_task_marker_parent', 'example_external_task_marker_child' retrieved from /home/airflow/.local/lib/python3.12/site-packages/airflow/example_dags/example_external_task_marker_dag.py
[2025-12-27T14:51:40.144+0000] {logging_mixin.py:188} INFO - [2025-12-27T14:51:40.143+0000] {dag.py:3096} INFO - Sync 2 DAGs
[2025-12-27T14:51:40.370+0000] {logging_mixin.py:188} INFO - [2025-12-27T14:51:40.369+0000] {dag.py:3954} INFO - Setting next_dagrun for example_external_task_marker_child to None, run_after=None
[2025-12-27T14:51:40.478+0000] {logging_mixin.py:188} INFO - [2025-12-27T14:51:40.476+0000] {dag.py:3954} INFO - Setting next_dagrun for example_external_task_marker_parent to None, run_after=None
[2025-12-27T14:51:41.312+0000] {processor.py:183} INFO - Processing /home/airflow/.local/lib/python3.12/site-packages/airflow/example_dags/example_external_task_marker_dag.py took 3.203 seconds
[2025-12-27T14:56:01.898+0000] {processor.py:161} INFO - Started process (PID=3891) to work on /home/airflow/.local/lib/python3.12/site-packages/airflow/example_dags/example_external_task_marker_dag.py
[2025-12-27T14:56:01.954+0000] {processor.py:830} INFO - Processing file /home/airflow/.local/lib/python3.12/site-packages/airflow/example_dags/example_external_task_marker_dag.py for tasks to queue
[2025-12-27T14:56:02.009+0000] {logging_mixin.py:188} INFO - [2025-12-27T14:56:02.006+0000] {dagbag.py:540} INFO - Filling up the DagBag from /home/airflow/.local/lib/python3.12/site-packages/airflow/example_dags/example_external_task_marker_dag.py
[2025-12-27T14:56:03.106+0000] {processor.py:840} INFO - DAG(s) 'example_external_task_marker_child', 'example_external_task_marker_parent' retrieved from /home/airflow/.local/lib/python3.12/site-packages/airflow/example_dags/example_external_task_marker_dag.py
[2025-12-27T14:56:06.523+0000] {logging_mixin.py:188} INFO - [2025-12-27T14:56:06.508+0000] {dag.py:3096} INFO - Sync 2 DAGs
[2025-12-27T14:56:08.903+0000] {logging_mixin.py:188} INFO - [2025-12-27T14:56:08.902+0000] {dag.py:3954} INFO - Setting next_dagrun for example_external_task_marker_child to None, run_after=None
[2025-12-27T14:56:09.772+0000] {logging_mixin.py:188} INFO - [2025-12-27T14:56:09.771+0000] {dag.py:3954} INFO - Setting next_dagrun for example_external_task_marker_parent to None, run_after=None
[2025-12-27T14:56:12.834+0000] {processor.py:183} INFO - Processing /home/airflow/.local/lib/python3.12/site-packages/airflow/example_dags/example_external_task_marker_dag.py took 11.686 seconds
