[2025-12-27T14:14:40.167+0000] {processor.py:161} INFO - Started process (PID=90) to work on /home/airflow/.local/lib/python3.12/site-packages/airflow/example_dags/example_subdag_operator.py
[2025-12-27T14:14:40.173+0000] {processor.py:830} INFO - Processing file /home/airflow/.local/lib/python3.12/site-packages/airflow/example_dags/example_subdag_operator.py for tasks to queue
[2025-12-27T14:14:40.183+0000] {logging_mixin.py:188} INFO - [2025-12-27T14:14:40.182+0000] {dagbag.py:540} INFO - Filling up the DagBag from /home/airflow/.local/lib/python3.12/site-packages/airflow/example_dags/example_subdag_operator.py
[2025-12-27T14:14:40.284+0000] {processor.py:840} INFO - DAG(s) 'example_subdag_operator.section-1', 'example_subdag_operator.section-2', 'example_subdag_operator' retrieved from /home/airflow/.local/lib/python3.12/site-packages/airflow/example_dags/example_subdag_operator.py
[2025-12-27T14:14:41.438+0000] {logging_mixin.py:188} INFO - [2025-12-27T14:14:41.437+0000] {dag.py:3096} INFO - Sync 3 DAGs
[2025-12-27T14:14:42.012+0000] {logging_mixin.py:188} INFO - [2025-12-27T14:14:42.003+0000] {dag.py:3954} INFO - Setting next_dagrun for example_subdag_operator to 2022-01-01 00:00:00+00:00, run_after=2022-01-01 00:00:00+00:00
[2025-12-27T14:14:42.059+0000] {logging_mixin.py:188} INFO - [2025-12-27T14:14:42.058+0000] {dag.py:3954} INFO - Setting next_dagrun for example_subdag_operator.section-1 to None, run_after=None
[2025-12-27T14:14:42.090+0000] {logging_mixin.py:188} INFO - [2025-12-27T14:14:42.089+0000] {dag.py:3954} INFO - Setting next_dagrun for example_subdag_operator.section-2 to None, run_after=None
[2025-12-27T14:14:42.389+0000] {logging_mixin.py:188} INFO - [2025-12-27T14:14:42.388+0000] {dag.py:3096} INFO - Sync 2 DAGs
[2025-12-27T14:14:42.630+0000] {logging_mixin.py:188} INFO - [2025-12-27T14:14:42.629+0000] {dag.py:3954} INFO - Setting next_dagrun for example_subdag_operator.section-1 to None, run_after=None
[2025-12-27T14:14:42.655+0000] {logging_mixin.py:188} INFO - [2025-12-27T14:14:42.655+0000] {dag.py:3954} INFO - Setting next_dagrun for example_subdag_operator.section-2 to None, run_after=None
[2025-12-27T14:14:42.990+0000] {processor.py:183} INFO - Processing /home/airflow/.local/lib/python3.12/site-packages/airflow/example_dags/example_subdag_operator.py took 2.863 seconds
[2025-12-27T14:15:23.879+0000] {processor.py:161} INFO - Started process (PID=153) to work on /home/airflow/.local/lib/python3.12/site-packages/airflow/example_dags/example_subdag_operator.py
[2025-12-27T14:15:23.885+0000] {processor.py:830} INFO - Processing file /home/airflow/.local/lib/python3.12/site-packages/airflow/example_dags/example_subdag_operator.py for tasks to queue
[2025-12-27T14:15:23.892+0000] {logging_mixin.py:188} INFO - [2025-12-27T14:15:23.891+0000] {dagbag.py:540} INFO - Filling up the DagBag from /home/airflow/.local/lib/python3.12/site-packages/airflow/example_dags/example_subdag_operator.py
[2025-12-27T14:15:23.989+0000] {processor.py:840} INFO - DAG(s) 'example_subdag_operator.section-1', 'example_subdag_operator.section-2', 'example_subdag_operator' retrieved from /home/airflow/.local/lib/python3.12/site-packages/airflow/example_dags/example_subdag_operator.py
[2025-12-27T14:15:24.047+0000] {logging_mixin.py:188} INFO - [2025-12-27T14:15:24.046+0000] {dag.py:3096} INFO - Sync 3 DAGs
[2025-12-27T14:15:24.131+0000] {logging_mixin.py:188} INFO - [2025-12-27T14:15:24.130+0000] {dag.py:3954} INFO - Setting next_dagrun for example_subdag_operator to 2022-01-01 00:00:00+00:00, run_after=2022-01-01 00:00:00+00:00
[2025-12-27T14:15:24.146+0000] {logging_mixin.py:188} INFO - [2025-12-27T14:15:24.145+0000] {dag.py:3954} INFO - Setting next_dagrun for example_subdag_operator.section-1 to None, run_after=None
[2025-12-27T14:15:24.154+0000] {logging_mixin.py:188} INFO - [2025-12-27T14:15:24.153+0000] {dag.py:3954} INFO - Setting next_dagrun for example_subdag_operator.section-2 to None, run_after=None
[2025-12-27T14:15:24.179+0000] {logging_mixin.py:188} INFO - [2025-12-27T14:15:24.178+0000] {dag.py:3096} INFO - Sync 2 DAGs
[2025-12-27T14:15:24.203+0000] {logging_mixin.py:188} INFO - [2025-12-27T14:15:24.202+0000] {dag.py:3954} INFO - Setting next_dagrun for example_subdag_operator.section-1 to None, run_after=None
[2025-12-27T14:15:24.207+0000] {logging_mixin.py:188} INFO - [2025-12-27T14:15:24.206+0000] {dag.py:3954} INFO - Setting next_dagrun for example_subdag_operator.section-2 to None, run_after=None
[2025-12-27T14:15:24.267+0000] {processor.py:183} INFO - Processing /home/airflow/.local/lib/python3.12/site-packages/airflow/example_dags/example_subdag_operator.py took 0.412 seconds
[2025-12-27T14:15:55.082+0000] {processor.py:161} INFO - Started process (PID=210) to work on /home/airflow/.local/lib/python3.12/site-packages/airflow/example_dags/example_subdag_operator.py
[2025-12-27T14:15:55.087+0000] {processor.py:830} INFO - Processing file /home/airflow/.local/lib/python3.12/site-packages/airflow/example_dags/example_subdag_operator.py for tasks to queue
[2025-12-27T14:15:55.096+0000] {logging_mixin.py:188} INFO - [2025-12-27T14:15:55.094+0000] {dagbag.py:540} INFO - Filling up the DagBag from /home/airflow/.local/lib/python3.12/site-packages/airflow/example_dags/example_subdag_operator.py
[2025-12-27T14:15:55.170+0000] {processor.py:840} INFO - DAG(s) 'example_subdag_operator.section-1', 'example_subdag_operator.section-2', 'example_subdag_operator' retrieved from /home/airflow/.local/lib/python3.12/site-packages/airflow/example_dags/example_subdag_operator.py
[2025-12-27T14:15:55.216+0000] {logging_mixin.py:188} INFO - [2025-12-27T14:15:55.216+0000] {dag.py:3096} INFO - Sync 3 DAGs
[2025-12-27T14:15:55.274+0000] {logging_mixin.py:188} INFO - [2025-12-27T14:15:55.273+0000] {dag.py:3954} INFO - Setting next_dagrun for example_subdag_operator to 2022-01-01 00:00:00+00:00, run_after=2022-01-01 00:00:00+00:00
[2025-12-27T14:15:55.283+0000] {logging_mixin.py:188} INFO - [2025-12-27T14:15:55.282+0000] {dag.py:3954} INFO - Setting next_dagrun for example_subdag_operator.section-1 to None, run_after=None
[2025-12-27T14:15:55.287+0000] {logging_mixin.py:188} INFO - [2025-12-27T14:15:55.286+0000] {dag.py:3954} INFO - Setting next_dagrun for example_subdag_operator.section-2 to None, run_after=None
[2025-12-27T14:15:55.307+0000] {logging_mixin.py:188} INFO - [2025-12-27T14:15:55.306+0000] {dag.py:3096} INFO - Sync 2 DAGs
[2025-12-27T14:15:55.327+0000] {logging_mixin.py:188} INFO - [2025-12-27T14:15:55.326+0000] {dag.py:3954} INFO - Setting next_dagrun for example_subdag_operator.section-1 to None, run_after=None
[2025-12-27T14:15:55.330+0000] {logging_mixin.py:188} INFO - [2025-12-27T14:15:55.330+0000] {dag.py:3954} INFO - Setting next_dagrun for example_subdag_operator.section-2 to None, run_after=None
[2025-12-27T14:15:55.369+0000] {processor.py:183} INFO - Processing /home/airflow/.local/lib/python3.12/site-packages/airflow/example_dags/example_subdag_operator.py took 0.311 seconds
[2025-12-27T14:16:26.086+0000] {processor.py:161} INFO - Started process (PID=268) to work on /home/airflow/.local/lib/python3.12/site-packages/airflow/example_dags/example_subdag_operator.py
[2025-12-27T14:16:26.090+0000] {processor.py:830} INFO - Processing file /home/airflow/.local/lib/python3.12/site-packages/airflow/example_dags/example_subdag_operator.py for tasks to queue
[2025-12-27T14:16:26.096+0000] {logging_mixin.py:188} INFO - [2025-12-27T14:16:26.095+0000] {dagbag.py:540} INFO - Filling up the DagBag from /home/airflow/.local/lib/python3.12/site-packages/airflow/example_dags/example_subdag_operator.py
[2025-12-27T14:16:26.212+0000] {processor.py:840} INFO - DAG(s) 'example_subdag_operator.section-1', 'example_subdag_operator.section-2', 'example_subdag_operator' retrieved from /home/airflow/.local/lib/python3.12/site-packages/airflow/example_dags/example_subdag_operator.py
[2025-12-27T14:16:26.293+0000] {logging_mixin.py:188} INFO - [2025-12-27T14:16:26.292+0000] {dag.py:3096} INFO - Sync 3 DAGs
[2025-12-27T14:16:26.421+0000] {logging_mixin.py:188} INFO - [2025-12-27T14:16:26.420+0000] {dag.py:3954} INFO - Setting next_dagrun for example_subdag_operator to 2022-01-01 00:00:00+00:00, run_after=2022-01-01 00:00:00+00:00
[2025-12-27T14:16:26.441+0000] {logging_mixin.py:188} INFO - [2025-12-27T14:16:26.441+0000] {dag.py:3954} INFO - Setting next_dagrun for example_subdag_operator.section-1 to None, run_after=None
[2025-12-27T14:16:26.451+0000] {logging_mixin.py:188} INFO - [2025-12-27T14:16:26.450+0000] {dag.py:3954} INFO - Setting next_dagrun for example_subdag_operator.section-2 to None, run_after=None
[2025-12-27T14:16:26.489+0000] {logging_mixin.py:188} INFO - [2025-12-27T14:16:26.488+0000] {dag.py:3096} INFO - Sync 2 DAGs
[2025-12-27T14:16:26.535+0000] {logging_mixin.py:188} INFO - [2025-12-27T14:16:26.535+0000] {dag.py:3954} INFO - Setting next_dagrun for example_subdag_operator.section-1 to None, run_after=None
[2025-12-27T14:16:26.538+0000] {logging_mixin.py:188} INFO - [2025-12-27T14:16:26.537+0000] {dag.py:3954} INFO - Setting next_dagrun for example_subdag_operator.section-2 to None, run_after=None
[2025-12-27T14:16:26.609+0000] {processor.py:183} INFO - Processing /home/airflow/.local/lib/python3.12/site-packages/airflow/example_dags/example_subdag_operator.py took 0.548 seconds
[2025-12-27T14:16:57.816+0000] {processor.py:161} INFO - Started process (PID=326) to work on /home/airflow/.local/lib/python3.12/site-packages/airflow/example_dags/example_subdag_operator.py
[2025-12-27T14:16:57.844+0000] {processor.py:830} INFO - Processing file /home/airflow/.local/lib/python3.12/site-packages/airflow/example_dags/example_subdag_operator.py for tasks to queue
[2025-12-27T14:16:57.867+0000] {logging_mixin.py:188} INFO - [2025-12-27T14:16:57.865+0000] {dagbag.py:540} INFO - Filling up the DagBag from /home/airflow/.local/lib/python3.12/site-packages/airflow/example_dags/example_subdag_operator.py
[2025-12-27T14:16:58.138+0000] {processor.py:840} INFO - DAG(s) 'example_subdag_operator.section-1', 'example_subdag_operator.section-2', 'example_subdag_operator' retrieved from /home/airflow/.local/lib/python3.12/site-packages/airflow/example_dags/example_subdag_operator.py
[2025-12-27T14:16:58.284+0000] {logging_mixin.py:188} INFO - [2025-12-27T14:16:58.283+0000] {dag.py:3096} INFO - Sync 3 DAGs
[2025-12-27T14:16:58.465+0000] {logging_mixin.py:188} INFO - [2025-12-27T14:16:58.464+0000] {dag.py:3954} INFO - Setting next_dagrun for example_subdag_operator to 2022-01-01 00:00:00+00:00, run_after=2022-01-01 00:00:00+00:00
[2025-12-27T14:16:58.491+0000] {logging_mixin.py:188} INFO - [2025-12-27T14:16:58.490+0000] {dag.py:3954} INFO - Setting next_dagrun for example_subdag_operator.section-1 to None, run_after=None
[2025-12-27T14:16:58.501+0000] {logging_mixin.py:188} INFO - [2025-12-27T14:16:58.500+0000] {dag.py:3954} INFO - Setting next_dagrun for example_subdag_operator.section-2 to None, run_after=None
[2025-12-27T14:16:58.558+0000] {logging_mixin.py:188} INFO - [2025-12-27T14:16:58.557+0000] {dag.py:3096} INFO - Sync 2 DAGs
[2025-12-27T14:16:58.614+0000] {logging_mixin.py:188} INFO - [2025-12-27T14:16:58.613+0000] {dag.py:3954} INFO - Setting next_dagrun for example_subdag_operator.section-1 to None, run_after=None
[2025-12-27T14:16:58.618+0000] {logging_mixin.py:188} INFO - [2025-12-27T14:16:58.618+0000] {dag.py:3954} INFO - Setting next_dagrun for example_subdag_operator.section-2 to None, run_after=None
[2025-12-27T14:16:58.713+0000] {processor.py:183} INFO - Processing /home/airflow/.local/lib/python3.12/site-packages/airflow/example_dags/example_subdag_operator.py took 0.965 seconds
[2025-12-27T14:17:46.541+0000] {processor.py:161} INFO - Started process (PID=374) to work on /home/airflow/.local/lib/python3.12/site-packages/airflow/example_dags/example_subdag_operator.py
[2025-12-27T14:17:46.551+0000] {processor.py:830} INFO - Processing file /home/airflow/.local/lib/python3.12/site-packages/airflow/example_dags/example_subdag_operator.py for tasks to queue
[2025-12-27T14:17:46.569+0000] {logging_mixin.py:188} INFO - [2025-12-27T14:17:46.568+0000] {dagbag.py:540} INFO - Filling up the DagBag from /home/airflow/.local/lib/python3.12/site-packages/airflow/example_dags/example_subdag_operator.py
[2025-12-27T14:17:46.833+0000] {processor.py:840} INFO - DAG(s) 'example_subdag_operator.section-1', 'example_subdag_operator.section-2', 'example_subdag_operator' retrieved from /home/airflow/.local/lib/python3.12/site-packages/airflow/example_dags/example_subdag_operator.py
[2025-12-27T14:17:46.945+0000] {logging_mixin.py:188} INFO - [2025-12-27T14:17:46.944+0000] {dag.py:3096} INFO - Sync 3 DAGs
[2025-12-27T14:17:47.123+0000] {logging_mixin.py:188} INFO - [2025-12-27T14:17:47.121+0000] {dag.py:3954} INFO - Setting next_dagrun for example_subdag_operator to 2022-01-01 00:00:00+00:00, run_after=2022-01-01 00:00:00+00:00
[2025-12-27T14:17:47.160+0000] {logging_mixin.py:188} INFO - [2025-12-27T14:17:47.159+0000] {dag.py:3954} INFO - Setting next_dagrun for example_subdag_operator.section-1 to None, run_after=None
[2025-12-27T14:17:47.166+0000] {logging_mixin.py:188} INFO - [2025-12-27T14:17:47.166+0000] {dag.py:3954} INFO - Setting next_dagrun for example_subdag_operator.section-2 to None, run_after=None
[2025-12-27T14:17:47.224+0000] {logging_mixin.py:188} INFO - [2025-12-27T14:17:47.223+0000] {dag.py:3096} INFO - Sync 2 DAGs
[2025-12-27T14:17:47.272+0000] {logging_mixin.py:188} INFO - [2025-12-27T14:17:47.271+0000] {dag.py:3954} INFO - Setting next_dagrun for example_subdag_operator.section-1 to None, run_after=None
[2025-12-27T14:17:47.276+0000] {logging_mixin.py:188} INFO - [2025-12-27T14:17:47.275+0000] {dag.py:3954} INFO - Setting next_dagrun for example_subdag_operator.section-2 to None, run_after=None
[2025-12-27T14:17:47.361+0000] {processor.py:183} INFO - Processing /home/airflow/.local/lib/python3.12/site-packages/airflow/example_dags/example_subdag_operator.py took 0.853 seconds
[2025-12-27T14:18:31.209+0000] {processor.py:161} INFO - Started process (PID=435) to work on /home/airflow/.local/lib/python3.12/site-packages/airflow/example_dags/example_subdag_operator.py
[2025-12-27T14:18:31.215+0000] {processor.py:830} INFO - Processing file /home/airflow/.local/lib/python3.12/site-packages/airflow/example_dags/example_subdag_operator.py for tasks to queue
[2025-12-27T14:18:31.225+0000] {logging_mixin.py:188} INFO - [2025-12-27T14:18:31.223+0000] {dagbag.py:540} INFO - Filling up the DagBag from /home/airflow/.local/lib/python3.12/site-packages/airflow/example_dags/example_subdag_operator.py
[2025-12-27T14:18:31.329+0000] {processor.py:840} INFO - DAG(s) 'example_subdag_operator.section-1', 'example_subdag_operator.section-2', 'example_subdag_operator' retrieved from /home/airflow/.local/lib/python3.12/site-packages/airflow/example_dags/example_subdag_operator.py
[2025-12-27T14:18:31.423+0000] {logging_mixin.py:188} INFO - [2025-12-27T14:18:31.422+0000] {dag.py:3096} INFO - Sync 3 DAGs
[2025-12-27T14:18:31.534+0000] {logging_mixin.py:188} INFO - [2025-12-27T14:18:31.534+0000] {dag.py:3954} INFO - Setting next_dagrun for example_subdag_operator to 2022-01-01 00:00:00+00:00, run_after=2022-01-01 00:00:00+00:00
[2025-12-27T14:18:31.554+0000] {logging_mixin.py:188} INFO - [2025-12-27T14:18:31.553+0000] {dag.py:3954} INFO - Setting next_dagrun for example_subdag_operator.section-1 to None, run_after=None
[2025-12-27T14:18:31.560+0000] {logging_mixin.py:188} INFO - [2025-12-27T14:18:31.559+0000] {dag.py:3954} INFO - Setting next_dagrun for example_subdag_operator.section-2 to None, run_after=None
[2025-12-27T14:18:31.613+0000] {logging_mixin.py:188} INFO - [2025-12-27T14:18:31.611+0000] {dag.py:3096} INFO - Sync 2 DAGs
[2025-12-27T14:18:31.659+0000] {logging_mixin.py:188} INFO - [2025-12-27T14:18:31.658+0000] {dag.py:3954} INFO - Setting next_dagrun for example_subdag_operator.section-1 to None, run_after=None
[2025-12-27T14:18:31.662+0000] {logging_mixin.py:188} INFO - [2025-12-27T14:18:31.661+0000] {dag.py:3954} INFO - Setting next_dagrun for example_subdag_operator.section-2 to None, run_after=None
[2025-12-27T14:18:31.744+0000] {processor.py:183} INFO - Processing /home/airflow/.local/lib/python3.12/site-packages/airflow/example_dags/example_subdag_operator.py took 0.568 seconds
[2025-12-27T14:19:02.862+0000] {processor.py:161} INFO - Started process (PID=493) to work on /home/airflow/.local/lib/python3.12/site-packages/airflow/example_dags/example_subdag_operator.py
[2025-12-27T14:19:02.867+0000] {processor.py:830} INFO - Processing file /home/airflow/.local/lib/python3.12/site-packages/airflow/example_dags/example_subdag_operator.py for tasks to queue
[2025-12-27T14:19:02.875+0000] {logging_mixin.py:188} INFO - [2025-12-27T14:19:02.874+0000] {dagbag.py:540} INFO - Filling up the DagBag from /home/airflow/.local/lib/python3.12/site-packages/airflow/example_dags/example_subdag_operator.py
[2025-12-27T14:19:02.950+0000] {processor.py:840} INFO - DAG(s) 'example_subdag_operator.section-1', 'example_subdag_operator.section-2', 'example_subdag_operator' retrieved from /home/airflow/.local/lib/python3.12/site-packages/airflow/example_dags/example_subdag_operator.py
[2025-12-27T14:19:03.006+0000] {logging_mixin.py:188} INFO - [2025-12-27T14:19:03.005+0000] {dag.py:3096} INFO - Sync 3 DAGs
[2025-12-27T14:19:03.083+0000] {logging_mixin.py:188} INFO - [2025-12-27T14:19:03.082+0000] {dag.py:3954} INFO - Setting next_dagrun for example_subdag_operator to 2022-01-01 00:00:00+00:00, run_after=2022-01-01 00:00:00+00:00
[2025-12-27T14:19:03.097+0000] {logging_mixin.py:188} INFO - [2025-12-27T14:19:03.096+0000] {dag.py:3954} INFO - Setting next_dagrun for example_subdag_operator.section-1 to None, run_after=None
[2025-12-27T14:19:03.102+0000] {logging_mixin.py:188} INFO - [2025-12-27T14:19:03.102+0000] {dag.py:3954} INFO - Setting next_dagrun for example_subdag_operator.section-2 to None, run_after=None
[2025-12-27T14:19:03.127+0000] {logging_mixin.py:188} INFO - [2025-12-27T14:19:03.126+0000] {dag.py:3096} INFO - Sync 2 DAGs
[2025-12-27T14:19:03.145+0000] {logging_mixin.py:188} INFO - [2025-12-27T14:19:03.145+0000] {dag.py:3954} INFO - Setting next_dagrun for example_subdag_operator.section-1 to None, run_after=None
[2025-12-27T14:19:03.147+0000] {logging_mixin.py:188} INFO - [2025-12-27T14:19:03.146+0000] {dag.py:3954} INFO - Setting next_dagrun for example_subdag_operator.section-2 to None, run_after=None
[2025-12-27T14:19:03.186+0000] {processor.py:183} INFO - Processing /home/airflow/.local/lib/python3.12/site-packages/airflow/example_dags/example_subdag_operator.py took 0.345 seconds
[2025-12-27T14:19:35.680+0000] {processor.py:161} INFO - Started process (PID=551) to work on /home/airflow/.local/lib/python3.12/site-packages/airflow/example_dags/example_subdag_operator.py
[2025-12-27T14:19:35.725+0000] {processor.py:830} INFO - Processing file /home/airflow/.local/lib/python3.12/site-packages/airflow/example_dags/example_subdag_operator.py for tasks to queue
[2025-12-27T14:19:35.732+0000] {logging_mixin.py:188} INFO - [2025-12-27T14:19:35.731+0000] {dagbag.py:540} INFO - Filling up the DagBag from /home/airflow/.local/lib/python3.12/site-packages/airflow/example_dags/example_subdag_operator.py
[2025-12-27T14:19:35.796+0000] {processor.py:840} INFO - DAG(s) 'example_subdag_operator.section-1', 'example_subdag_operator.section-2', 'example_subdag_operator' retrieved from /home/airflow/.local/lib/python3.12/site-packages/airflow/example_dags/example_subdag_operator.py
[2025-12-27T14:19:35.834+0000] {logging_mixin.py:188} INFO - [2025-12-27T14:19:35.833+0000] {dag.py:3096} INFO - Sync 3 DAGs
[2025-12-27T14:19:35.896+0000] {logging_mixin.py:188} INFO - [2025-12-27T14:19:35.895+0000] {dag.py:3954} INFO - Setting next_dagrun for example_subdag_operator to 2022-01-01 00:00:00+00:00, run_after=2022-01-01 00:00:00+00:00
[2025-12-27T14:19:35.905+0000] {logging_mixin.py:188} INFO - [2025-12-27T14:19:35.905+0000] {dag.py:3954} INFO - Setting next_dagrun for example_subdag_operator.section-1 to None, run_after=None
[2025-12-27T14:19:35.911+0000] {logging_mixin.py:188} INFO - [2025-12-27T14:19:35.911+0000] {dag.py:3954} INFO - Setting next_dagrun for example_subdag_operator.section-2 to None, run_after=None
[2025-12-27T14:19:35.936+0000] {logging_mixin.py:188} INFO - [2025-12-27T14:19:35.935+0000] {dag.py:3096} INFO - Sync 2 DAGs
[2025-12-27T14:19:35.954+0000] {logging_mixin.py:188} INFO - [2025-12-27T14:19:35.953+0000] {dag.py:3954} INFO - Setting next_dagrun for example_subdag_operator.section-1 to None, run_after=None
[2025-12-27T14:19:35.956+0000] {logging_mixin.py:188} INFO - [2025-12-27T14:19:35.955+0000] {dag.py:3954} INFO - Setting next_dagrun for example_subdag_operator.section-2 to None, run_after=None
[2025-12-27T14:19:36.173+0000] {processor.py:183} INFO - Processing /home/airflow/.local/lib/python3.12/site-packages/airflow/example_dags/example_subdag_operator.py took 0.510 seconds
[2025-12-27T14:20:09.423+0000] {processor.py:161} INFO - Started process (PID=609) to work on /home/airflow/.local/lib/python3.12/site-packages/airflow/example_dags/example_subdag_operator.py
[2025-12-27T14:20:09.428+0000] {processor.py:830} INFO - Processing file /home/airflow/.local/lib/python3.12/site-packages/airflow/example_dags/example_subdag_operator.py for tasks to queue
[2025-12-27T14:20:09.444+0000] {logging_mixin.py:188} INFO - [2025-12-27T14:20:09.443+0000] {dagbag.py:540} INFO - Filling up the DagBag from /home/airflow/.local/lib/python3.12/site-packages/airflow/example_dags/example_subdag_operator.py
[2025-12-27T14:20:09.586+0000] {processor.py:840} INFO - DAG(s) 'example_subdag_operator.section-1', 'example_subdag_operator.section-2', 'example_subdag_operator' retrieved from /home/airflow/.local/lib/python3.12/site-packages/airflow/example_dags/example_subdag_operator.py
[2025-12-27T14:20:09.735+0000] {logging_mixin.py:188} INFO - [2025-12-27T14:20:09.729+0000] {dag.py:3096} INFO - Sync 3 DAGs
[2025-12-27T14:20:09.813+0000] {logging_mixin.py:188} INFO - [2025-12-27T14:20:09.812+0000] {dag.py:3954} INFO - Setting next_dagrun for example_subdag_operator to 2022-01-01 00:00:00+00:00, run_after=2022-01-01 00:00:00+00:00
[2025-12-27T14:20:09.862+0000] {logging_mixin.py:188} INFO - [2025-12-27T14:20:09.861+0000] {dag.py:3954} INFO - Setting next_dagrun for example_subdag_operator.section-1 to None, run_after=None
[2025-12-27T14:20:09.886+0000] {logging_mixin.py:188} INFO - [2025-12-27T14:20:09.885+0000] {dag.py:3954} INFO - Setting next_dagrun for example_subdag_operator.section-2 to None, run_after=None
[2025-12-27T14:20:09.978+0000] {logging_mixin.py:188} INFO - [2025-12-27T14:20:09.971+0000] {dag.py:3096} INFO - Sync 2 DAGs
[2025-12-27T14:20:10.051+0000] {logging_mixin.py:188} INFO - [2025-12-27T14:20:10.042+0000] {dag.py:3954} INFO - Setting next_dagrun for example_subdag_operator.section-1 to None, run_after=None
[2025-12-27T14:20:10.070+0000] {logging_mixin.py:188} INFO - [2025-12-27T14:20:10.070+0000] {dag.py:3954} INFO - Setting next_dagrun for example_subdag_operator.section-2 to None, run_after=None
[2025-12-27T14:20:10.185+0000] {processor.py:183} INFO - Processing /home/airflow/.local/lib/python3.12/site-packages/airflow/example_dags/example_subdag_operator.py took 0.792 seconds
[2025-12-27T14:20:40.586+0000] {processor.py:161} INFO - Started process (PID=667) to work on /home/airflow/.local/lib/python3.12/site-packages/airflow/example_dags/example_subdag_operator.py
[2025-12-27T14:20:40.590+0000] {processor.py:830} INFO - Processing file /home/airflow/.local/lib/python3.12/site-packages/airflow/example_dags/example_subdag_operator.py for tasks to queue
[2025-12-27T14:20:40.595+0000] {logging_mixin.py:188} INFO - [2025-12-27T14:20:40.594+0000] {dagbag.py:540} INFO - Filling up the DagBag from /home/airflow/.local/lib/python3.12/site-packages/airflow/example_dags/example_subdag_operator.py
[2025-12-27T14:20:40.665+0000] {processor.py:840} INFO - DAG(s) 'example_subdag_operator.section-1', 'example_subdag_operator.section-2', 'example_subdag_operator' retrieved from /home/airflow/.local/lib/python3.12/site-packages/airflow/example_dags/example_subdag_operator.py
[2025-12-27T14:20:40.710+0000] {logging_mixin.py:188} INFO - [2025-12-27T14:20:40.709+0000] {dag.py:3096} INFO - Sync 3 DAGs
[2025-12-27T14:20:40.771+0000] {logging_mixin.py:188} INFO - [2025-12-27T14:20:40.770+0000] {dag.py:3954} INFO - Setting next_dagrun for example_subdag_operator to 2022-01-01 00:00:00+00:00, run_after=2022-01-01 00:00:00+00:00
[2025-12-27T14:20:40.782+0000] {logging_mixin.py:188} INFO - [2025-12-27T14:20:40.781+0000] {dag.py:3954} INFO - Setting next_dagrun for example_subdag_operator.section-1 to None, run_after=None
[2025-12-27T14:20:40.786+0000] {logging_mixin.py:188} INFO - [2025-12-27T14:20:40.786+0000] {dag.py:3954} INFO - Setting next_dagrun for example_subdag_operator.section-2 to None, run_after=None
[2025-12-27T14:20:40.807+0000] {logging_mixin.py:188} INFO - [2025-12-27T14:20:40.807+0000] {dag.py:3096} INFO - Sync 2 DAGs
[2025-12-27T14:20:40.819+0000] {logging_mixin.py:188} INFO - [2025-12-27T14:20:40.819+0000] {dag.py:3954} INFO - Setting next_dagrun for example_subdag_operator.section-1 to None, run_after=None
[2025-12-27T14:20:40.821+0000] {logging_mixin.py:188} INFO - [2025-12-27T14:20:40.821+0000] {dag.py:3954} INFO - Setting next_dagrun for example_subdag_operator.section-2 to None, run_after=None
[2025-12-27T14:20:40.853+0000] {processor.py:183} INFO - Processing /home/airflow/.local/lib/python3.12/site-packages/airflow/example_dags/example_subdag_operator.py took 0.284 seconds
[2025-12-27T14:21:11.688+0000] {processor.py:161} INFO - Started process (PID=723) to work on /home/airflow/.local/lib/python3.12/site-packages/airflow/example_dags/example_subdag_operator.py
[2025-12-27T14:21:11.701+0000] {processor.py:830} INFO - Processing file /home/airflow/.local/lib/python3.12/site-packages/airflow/example_dags/example_subdag_operator.py for tasks to queue
[2025-12-27T14:21:11.706+0000] {logging_mixin.py:188} INFO - [2025-12-27T14:21:11.705+0000] {dagbag.py:540} INFO - Filling up the DagBag from /home/airflow/.local/lib/python3.12/site-packages/airflow/example_dags/example_subdag_operator.py
[2025-12-27T14:21:11.887+0000] {processor.py:840} INFO - DAG(s) 'example_subdag_operator.section-1', 'example_subdag_operator.section-2', 'example_subdag_operator' retrieved from /home/airflow/.local/lib/python3.12/site-packages/airflow/example_dags/example_subdag_operator.py
[2025-12-27T14:21:12.013+0000] {logging_mixin.py:188} INFO - [2025-12-27T14:21:12.012+0000] {dag.py:3096} INFO - Sync 3 DAGs
[2025-12-27T14:21:12.151+0000] {logging_mixin.py:188} INFO - [2025-12-27T14:21:12.150+0000] {dag.py:3954} INFO - Setting next_dagrun for example_subdag_operator to 2022-01-01 00:00:00+00:00, run_after=2022-01-01 00:00:00+00:00
[2025-12-27T14:21:12.185+0000] {logging_mixin.py:188} INFO - [2025-12-27T14:21:12.181+0000] {dag.py:3954} INFO - Setting next_dagrun for example_subdag_operator.section-1 to None, run_after=None
[2025-12-27T14:21:12.195+0000] {logging_mixin.py:188} INFO - [2025-12-27T14:21:12.194+0000] {dag.py:3954} INFO - Setting next_dagrun for example_subdag_operator.section-2 to None, run_after=None
[2025-12-27T14:21:12.259+0000] {logging_mixin.py:188} INFO - [2025-12-27T14:21:12.258+0000] {dag.py:3096} INFO - Sync 2 DAGs
[2025-12-27T14:21:12.300+0000] {logging_mixin.py:188} INFO - [2025-12-27T14:21:12.299+0000] {dag.py:3954} INFO - Setting next_dagrun for example_subdag_operator.section-1 to None, run_after=None
[2025-12-27T14:21:12.308+0000] {logging_mixin.py:188} INFO - [2025-12-27T14:21:12.307+0000] {dag.py:3954} INFO - Setting next_dagrun for example_subdag_operator.section-2 to None, run_after=None
[2025-12-27T14:21:12.392+0000] {processor.py:183} INFO - Processing /home/airflow/.local/lib/python3.12/site-packages/airflow/example_dags/example_subdag_operator.py took 0.759 seconds
[2025-12-27T14:21:48.066+0000] {processor.py:161} INFO - Started process (PID=780) to work on /home/airflow/.local/lib/python3.12/site-packages/airflow/example_dags/example_subdag_operator.py
[2025-12-27T14:21:48.082+0000] {processor.py:830} INFO - Processing file /home/airflow/.local/lib/python3.12/site-packages/airflow/example_dags/example_subdag_operator.py for tasks to queue
[2025-12-27T14:21:48.104+0000] {logging_mixin.py:188} INFO - [2025-12-27T14:21:48.103+0000] {dagbag.py:540} INFO - Filling up the DagBag from /home/airflow/.local/lib/python3.12/site-packages/airflow/example_dags/example_subdag_operator.py
[2025-12-27T14:21:48.356+0000] {processor.py:840} INFO - DAG(s) 'example_subdag_operator.section-1', 'example_subdag_operator.section-2', 'example_subdag_operator' retrieved from /home/airflow/.local/lib/python3.12/site-packages/airflow/example_dags/example_subdag_operator.py
[2025-12-27T14:21:48.549+0000] {logging_mixin.py:188} INFO - [2025-12-27T14:21:48.547+0000] {dag.py:3096} INFO - Sync 3 DAGs
[2025-12-27T14:21:48.861+0000] {logging_mixin.py:188} INFO - [2025-12-27T14:21:48.860+0000] {dag.py:3954} INFO - Setting next_dagrun for example_subdag_operator to 2022-01-01 00:00:00+00:00, run_after=2022-01-01 00:00:00+00:00
[2025-12-27T14:21:48.898+0000] {logging_mixin.py:188} INFO - [2025-12-27T14:21:48.897+0000] {dag.py:3954} INFO - Setting next_dagrun for example_subdag_operator.section-1 to None, run_after=None
[2025-12-27T14:21:48.910+0000] {logging_mixin.py:188} INFO - [2025-12-27T14:21:48.909+0000] {dag.py:3954} INFO - Setting next_dagrun for example_subdag_operator.section-2 to None, run_after=None
[2025-12-27T14:21:48.982+0000] {logging_mixin.py:188} INFO - [2025-12-27T14:21:48.981+0000] {dag.py:3096} INFO - Sync 2 DAGs
[2025-12-27T14:21:49.050+0000] {logging_mixin.py:188} INFO - [2025-12-27T14:21:49.049+0000] {dag.py:3954} INFO - Setting next_dagrun for example_subdag_operator.section-1 to None, run_after=None
[2025-12-27T14:21:49.060+0000] {logging_mixin.py:188} INFO - [2025-12-27T14:21:49.059+0000] {dag.py:3954} INFO - Setting next_dagrun for example_subdag_operator.section-2 to None, run_after=None
[2025-12-27T14:21:49.207+0000] {processor.py:183} INFO - Processing /home/airflow/.local/lib/python3.12/site-packages/airflow/example_dags/example_subdag_operator.py took 1.211 seconds
[2025-12-27T14:22:48.387+0000] {processor.py:161} INFO - Started process (PID=845) to work on /home/airflow/.local/lib/python3.12/site-packages/airflow/example_dags/example_subdag_operator.py
[2025-12-27T14:22:48.396+0000] {processor.py:830} INFO - Processing file /home/airflow/.local/lib/python3.12/site-packages/airflow/example_dags/example_subdag_operator.py for tasks to queue
[2025-12-27T14:22:48.422+0000] {logging_mixin.py:188} INFO - [2025-12-27T14:22:48.411+0000] {dagbag.py:540} INFO - Filling up the DagBag from /home/airflow/.local/lib/python3.12/site-packages/airflow/example_dags/example_subdag_operator.py
[2025-12-27T14:22:48.758+0000] {processor.py:840} INFO - DAG(s) 'example_subdag_operator.section-1', 'example_subdag_operator.section-2', 'example_subdag_operator' retrieved from /home/airflow/.local/lib/python3.12/site-packages/airflow/example_dags/example_subdag_operator.py
[2025-12-27T14:22:49.020+0000] {logging_mixin.py:188} INFO - [2025-12-27T14:22:49.019+0000] {dag.py:3096} INFO - Sync 3 DAGs
[2025-12-27T14:22:49.279+0000] {logging_mixin.py:188} INFO - [2025-12-27T14:22:49.279+0000] {dag.py:3954} INFO - Setting next_dagrun for example_subdag_operator to 2022-01-01 00:00:00+00:00, run_after=2022-01-01 00:00:00+00:00
[2025-12-27T14:22:49.329+0000] {logging_mixin.py:188} INFO - [2025-12-27T14:22:49.329+0000] {dag.py:3954} INFO - Setting next_dagrun for example_subdag_operator.section-1 to None, run_after=None
[2025-12-27T14:22:49.343+0000] {logging_mixin.py:188} INFO - [2025-12-27T14:22:49.342+0000] {dag.py:3954} INFO - Setting next_dagrun for example_subdag_operator.section-2 to None, run_after=None
[2025-12-27T14:22:49.445+0000] {logging_mixin.py:188} INFO - [2025-12-27T14:22:49.444+0000] {dag.py:3096} INFO - Sync 2 DAGs
[2025-12-27T14:22:49.520+0000] {logging_mixin.py:188} INFO - [2025-12-27T14:22:49.512+0000] {dag.py:3954} INFO - Setting next_dagrun for example_subdag_operator.section-1 to None, run_after=None
[2025-12-27T14:22:49.527+0000] {logging_mixin.py:188} INFO - [2025-12-27T14:22:49.527+0000] {dag.py:3954} INFO - Setting next_dagrun for example_subdag_operator.section-2 to None, run_after=None
[2025-12-27T14:22:49.645+0000] {processor.py:183} INFO - Processing /home/airflow/.local/lib/python3.12/site-packages/airflow/example_dags/example_subdag_operator.py took 1.335 seconds
[2025-12-27T14:23:55.442+0000] {processor.py:161} INFO - Started process (PID=881) to work on /home/airflow/.local/lib/python3.12/site-packages/airflow/example_dags/example_subdag_operator.py
[2025-12-27T14:23:55.451+0000] {processor.py:830} INFO - Processing file /home/airflow/.local/lib/python3.12/site-packages/airflow/example_dags/example_subdag_operator.py for tasks to queue
[2025-12-27T14:23:55.469+0000] {logging_mixin.py:188} INFO - [2025-12-27T14:23:55.466+0000] {dagbag.py:540} INFO - Filling up the DagBag from /home/airflow/.local/lib/python3.12/site-packages/airflow/example_dags/example_subdag_operator.py
[2025-12-27T14:23:55.692+0000] {processor.py:840} INFO - DAG(s) 'example_subdag_operator.section-1', 'example_subdag_operator.section-2', 'example_subdag_operator' retrieved from /home/airflow/.local/lib/python3.12/site-packages/airflow/example_dags/example_subdag_operator.py
[2025-12-27T14:23:55.916+0000] {logging_mixin.py:188} INFO - [2025-12-27T14:23:55.915+0000] {dag.py:3096} INFO - Sync 3 DAGs
[2025-12-27T14:23:56.152+0000] {logging_mixin.py:188} INFO - [2025-12-27T14:23:56.151+0000] {dag.py:3954} INFO - Setting next_dagrun for example_subdag_operator to 2022-01-01 00:00:00+00:00, run_after=2022-01-01 00:00:00+00:00
[2025-12-27T14:23:56.188+0000] {logging_mixin.py:188} INFO - [2025-12-27T14:23:56.188+0000] {dag.py:3954} INFO - Setting next_dagrun for example_subdag_operator.section-1 to None, run_after=None
[2025-12-27T14:23:56.205+0000] {logging_mixin.py:188} INFO - [2025-12-27T14:23:56.204+0000] {dag.py:3954} INFO - Setting next_dagrun for example_subdag_operator.section-2 to None, run_after=None
[2025-12-27T14:23:56.258+0000] {logging_mixin.py:188} INFO - [2025-12-27T14:23:56.256+0000] {dag.py:3096} INFO - Sync 2 DAGs
[2025-12-27T14:23:56.300+0000] {logging_mixin.py:188} INFO - [2025-12-27T14:23:56.298+0000] {dag.py:3954} INFO - Setting next_dagrun for example_subdag_operator.section-1 to None, run_after=None
[2025-12-27T14:23:56.304+0000] {logging_mixin.py:188} INFO - [2025-12-27T14:23:56.303+0000] {dag.py:3954} INFO - Setting next_dagrun for example_subdag_operator.section-2 to None, run_after=None
[2025-12-27T14:23:56.387+0000] {processor.py:183} INFO - Processing /home/airflow/.local/lib/python3.12/site-packages/airflow/example_dags/example_subdag_operator.py took 1.000 seconds
[2025-12-27T14:24:26.721+0000] {processor.py:161} INFO - Started process (PID=939) to work on /home/airflow/.local/lib/python3.12/site-packages/airflow/example_dags/example_subdag_operator.py
[2025-12-27T14:24:26.726+0000] {processor.py:830} INFO - Processing file /home/airflow/.local/lib/python3.12/site-packages/airflow/example_dags/example_subdag_operator.py for tasks to queue
[2025-12-27T14:24:26.730+0000] {logging_mixin.py:188} INFO - [2025-12-27T14:24:26.728+0000] {dagbag.py:540} INFO - Filling up the DagBag from /home/airflow/.local/lib/python3.12/site-packages/airflow/example_dags/example_subdag_operator.py
[2025-12-27T14:24:26.869+0000] {processor.py:840} INFO - DAG(s) 'example_subdag_operator.section-1', 'example_subdag_operator.section-2', 'example_subdag_operator' retrieved from /home/airflow/.local/lib/python3.12/site-packages/airflow/example_dags/example_subdag_operator.py
[2025-12-27T14:24:26.979+0000] {logging_mixin.py:188} INFO - [2025-12-27T14:24:26.978+0000] {dag.py:3096} INFO - Sync 3 DAGs
[2025-12-27T14:24:27.111+0000] {logging_mixin.py:188} INFO - [2025-12-27T14:24:27.111+0000] {dag.py:3954} INFO - Setting next_dagrun for example_subdag_operator to 2022-01-01 00:00:00+00:00, run_after=2022-01-01 00:00:00+00:00
[2025-12-27T14:24:27.127+0000] {logging_mixin.py:188} INFO - [2025-12-27T14:24:27.126+0000] {dag.py:3954} INFO - Setting next_dagrun for example_subdag_operator.section-1 to None, run_after=None
[2025-12-27T14:24:27.132+0000] {logging_mixin.py:188} INFO - [2025-12-27T14:24:27.131+0000] {dag.py:3954} INFO - Setting next_dagrun for example_subdag_operator.section-2 to None, run_after=None
[2025-12-27T14:24:27.164+0000] {logging_mixin.py:188} INFO - [2025-12-27T14:24:27.164+0000] {dag.py:3096} INFO - Sync 2 DAGs
[2025-12-27T14:24:27.192+0000] {logging_mixin.py:188} INFO - [2025-12-27T14:24:27.191+0000] {dag.py:3954} INFO - Setting next_dagrun for example_subdag_operator.section-1 to None, run_after=None
[2025-12-27T14:24:27.195+0000] {logging_mixin.py:188} INFO - [2025-12-27T14:24:27.194+0000] {dag.py:3954} INFO - Setting next_dagrun for example_subdag_operator.section-2 to None, run_after=None
[2025-12-27T14:24:27.749+0000] {processor.py:183} INFO - Processing /home/airflow/.local/lib/python3.12/site-packages/airflow/example_dags/example_subdag_operator.py took 1.060 seconds
[2025-12-27T14:25:07.317+0000] {processor.py:161} INFO - Started process (PID=992) to work on /home/airflow/.local/lib/python3.12/site-packages/airflow/example_dags/example_subdag_operator.py
[2025-12-27T14:25:07.321+0000] {processor.py:830} INFO - Processing file /home/airflow/.local/lib/python3.12/site-packages/airflow/example_dags/example_subdag_operator.py for tasks to queue
[2025-12-27T14:25:07.324+0000] {logging_mixin.py:188} INFO - [2025-12-27T14:25:07.323+0000] {dagbag.py:540} INFO - Filling up the DagBag from /home/airflow/.local/lib/python3.12/site-packages/airflow/example_dags/example_subdag_operator.py
[2025-12-27T14:25:07.442+0000] {processor.py:840} INFO - DAG(s) 'example_subdag_operator.section-1', 'example_subdag_operator.section-2', 'example_subdag_operator' retrieved from /home/airflow/.local/lib/python3.12/site-packages/airflow/example_dags/example_subdag_operator.py
[2025-12-27T14:25:07.550+0000] {logging_mixin.py:188} INFO - [2025-12-27T14:25:07.550+0000] {dag.py:3096} INFO - Sync 3 DAGs
[2025-12-27T14:25:07.680+0000] {logging_mixin.py:188} INFO - [2025-12-27T14:25:07.679+0000] {dag.py:3954} INFO - Setting next_dagrun for example_subdag_operator to 2022-01-01 00:00:00+00:00, run_after=2022-01-01 00:00:00+00:00
[2025-12-27T14:25:07.697+0000] {logging_mixin.py:188} INFO - [2025-12-27T14:25:07.696+0000] {dag.py:3954} INFO - Setting next_dagrun for example_subdag_operator.section-1 to None, run_after=None
[2025-12-27T14:25:07.702+0000] {logging_mixin.py:188} INFO - [2025-12-27T14:25:07.701+0000] {dag.py:3954} INFO - Setting next_dagrun for example_subdag_operator.section-2 to None, run_after=None
[2025-12-27T14:25:07.733+0000] {logging_mixin.py:188} INFO - [2025-12-27T14:25:07.733+0000] {dag.py:3096} INFO - Sync 2 DAGs
[2025-12-27T14:25:07.753+0000] {logging_mixin.py:188} INFO - [2025-12-27T14:25:07.752+0000] {dag.py:3954} INFO - Setting next_dagrun for example_subdag_operator.section-1 to None, run_after=None
[2025-12-27T14:25:07.755+0000] {logging_mixin.py:188} INFO - [2025-12-27T14:25:07.754+0000] {dag.py:3954} INFO - Setting next_dagrun for example_subdag_operator.section-2 to None, run_after=None
[2025-12-27T14:25:07.802+0000] {processor.py:183} INFO - Processing /home/airflow/.local/lib/python3.12/site-packages/airflow/example_dags/example_subdag_operator.py took 0.518 seconds
[2025-12-27T14:26:16.642+0000] {processor.py:161} INFO - Started process (PID=1052) to work on /home/airflow/.local/lib/python3.12/site-packages/airflow/example_dags/example_subdag_operator.py
[2025-12-27T14:26:16.681+0000] {processor.py:830} INFO - Processing file /home/airflow/.local/lib/python3.12/site-packages/airflow/example_dags/example_subdag_operator.py for tasks to queue
[2025-12-27T14:26:16.685+0000] {logging_mixin.py:188} INFO - [2025-12-27T14:26:16.683+0000] {dagbag.py:540} INFO - Filling up the DagBag from /home/airflow/.local/lib/python3.12/site-packages/airflow/example_dags/example_subdag_operator.py
[2025-12-27T14:26:16.787+0000] {processor.py:840} INFO - DAG(s) 'example_subdag_operator.section-1', 'example_subdag_operator.section-2', 'example_subdag_operator' retrieved from /home/airflow/.local/lib/python3.12/site-packages/airflow/example_dags/example_subdag_operator.py
[2025-12-27T14:26:16.848+0000] {logging_mixin.py:188} INFO - [2025-12-27T14:26:16.847+0000] {dag.py:3096} INFO - Sync 3 DAGs
[2025-12-27T14:26:16.946+0000] {logging_mixin.py:188} INFO - [2025-12-27T14:26:16.946+0000] {dag.py:3954} INFO - Setting next_dagrun for example_subdag_operator to 2022-01-01 00:00:00+00:00, run_after=2022-01-01 00:00:00+00:00
[2025-12-27T14:26:16.960+0000] {logging_mixin.py:188} INFO - [2025-12-27T14:26:16.959+0000] {dag.py:3954} INFO - Setting next_dagrun for example_subdag_operator.section-1 to None, run_after=None
[2025-12-27T14:26:16.965+0000] {logging_mixin.py:188} INFO - [2025-12-27T14:26:16.964+0000] {dag.py:3954} INFO - Setting next_dagrun for example_subdag_operator.section-2 to None, run_after=None
[2025-12-27T14:26:16.993+0000] {logging_mixin.py:188} INFO - [2025-12-27T14:26:16.992+0000] {dag.py:3096} INFO - Sync 2 DAGs
[2025-12-27T14:26:17.011+0000] {logging_mixin.py:188} INFO - [2025-12-27T14:26:17.011+0000] {dag.py:3954} INFO - Setting next_dagrun for example_subdag_operator.section-1 to None, run_after=None
[2025-12-27T14:26:17.015+0000] {logging_mixin.py:188} INFO - [2025-12-27T14:26:17.014+0000] {dag.py:3954} INFO - Setting next_dagrun for example_subdag_operator.section-2 to None, run_after=None
[2025-12-27T14:26:17.057+0000] {processor.py:183} INFO - Processing /home/airflow/.local/lib/python3.12/site-packages/airflow/example_dags/example_subdag_operator.py took 0.433 seconds
[2025-12-27T14:26:52.674+0000] {processor.py:161} INFO - Started process (PID=1111) to work on /home/airflow/.local/lib/python3.12/site-packages/airflow/example_dags/example_subdag_operator.py
[2025-12-27T14:26:52.679+0000] {processor.py:830} INFO - Processing file /home/airflow/.local/lib/python3.12/site-packages/airflow/example_dags/example_subdag_operator.py for tasks to queue
[2025-12-27T14:26:52.684+0000] {logging_mixin.py:188} INFO - [2025-12-27T14:26:52.682+0000] {dagbag.py:540} INFO - Filling up the DagBag from /home/airflow/.local/lib/python3.12/site-packages/airflow/example_dags/example_subdag_operator.py
[2025-12-27T14:26:52.808+0000] {processor.py:840} INFO - DAG(s) 'example_subdag_operator.section-1', 'example_subdag_operator.section-2', 'example_subdag_operator' retrieved from /home/airflow/.local/lib/python3.12/site-packages/airflow/example_dags/example_subdag_operator.py
[2025-12-27T14:26:52.892+0000] {logging_mixin.py:188} INFO - [2025-12-27T14:26:52.891+0000] {dag.py:3096} INFO - Sync 3 DAGs
[2025-12-27T14:26:53.758+0000] {logging_mixin.py:188} INFO - [2025-12-27T14:26:53.757+0000] {dag.py:3954} INFO - Setting next_dagrun for example_subdag_operator to 2022-01-01 00:00:00+00:00, run_after=2022-01-01 00:00:00+00:00
[2025-12-27T14:26:53.778+0000] {logging_mixin.py:188} INFO - [2025-12-27T14:26:53.777+0000] {dag.py:3954} INFO - Setting next_dagrun for example_subdag_operator.section-1 to None, run_after=None
[2025-12-27T14:26:53.785+0000] {logging_mixin.py:188} INFO - [2025-12-27T14:26:53.783+0000] {dag.py:3954} INFO - Setting next_dagrun for example_subdag_operator.section-2 to None, run_after=None
[2025-12-27T14:26:53.820+0000] {logging_mixin.py:188} INFO - [2025-12-27T14:26:53.819+0000] {dag.py:3096} INFO - Sync 2 DAGs
[2025-12-27T14:26:53.852+0000] {logging_mixin.py:188} INFO - [2025-12-27T14:26:53.850+0000] {dag.py:3954} INFO - Setting next_dagrun for example_subdag_operator.section-1 to None, run_after=None
[2025-12-27T14:26:53.855+0000] {logging_mixin.py:188} INFO - [2025-12-27T14:26:53.854+0000] {dag.py:3954} INFO - Setting next_dagrun for example_subdag_operator.section-2 to None, run_after=None
[2025-12-27T14:26:53.909+0000] {processor.py:183} INFO - Processing /home/airflow/.local/lib/python3.12/site-packages/airflow/example_dags/example_subdag_operator.py took 1.273 seconds
[2025-12-27T14:27:37.026+0000] {processor.py:161} INFO - Started process (PID=1143) to work on /home/airflow/.local/lib/python3.12/site-packages/airflow/example_dags/example_subdag_operator.py
[2025-12-27T14:27:37.031+0000] {processor.py:830} INFO - Processing file /home/airflow/.local/lib/python3.12/site-packages/airflow/example_dags/example_subdag_operator.py for tasks to queue
[2025-12-27T14:27:37.035+0000] {logging_mixin.py:188} INFO - [2025-12-27T14:27:37.033+0000] {dagbag.py:540} INFO - Filling up the DagBag from /home/airflow/.local/lib/python3.12/site-packages/airflow/example_dags/example_subdag_operator.py
[2025-12-27T14:27:37.144+0000] {processor.py:840} INFO - DAG(s) 'example_subdag_operator.section-1', 'example_subdag_operator.section-2', 'example_subdag_operator' retrieved from /home/airflow/.local/lib/python3.12/site-packages/airflow/example_dags/example_subdag_operator.py
[2025-12-27T14:27:37.270+0000] {logging_mixin.py:188} INFO - [2025-12-27T14:27:37.267+0000] {dag.py:3096} INFO - Sync 3 DAGs
[2025-12-27T14:27:37.434+0000] {logging_mixin.py:188} INFO - [2025-12-27T14:27:37.433+0000] {dag.py:3954} INFO - Setting next_dagrun for example_subdag_operator to 2022-01-01 00:00:00+00:00, run_after=2022-01-01 00:00:00+00:00
[2025-12-27T14:27:37.547+0000] {logging_mixin.py:188} INFO - [2025-12-27T14:27:37.546+0000] {dag.py:3954} INFO - Setting next_dagrun for example_subdag_operator.section-1 to None, run_after=None
[2025-12-27T14:27:37.609+0000] {logging_mixin.py:188} INFO - [2025-12-27T14:27:37.609+0000] {dag.py:3954} INFO - Setting next_dagrun for example_subdag_operator.section-2 to None, run_after=None
[2025-12-27T14:27:37.729+0000] {logging_mixin.py:188} INFO - [2025-12-27T14:27:37.728+0000] {dag.py:3096} INFO - Sync 2 DAGs
[2025-12-27T14:27:37.790+0000] {logging_mixin.py:188} INFO - [2025-12-27T14:27:37.790+0000] {dag.py:3954} INFO - Setting next_dagrun for example_subdag_operator.section-1 to None, run_after=None
[2025-12-27T14:27:37.803+0000] {logging_mixin.py:188} INFO - [2025-12-27T14:27:37.802+0000] {dag.py:3954} INFO - Setting next_dagrun for example_subdag_operator.section-2 to None, run_after=None
[2025-12-27T14:27:37.887+0000] {processor.py:183} INFO - Processing /home/airflow/.local/lib/python3.12/site-packages/airflow/example_dags/example_subdag_operator.py took 0.897 seconds
[2025-12-27T14:28:11.064+0000] {processor.py:161} INFO - Started process (PID=1201) to work on /home/airflow/.local/lib/python3.12/site-packages/airflow/example_dags/example_subdag_operator.py
[2025-12-27T14:28:11.068+0000] {processor.py:830} INFO - Processing file /home/airflow/.local/lib/python3.12/site-packages/airflow/example_dags/example_subdag_operator.py for tasks to queue
[2025-12-27T14:28:11.072+0000] {logging_mixin.py:188} INFO - [2025-12-27T14:28:11.071+0000] {dagbag.py:540} INFO - Filling up the DagBag from /home/airflow/.local/lib/python3.12/site-packages/airflow/example_dags/example_subdag_operator.py
[2025-12-27T14:28:11.186+0000] {processor.py:840} INFO - DAG(s) 'example_subdag_operator.section-1', 'example_subdag_operator.section-2', 'example_subdag_operator' retrieved from /home/airflow/.local/lib/python3.12/site-packages/airflow/example_dags/example_subdag_operator.py
[2025-12-27T14:28:11.264+0000] {logging_mixin.py:188} INFO - [2025-12-27T14:28:11.263+0000] {dag.py:3096} INFO - Sync 3 DAGs
[2025-12-27T14:28:11.411+0000] {logging_mixin.py:188} INFO - [2025-12-27T14:28:11.409+0000] {dag.py:3954} INFO - Setting next_dagrun for example_subdag_operator to 2022-01-01 00:00:00+00:00, run_after=2022-01-01 00:00:00+00:00
[2025-12-27T14:28:11.432+0000] {logging_mixin.py:188} INFO - [2025-12-27T14:28:11.431+0000] {dag.py:3954} INFO - Setting next_dagrun for example_subdag_operator.section-1 to None, run_after=None
[2025-12-27T14:28:11.437+0000] {logging_mixin.py:188} INFO - [2025-12-27T14:28:11.436+0000] {dag.py:3954} INFO - Setting next_dagrun for example_subdag_operator.section-2 to None, run_after=None
[2025-12-27T14:28:11.461+0000] {logging_mixin.py:188} INFO - [2025-12-27T14:28:11.460+0000] {dag.py:3096} INFO - Sync 2 DAGs
[2025-12-27T14:28:11.479+0000] {logging_mixin.py:188} INFO - [2025-12-27T14:28:11.478+0000] {dag.py:3954} INFO - Setting next_dagrun for example_subdag_operator.section-1 to None, run_after=None
[2025-12-27T14:28:11.481+0000] {logging_mixin.py:188} INFO - [2025-12-27T14:28:11.480+0000] {dag.py:3954} INFO - Setting next_dagrun for example_subdag_operator.section-2 to None, run_after=None
[2025-12-27T14:28:11.524+0000] {processor.py:183} INFO - Processing /home/airflow/.local/lib/python3.12/site-packages/airflow/example_dags/example_subdag_operator.py took 0.491 seconds
[2025-12-27T14:28:41.900+0000] {processor.py:161} INFO - Started process (PID=1258) to work on /home/airflow/.local/lib/python3.12/site-packages/airflow/example_dags/example_subdag_operator.py
[2025-12-27T14:28:41.915+0000] {processor.py:830} INFO - Processing file /home/airflow/.local/lib/python3.12/site-packages/airflow/example_dags/example_subdag_operator.py for tasks to queue
[2025-12-27T14:28:41.918+0000] {logging_mixin.py:188} INFO - [2025-12-27T14:28:41.917+0000] {dagbag.py:540} INFO - Filling up the DagBag from /home/airflow/.local/lib/python3.12/site-packages/airflow/example_dags/example_subdag_operator.py
[2025-12-27T14:28:41.992+0000] {processor.py:840} INFO - DAG(s) 'example_subdag_operator.section-1', 'example_subdag_operator.section-2', 'example_subdag_operator' retrieved from /home/airflow/.local/lib/python3.12/site-packages/airflow/example_dags/example_subdag_operator.py
[2025-12-27T14:28:42.040+0000] {logging_mixin.py:188} INFO - [2025-12-27T14:28:42.039+0000] {dag.py:3096} INFO - Sync 3 DAGs
[2025-12-27T14:28:42.135+0000] {logging_mixin.py:188} INFO - [2025-12-27T14:28:42.134+0000] {dag.py:3954} INFO - Setting next_dagrun for example_subdag_operator to 2022-01-01 00:00:00+00:00, run_after=2022-01-01 00:00:00+00:00
[2025-12-27T14:28:42.148+0000] {logging_mixin.py:188} INFO - [2025-12-27T14:28:42.148+0000] {dag.py:3954} INFO - Setting next_dagrun for example_subdag_operator.section-1 to None, run_after=None
[2025-12-27T14:28:42.153+0000] {logging_mixin.py:188} INFO - [2025-12-27T14:28:42.152+0000] {dag.py:3954} INFO - Setting next_dagrun for example_subdag_operator.section-2 to None, run_after=None
[2025-12-27T14:28:42.181+0000] {logging_mixin.py:188} INFO - [2025-12-27T14:28:42.180+0000] {dag.py:3096} INFO - Sync 2 DAGs
[2025-12-27T14:28:42.198+0000] {logging_mixin.py:188} INFO - [2025-12-27T14:28:42.198+0000] {dag.py:3954} INFO - Setting next_dagrun for example_subdag_operator.section-1 to None, run_after=None
[2025-12-27T14:28:42.200+0000] {logging_mixin.py:188} INFO - [2025-12-27T14:28:42.200+0000] {dag.py:3954} INFO - Setting next_dagrun for example_subdag_operator.section-2 to None, run_after=None
[2025-12-27T14:28:42.403+0000] {processor.py:183} INFO - Processing /home/airflow/.local/lib/python3.12/site-packages/airflow/example_dags/example_subdag_operator.py took 0.524 seconds
[2025-12-27T14:29:12.680+0000] {processor.py:161} INFO - Started process (PID=1315) to work on /home/airflow/.local/lib/python3.12/site-packages/airflow/example_dags/example_subdag_operator.py
[2025-12-27T14:29:12.684+0000] {processor.py:830} INFO - Processing file /home/airflow/.local/lib/python3.12/site-packages/airflow/example_dags/example_subdag_operator.py for tasks to queue
[2025-12-27T14:29:12.686+0000] {logging_mixin.py:188} INFO - [2025-12-27T14:29:12.685+0000] {dagbag.py:540} INFO - Filling up the DagBag from /home/airflow/.local/lib/python3.12/site-packages/airflow/example_dags/example_subdag_operator.py
[2025-12-27T14:29:12.762+0000] {processor.py:840} INFO - DAG(s) 'example_subdag_operator.section-1', 'example_subdag_operator.section-2', 'example_subdag_operator' retrieved from /home/airflow/.local/lib/python3.12/site-packages/airflow/example_dags/example_subdag_operator.py
[2025-12-27T14:29:12.804+0000] {logging_mixin.py:188} INFO - [2025-12-27T14:29:12.803+0000] {dag.py:3096} INFO - Sync 3 DAGs
[2025-12-27T14:29:12.869+0000] {logging_mixin.py:188} INFO - [2025-12-27T14:29:12.868+0000] {dag.py:3954} INFO - Setting next_dagrun for example_subdag_operator to 2022-01-01 00:00:00+00:00, run_after=2022-01-01 00:00:00+00:00
[2025-12-27T14:29:12.880+0000] {logging_mixin.py:188} INFO - [2025-12-27T14:29:12.880+0000] {dag.py:3954} INFO - Setting next_dagrun for example_subdag_operator.section-1 to None, run_after=None
[2025-12-27T14:29:12.886+0000] {logging_mixin.py:188} INFO - [2025-12-27T14:29:12.886+0000] {dag.py:3954} INFO - Setting next_dagrun for example_subdag_operator.section-2 to None, run_after=None
[2025-12-27T14:29:12.910+0000] {logging_mixin.py:188} INFO - [2025-12-27T14:29:12.909+0000] {dag.py:3096} INFO - Sync 2 DAGs
[2025-12-27T14:29:12.923+0000] {logging_mixin.py:188} INFO - [2025-12-27T14:29:12.923+0000] {dag.py:3954} INFO - Setting next_dagrun for example_subdag_operator.section-1 to None, run_after=None
[2025-12-27T14:29:12.925+0000] {logging_mixin.py:188} INFO - [2025-12-27T14:29:12.924+0000] {dag.py:3954} INFO - Setting next_dagrun for example_subdag_operator.section-2 to None, run_after=None
[2025-12-27T14:29:12.956+0000] {processor.py:183} INFO - Processing /home/airflow/.local/lib/python3.12/site-packages/airflow/example_dags/example_subdag_operator.py took 0.296 seconds
[2025-12-27T14:29:43.230+0000] {processor.py:161} INFO - Started process (PID=1373) to work on /home/airflow/.local/lib/python3.12/site-packages/airflow/example_dags/example_subdag_operator.py
[2025-12-27T14:29:43.234+0000] {processor.py:830} INFO - Processing file /home/airflow/.local/lib/python3.12/site-packages/airflow/example_dags/example_subdag_operator.py for tasks to queue
[2025-12-27T14:29:43.238+0000] {logging_mixin.py:188} INFO - [2025-12-27T14:29:43.237+0000] {dagbag.py:540} INFO - Filling up the DagBag from /home/airflow/.local/lib/python3.12/site-packages/airflow/example_dags/example_subdag_operator.py
[2025-12-27T14:29:43.334+0000] {processor.py:840} INFO - DAG(s) 'example_subdag_operator.section-1', 'example_subdag_operator.section-2', 'example_subdag_operator' retrieved from /home/airflow/.local/lib/python3.12/site-packages/airflow/example_dags/example_subdag_operator.py
[2025-12-27T14:29:43.402+0000] {logging_mixin.py:188} INFO - [2025-12-27T14:29:43.401+0000] {dag.py:3096} INFO - Sync 3 DAGs
[2025-12-27T14:29:43.461+0000] {logging_mixin.py:188} INFO - [2025-12-27T14:29:43.460+0000] {dag.py:3954} INFO - Setting next_dagrun for example_subdag_operator to 2022-01-01 00:00:00+00:00, run_after=2022-01-01 00:00:00+00:00
[2025-12-27T14:29:43.470+0000] {logging_mixin.py:188} INFO - [2025-12-27T14:29:43.470+0000] {dag.py:3954} INFO - Setting next_dagrun for example_subdag_operator.section-1 to None, run_after=None
[2025-12-27T14:29:43.474+0000] {logging_mixin.py:188} INFO - [2025-12-27T14:29:43.473+0000] {dag.py:3954} INFO - Setting next_dagrun for example_subdag_operator.section-2 to None, run_after=None
[2025-12-27T14:29:43.499+0000] {logging_mixin.py:188} INFO - [2025-12-27T14:29:43.498+0000] {dag.py:3096} INFO - Sync 2 DAGs
[2025-12-27T14:29:43.514+0000] {logging_mixin.py:188} INFO - [2025-12-27T14:29:43.514+0000] {dag.py:3954} INFO - Setting next_dagrun for example_subdag_operator.section-1 to None, run_after=None
[2025-12-27T14:29:43.516+0000] {logging_mixin.py:188} INFO - [2025-12-27T14:29:43.515+0000] {dag.py:3954} INFO - Setting next_dagrun for example_subdag_operator.section-2 to None, run_after=None
[2025-12-27T14:29:43.551+0000] {processor.py:183} INFO - Processing /home/airflow/.local/lib/python3.12/site-packages/airflow/example_dags/example_subdag_operator.py took 0.346 seconds
[2025-12-27T14:30:14.151+0000] {processor.py:161} INFO - Started process (PID=1432) to work on /home/airflow/.local/lib/python3.12/site-packages/airflow/example_dags/example_subdag_operator.py
[2025-12-27T14:30:14.157+0000] {processor.py:830} INFO - Processing file /home/airflow/.local/lib/python3.12/site-packages/airflow/example_dags/example_subdag_operator.py for tasks to queue
[2025-12-27T14:30:14.161+0000] {logging_mixin.py:188} INFO - [2025-12-27T14:30:14.160+0000] {dagbag.py:540} INFO - Filling up the DagBag from /home/airflow/.local/lib/python3.12/site-packages/airflow/example_dags/example_subdag_operator.py
[2025-12-27T14:30:14.252+0000] {processor.py:840} INFO - DAG(s) 'example_subdag_operator.section-1', 'example_subdag_operator.section-2', 'example_subdag_operator' retrieved from /home/airflow/.local/lib/python3.12/site-packages/airflow/example_dags/example_subdag_operator.py
[2025-12-27T14:30:14.408+0000] {logging_mixin.py:188} INFO - [2025-12-27T14:30:14.407+0000] {dag.py:3096} INFO - Sync 3 DAGs
[2025-12-27T14:30:14.689+0000] {logging_mixin.py:188} INFO - [2025-12-27T14:30:14.681+0000] {dag.py:3954} INFO - Setting next_dagrun for example_subdag_operator to 2022-01-01 00:00:00+00:00, run_after=2022-01-01 00:00:00+00:00
[2025-12-27T14:30:14.721+0000] {logging_mixin.py:188} INFO - [2025-12-27T14:30:14.711+0000] {dag.py:3954} INFO - Setting next_dagrun for example_subdag_operator.section-1 to None, run_after=None
[2025-12-27T14:30:14.743+0000] {logging_mixin.py:188} INFO - [2025-12-27T14:30:14.742+0000] {dag.py:3954} INFO - Setting next_dagrun for example_subdag_operator.section-2 to None, run_after=None
[2025-12-27T14:30:14.792+0000] {logging_mixin.py:188} INFO - [2025-12-27T14:30:14.792+0000] {dag.py:3096} INFO - Sync 2 DAGs
[2025-12-27T14:30:14.845+0000] {logging_mixin.py:188} INFO - [2025-12-27T14:30:14.838+0000] {dag.py:3954} INFO - Setting next_dagrun for example_subdag_operator.section-1 to None, run_after=None
[2025-12-27T14:30:14.853+0000] {logging_mixin.py:188} INFO - [2025-12-27T14:30:14.852+0000] {dag.py:3954} INFO - Setting next_dagrun for example_subdag_operator.section-2 to None, run_after=None
[2025-12-27T14:30:14.953+0000] {processor.py:183} INFO - Processing /home/airflow/.local/lib/python3.12/site-packages/airflow/example_dags/example_subdag_operator.py took 0.856 seconds
[2025-12-27T14:30:45.614+0000] {processor.py:161} INFO - Started process (PID=1491) to work on /home/airflow/.local/lib/python3.12/site-packages/airflow/example_dags/example_subdag_operator.py
[2025-12-27T14:30:45.617+0000] {processor.py:830} INFO - Processing file /home/airflow/.local/lib/python3.12/site-packages/airflow/example_dags/example_subdag_operator.py for tasks to queue
[2025-12-27T14:30:45.621+0000] {logging_mixin.py:188} INFO - [2025-12-27T14:30:45.620+0000] {dagbag.py:540} INFO - Filling up the DagBag from /home/airflow/.local/lib/python3.12/site-packages/airflow/example_dags/example_subdag_operator.py
[2025-12-27T14:30:45.708+0000] {processor.py:840} INFO - DAG(s) 'example_subdag_operator.section-1', 'example_subdag_operator.section-2', 'example_subdag_operator' retrieved from /home/airflow/.local/lib/python3.12/site-packages/airflow/example_dags/example_subdag_operator.py
[2025-12-27T14:30:45.760+0000] {logging_mixin.py:188} INFO - [2025-12-27T14:30:45.758+0000] {dag.py:3096} INFO - Sync 3 DAGs
[2025-12-27T14:30:45.831+0000] {logging_mixin.py:188} INFO - [2025-12-27T14:30:45.830+0000] {dag.py:3954} INFO - Setting next_dagrun for example_subdag_operator to 2022-01-01 00:00:00+00:00, run_after=2022-01-01 00:00:00+00:00
[2025-12-27T14:30:45.844+0000] {logging_mixin.py:188} INFO - [2025-12-27T14:30:45.843+0000] {dag.py:3954} INFO - Setting next_dagrun for example_subdag_operator.section-1 to None, run_after=None
[2025-12-27T14:30:45.849+0000] {logging_mixin.py:188} INFO - [2025-12-27T14:30:45.849+0000] {dag.py:3954} INFO - Setting next_dagrun for example_subdag_operator.section-2 to None, run_after=None
[2025-12-27T14:30:45.869+0000] {logging_mixin.py:188} INFO - [2025-12-27T14:30:45.869+0000] {dag.py:3096} INFO - Sync 2 DAGs
[2025-12-27T14:30:45.889+0000] {logging_mixin.py:188} INFO - [2025-12-27T14:30:45.888+0000] {dag.py:3954} INFO - Setting next_dagrun for example_subdag_operator.section-1 to None, run_after=None
[2025-12-27T14:30:45.891+0000] {logging_mixin.py:188} INFO - [2025-12-27T14:30:45.890+0000] {dag.py:3954} INFO - Setting next_dagrun for example_subdag_operator.section-2 to None, run_after=None
[2025-12-27T14:30:45.943+0000] {processor.py:183} INFO - Processing /home/airflow/.local/lib/python3.12/site-packages/airflow/example_dags/example_subdag_operator.py took 0.348 seconds
[2025-12-27T14:31:16.154+0000] {processor.py:161} INFO - Started process (PID=1549) to work on /home/airflow/.local/lib/python3.12/site-packages/airflow/example_dags/example_subdag_operator.py
[2025-12-27T14:31:16.157+0000] {processor.py:830} INFO - Processing file /home/airflow/.local/lib/python3.12/site-packages/airflow/example_dags/example_subdag_operator.py for tasks to queue
[2025-12-27T14:31:16.160+0000] {logging_mixin.py:188} INFO - [2025-12-27T14:31:16.159+0000] {dagbag.py:540} INFO - Filling up the DagBag from /home/airflow/.local/lib/python3.12/site-packages/airflow/example_dags/example_subdag_operator.py
[2025-12-27T14:31:16.228+0000] {processor.py:840} INFO - DAG(s) 'example_subdag_operator.section-1', 'example_subdag_operator.section-2', 'example_subdag_operator' retrieved from /home/airflow/.local/lib/python3.12/site-packages/airflow/example_dags/example_subdag_operator.py
[2025-12-27T14:31:16.271+0000] {logging_mixin.py:188} INFO - [2025-12-27T14:31:16.271+0000] {dag.py:3096} INFO - Sync 3 DAGs
[2025-12-27T14:31:16.331+0000] {logging_mixin.py:188} INFO - [2025-12-27T14:31:16.330+0000] {dag.py:3954} INFO - Setting next_dagrun for example_subdag_operator to 2022-01-01 00:00:00+00:00, run_after=2022-01-01 00:00:00+00:00
[2025-12-27T14:31:16.342+0000] {logging_mixin.py:188} INFO - [2025-12-27T14:31:16.341+0000] {dag.py:3954} INFO - Setting next_dagrun for example_subdag_operator.section-1 to None, run_after=None
[2025-12-27T14:31:16.346+0000] {logging_mixin.py:188} INFO - [2025-12-27T14:31:16.346+0000] {dag.py:3954} INFO - Setting next_dagrun for example_subdag_operator.section-2 to None, run_after=None
[2025-12-27T14:31:16.364+0000] {logging_mixin.py:188} INFO - [2025-12-27T14:31:16.364+0000] {dag.py:3096} INFO - Sync 2 DAGs
[2025-12-27T14:31:16.378+0000] {logging_mixin.py:188} INFO - [2025-12-27T14:31:16.377+0000] {dag.py:3954} INFO - Setting next_dagrun for example_subdag_operator.section-1 to None, run_after=None
[2025-12-27T14:31:16.379+0000] {logging_mixin.py:188} INFO - [2025-12-27T14:31:16.379+0000] {dag.py:3954} INFO - Setting next_dagrun for example_subdag_operator.section-2 to None, run_after=None
[2025-12-27T14:31:16.412+0000] {processor.py:183} INFO - Processing /home/airflow/.local/lib/python3.12/site-packages/airflow/example_dags/example_subdag_operator.py took 0.275 seconds
[2025-12-27T14:31:46.838+0000] {processor.py:161} INFO - Started process (PID=1607) to work on /home/airflow/.local/lib/python3.12/site-packages/airflow/example_dags/example_subdag_operator.py
[2025-12-27T14:31:46.846+0000] {processor.py:830} INFO - Processing file /home/airflow/.local/lib/python3.12/site-packages/airflow/example_dags/example_subdag_operator.py for tasks to queue
[2025-12-27T14:31:46.853+0000] {logging_mixin.py:188} INFO - [2025-12-27T14:31:46.852+0000] {dagbag.py:540} INFO - Filling up the DagBag from /home/airflow/.local/lib/python3.12/site-packages/airflow/example_dags/example_subdag_operator.py
[2025-12-27T14:31:46.925+0000] {processor.py:840} INFO - DAG(s) 'example_subdag_operator.section-1', 'example_subdag_operator.section-2', 'example_subdag_operator' retrieved from /home/airflow/.local/lib/python3.12/site-packages/airflow/example_dags/example_subdag_operator.py
[2025-12-27T14:31:46.965+0000] {logging_mixin.py:188} INFO - [2025-12-27T14:31:46.965+0000] {dag.py:3096} INFO - Sync 3 DAGs
[2025-12-27T14:31:47.040+0000] {logging_mixin.py:188} INFO - [2025-12-27T14:31:47.040+0000] {dag.py:3954} INFO - Setting next_dagrun for example_subdag_operator to 2022-01-01 00:00:00+00:00, run_after=2022-01-01 00:00:00+00:00
[2025-12-27T14:31:47.056+0000] {logging_mixin.py:188} INFO - [2025-12-27T14:31:47.055+0000] {dag.py:3954} INFO - Setting next_dagrun for example_subdag_operator.section-1 to None, run_after=None
[2025-12-27T14:31:47.062+0000] {logging_mixin.py:188} INFO - [2025-12-27T14:31:47.061+0000] {dag.py:3954} INFO - Setting next_dagrun for example_subdag_operator.section-2 to None, run_after=None
[2025-12-27T14:31:47.085+0000] {logging_mixin.py:188} INFO - [2025-12-27T14:31:47.084+0000] {dag.py:3096} INFO - Sync 2 DAGs
[2025-12-27T14:31:47.102+0000] {logging_mixin.py:188} INFO - [2025-12-27T14:31:47.101+0000] {dag.py:3954} INFO - Setting next_dagrun for example_subdag_operator.section-1 to None, run_after=None
[2025-12-27T14:31:47.103+0000] {logging_mixin.py:188} INFO - [2025-12-27T14:31:47.103+0000] {dag.py:3954} INFO - Setting next_dagrun for example_subdag_operator.section-2 to None, run_after=None
[2025-12-27T14:31:47.140+0000] {processor.py:183} INFO - Processing /home/airflow/.local/lib/python3.12/site-packages/airflow/example_dags/example_subdag_operator.py took 0.341 seconds
[2025-12-27T14:32:17.398+0000] {processor.py:161} INFO - Started process (PID=1665) to work on /home/airflow/.local/lib/python3.12/site-packages/airflow/example_dags/example_subdag_operator.py
[2025-12-27T14:32:17.401+0000] {processor.py:830} INFO - Processing file /home/airflow/.local/lib/python3.12/site-packages/airflow/example_dags/example_subdag_operator.py for tasks to queue
[2025-12-27T14:32:17.404+0000] {logging_mixin.py:188} INFO - [2025-12-27T14:32:17.403+0000] {dagbag.py:540} INFO - Filling up the DagBag from /home/airflow/.local/lib/python3.12/site-packages/airflow/example_dags/example_subdag_operator.py
[2025-12-27T14:32:17.473+0000] {processor.py:840} INFO - DAG(s) 'example_subdag_operator.section-1', 'example_subdag_operator.section-2', 'example_subdag_operator' retrieved from /home/airflow/.local/lib/python3.12/site-packages/airflow/example_dags/example_subdag_operator.py
[2025-12-27T14:32:17.521+0000] {logging_mixin.py:188} INFO - [2025-12-27T14:32:17.520+0000] {dag.py:3096} INFO - Sync 3 DAGs
[2025-12-27T14:32:17.580+0000] {logging_mixin.py:188} INFO - [2025-12-27T14:32:17.579+0000] {dag.py:3954} INFO - Setting next_dagrun for example_subdag_operator to 2022-01-01 00:00:00+00:00, run_after=2022-01-01 00:00:00+00:00
[2025-12-27T14:32:17.592+0000] {logging_mixin.py:188} INFO - [2025-12-27T14:32:17.591+0000] {dag.py:3954} INFO - Setting next_dagrun for example_subdag_operator.section-1 to None, run_after=None
[2025-12-27T14:32:17.596+0000] {logging_mixin.py:188} INFO - [2025-12-27T14:32:17.595+0000] {dag.py:3954} INFO - Setting next_dagrun for example_subdag_operator.section-2 to None, run_after=None
[2025-12-27T14:32:17.620+0000] {logging_mixin.py:188} INFO - [2025-12-27T14:32:17.619+0000] {dag.py:3096} INFO - Sync 2 DAGs
[2025-12-27T14:32:17.634+0000] {logging_mixin.py:188} INFO - [2025-12-27T14:32:17.633+0000] {dag.py:3954} INFO - Setting next_dagrun for example_subdag_operator.section-1 to None, run_after=None
[2025-12-27T14:32:17.635+0000] {logging_mixin.py:188} INFO - [2025-12-27T14:32:17.635+0000] {dag.py:3954} INFO - Setting next_dagrun for example_subdag_operator.section-2 to None, run_after=None
[2025-12-27T14:32:17.672+0000] {processor.py:183} INFO - Processing /home/airflow/.local/lib/python3.12/site-packages/airflow/example_dags/example_subdag_operator.py took 0.291 seconds
[2025-12-27T14:32:48.538+0000] {processor.py:161} INFO - Started process (PID=1723) to work on /home/airflow/.local/lib/python3.12/site-packages/airflow/example_dags/example_subdag_operator.py
[2025-12-27T14:32:48.541+0000] {processor.py:830} INFO - Processing file /home/airflow/.local/lib/python3.12/site-packages/airflow/example_dags/example_subdag_operator.py for tasks to queue
[2025-12-27T14:32:48.543+0000] {logging_mixin.py:188} INFO - [2025-12-27T14:32:48.542+0000] {dagbag.py:540} INFO - Filling up the DagBag from /home/airflow/.local/lib/python3.12/site-packages/airflow/example_dags/example_subdag_operator.py
[2025-12-27T14:32:48.620+0000] {processor.py:840} INFO - DAG(s) 'example_subdag_operator.section-1', 'example_subdag_operator.section-2', 'example_subdag_operator' retrieved from /home/airflow/.local/lib/python3.12/site-packages/airflow/example_dags/example_subdag_operator.py
[2025-12-27T14:32:48.670+0000] {logging_mixin.py:188} INFO - [2025-12-27T14:32:48.669+0000] {dag.py:3096} INFO - Sync 3 DAGs
[2025-12-27T14:32:48.744+0000] {logging_mixin.py:188} INFO - [2025-12-27T14:32:48.743+0000] {dag.py:3954} INFO - Setting next_dagrun for example_subdag_operator to 2022-01-01 00:00:00+00:00, run_after=2022-01-01 00:00:00+00:00
[2025-12-27T14:32:48.754+0000] {logging_mixin.py:188} INFO - [2025-12-27T14:32:48.753+0000] {dag.py:3954} INFO - Setting next_dagrun for example_subdag_operator.section-1 to None, run_after=None
[2025-12-27T14:32:48.759+0000] {logging_mixin.py:188} INFO - [2025-12-27T14:32:48.758+0000] {dag.py:3954} INFO - Setting next_dagrun for example_subdag_operator.section-2 to None, run_after=None
[2025-12-27T14:32:48.781+0000] {logging_mixin.py:188} INFO - [2025-12-27T14:32:48.781+0000] {dag.py:3096} INFO - Sync 2 DAGs
[2025-12-27T14:32:48.795+0000] {logging_mixin.py:188} INFO - [2025-12-27T14:32:48.794+0000] {dag.py:3954} INFO - Setting next_dagrun for example_subdag_operator.section-1 to None, run_after=None
[2025-12-27T14:32:48.796+0000] {logging_mixin.py:188} INFO - [2025-12-27T14:32:48.796+0000] {dag.py:3954} INFO - Setting next_dagrun for example_subdag_operator.section-2 to None, run_after=None
[2025-12-27T14:32:48.828+0000] {processor.py:183} INFO - Processing /home/airflow/.local/lib/python3.12/site-packages/airflow/example_dags/example_subdag_operator.py took 0.315 seconds
[2025-12-27T14:33:21.352+0000] {processor.py:161} INFO - Started process (PID=1788) to work on /home/airflow/.local/lib/python3.12/site-packages/airflow/example_dags/example_subdag_operator.py
[2025-12-27T14:33:21.355+0000] {processor.py:830} INFO - Processing file /home/airflow/.local/lib/python3.12/site-packages/airflow/example_dags/example_subdag_operator.py for tasks to queue
[2025-12-27T14:33:21.361+0000] {logging_mixin.py:188} INFO - [2025-12-27T14:33:21.360+0000] {dagbag.py:540} INFO - Filling up the DagBag from /home/airflow/.local/lib/python3.12/site-packages/airflow/example_dags/example_subdag_operator.py
[2025-12-27T14:33:21.453+0000] {processor.py:840} INFO - DAG(s) 'example_subdag_operator.section-1', 'example_subdag_operator.section-2', 'example_subdag_operator' retrieved from /home/airflow/.local/lib/python3.12/site-packages/airflow/example_dags/example_subdag_operator.py
[2025-12-27T14:33:21.504+0000] {logging_mixin.py:188} INFO - [2025-12-27T14:33:21.503+0000] {dag.py:3096} INFO - Sync 3 DAGs
[2025-12-27T14:33:21.563+0000] {logging_mixin.py:188} INFO - [2025-12-27T14:33:21.562+0000] {dag.py:3954} INFO - Setting next_dagrun for example_subdag_operator to 2022-01-01 00:00:00+00:00, run_after=2022-01-01 00:00:00+00:00
[2025-12-27T14:33:21.579+0000] {logging_mixin.py:188} INFO - [2025-12-27T14:33:21.578+0000] {dag.py:3954} INFO - Setting next_dagrun for example_subdag_operator.section-1 to None, run_after=None
[2025-12-27T14:33:21.585+0000] {logging_mixin.py:188} INFO - [2025-12-27T14:33:21.584+0000] {dag.py:3954} INFO - Setting next_dagrun for example_subdag_operator.section-2 to None, run_after=None
[2025-12-27T14:33:21.610+0000] {logging_mixin.py:188} INFO - [2025-12-27T14:33:21.609+0000] {dag.py:3096} INFO - Sync 2 DAGs
[2025-12-27T14:33:21.628+0000] {logging_mixin.py:188} INFO - [2025-12-27T14:33:21.627+0000] {dag.py:3954} INFO - Setting next_dagrun for example_subdag_operator.section-1 to None, run_after=None
[2025-12-27T14:33:21.629+0000] {logging_mixin.py:188} INFO - [2025-12-27T14:33:21.629+0000] {dag.py:3954} INFO - Setting next_dagrun for example_subdag_operator.section-2 to None, run_after=None
[2025-12-27T14:33:21.664+0000] {processor.py:183} INFO - Processing /home/airflow/.local/lib/python3.12/site-packages/airflow/example_dags/example_subdag_operator.py took 0.335 seconds
[2025-12-27T14:33:52.673+0000] {processor.py:161} INFO - Started process (PID=1846) to work on /home/airflow/.local/lib/python3.12/site-packages/airflow/example_dags/example_subdag_operator.py
[2025-12-27T14:33:52.676+0000] {processor.py:830} INFO - Processing file /home/airflow/.local/lib/python3.12/site-packages/airflow/example_dags/example_subdag_operator.py for tasks to queue
[2025-12-27T14:33:52.679+0000] {logging_mixin.py:188} INFO - [2025-12-27T14:33:52.678+0000] {dagbag.py:540} INFO - Filling up the DagBag from /home/airflow/.local/lib/python3.12/site-packages/airflow/example_dags/example_subdag_operator.py
[2025-12-27T14:33:52.755+0000] {processor.py:840} INFO - DAG(s) 'example_subdag_operator.section-1', 'example_subdag_operator.section-2', 'example_subdag_operator' retrieved from /home/airflow/.local/lib/python3.12/site-packages/airflow/example_dags/example_subdag_operator.py
[2025-12-27T14:33:52.807+0000] {logging_mixin.py:188} INFO - [2025-12-27T14:33:52.807+0000] {dag.py:3096} INFO - Sync 3 DAGs
[2025-12-27T14:33:52.871+0000] {logging_mixin.py:188} INFO - [2025-12-27T14:33:52.870+0000] {dag.py:3954} INFO - Setting next_dagrun for example_subdag_operator to 2022-01-01 00:00:00+00:00, run_after=2022-01-01 00:00:00+00:00
[2025-12-27T14:33:52.882+0000] {logging_mixin.py:188} INFO - [2025-12-27T14:33:52.881+0000] {dag.py:3954} INFO - Setting next_dagrun for example_subdag_operator.section-1 to None, run_after=None
[2025-12-27T14:33:52.886+0000] {logging_mixin.py:188} INFO - [2025-12-27T14:33:52.886+0000] {dag.py:3954} INFO - Setting next_dagrun for example_subdag_operator.section-2 to None, run_after=None
[2025-12-27T14:33:52.906+0000] {logging_mixin.py:188} INFO - [2025-12-27T14:33:52.906+0000] {dag.py:3096} INFO - Sync 2 DAGs
[2025-12-27T14:33:52.925+0000] {logging_mixin.py:188} INFO - [2025-12-27T14:33:52.924+0000] {dag.py:3954} INFO - Setting next_dagrun for example_subdag_operator.section-1 to None, run_after=None
[2025-12-27T14:33:52.927+0000] {logging_mixin.py:188} INFO - [2025-12-27T14:33:52.926+0000] {dag.py:3954} INFO - Setting next_dagrun for example_subdag_operator.section-2 to None, run_after=None
[2025-12-27T14:33:52.980+0000] {processor.py:183} INFO - Processing /home/airflow/.local/lib/python3.12/site-packages/airflow/example_dags/example_subdag_operator.py took 0.325 seconds
[2025-12-27T14:34:23.814+0000] {processor.py:161} INFO - Started process (PID=1904) to work on /home/airflow/.local/lib/python3.12/site-packages/airflow/example_dags/example_subdag_operator.py
[2025-12-27T14:34:23.817+0000] {processor.py:830} INFO - Processing file /home/airflow/.local/lib/python3.12/site-packages/airflow/example_dags/example_subdag_operator.py for tasks to queue
[2025-12-27T14:34:23.821+0000] {logging_mixin.py:188} INFO - [2025-12-27T14:34:23.820+0000] {dagbag.py:540} INFO - Filling up the DagBag from /home/airflow/.local/lib/python3.12/site-packages/airflow/example_dags/example_subdag_operator.py
[2025-12-27T14:34:23.980+0000] {processor.py:840} INFO - DAG(s) 'example_subdag_operator.section-1', 'example_subdag_operator.section-2', 'example_subdag_operator' retrieved from /home/airflow/.local/lib/python3.12/site-packages/airflow/example_dags/example_subdag_operator.py
[2025-12-27T14:34:24.089+0000] {logging_mixin.py:188} INFO - [2025-12-27T14:34:24.089+0000] {dag.py:3096} INFO - Sync 3 DAGs
[2025-12-27T14:34:24.204+0000] {logging_mixin.py:188} INFO - [2025-12-27T14:34:24.203+0000] {dag.py:3954} INFO - Setting next_dagrun for example_subdag_operator to 2022-01-01 00:00:00+00:00, run_after=2022-01-01 00:00:00+00:00
[2025-12-27T14:34:24.218+0000] {logging_mixin.py:188} INFO - [2025-12-27T14:34:24.217+0000] {dag.py:3954} INFO - Setting next_dagrun for example_subdag_operator.section-1 to None, run_after=None
[2025-12-27T14:34:24.360+0000] {logging_mixin.py:188} INFO - [2025-12-27T14:34:24.359+0000] {dag.py:3954} INFO - Setting next_dagrun for example_subdag_operator.section-2 to None, run_after=None
[2025-12-27T14:34:24.439+0000] {logging_mixin.py:188} INFO - [2025-12-27T14:34:24.428+0000] {dag.py:3096} INFO - Sync 2 DAGs
[2025-12-27T14:34:24.460+0000] {logging_mixin.py:188} INFO - [2025-12-27T14:34:24.458+0000] {dag.py:3954} INFO - Setting next_dagrun for example_subdag_operator.section-1 to None, run_after=None
[2025-12-27T14:34:24.463+0000] {logging_mixin.py:188} INFO - [2025-12-27T14:34:24.462+0000] {dag.py:3954} INFO - Setting next_dagrun for example_subdag_operator.section-2 to None, run_after=None
[2025-12-27T14:34:24.533+0000] {processor.py:183} INFO - Processing /home/airflow/.local/lib/python3.12/site-packages/airflow/example_dags/example_subdag_operator.py took 0.739 seconds
[2025-12-27T14:34:55.361+0000] {processor.py:161} INFO - Started process (PID=1962) to work on /home/airflow/.local/lib/python3.12/site-packages/airflow/example_dags/example_subdag_operator.py
[2025-12-27T14:34:55.367+0000] {processor.py:830} INFO - Processing file /home/airflow/.local/lib/python3.12/site-packages/airflow/example_dags/example_subdag_operator.py for tasks to queue
[2025-12-27T14:34:55.370+0000] {logging_mixin.py:188} INFO - [2025-12-27T14:34:55.369+0000] {dagbag.py:540} INFO - Filling up the DagBag from /home/airflow/.local/lib/python3.12/site-packages/airflow/example_dags/example_subdag_operator.py
[2025-12-27T14:34:55.463+0000] {processor.py:840} INFO - DAG(s) 'example_subdag_operator.section-1', 'example_subdag_operator.section-2', 'example_subdag_operator' retrieved from /home/airflow/.local/lib/python3.12/site-packages/airflow/example_dags/example_subdag_operator.py
[2025-12-27T14:34:55.530+0000] {logging_mixin.py:188} INFO - [2025-12-27T14:34:55.529+0000] {dag.py:3096} INFO - Sync 3 DAGs
[2025-12-27T14:34:55.615+0000] {logging_mixin.py:188} INFO - [2025-12-27T14:34:55.614+0000] {dag.py:3954} INFO - Setting next_dagrun for example_subdag_operator to 2022-01-01 00:00:00+00:00, run_after=2022-01-01 00:00:00+00:00
[2025-12-27T14:34:55.629+0000] {logging_mixin.py:188} INFO - [2025-12-27T14:34:55.629+0000] {dag.py:3954} INFO - Setting next_dagrun for example_subdag_operator.section-1 to None, run_after=None
[2025-12-27T14:34:55.634+0000] {logging_mixin.py:188} INFO - [2025-12-27T14:34:55.634+0000] {dag.py:3954} INFO - Setting next_dagrun for example_subdag_operator.section-2 to None, run_after=None
[2025-12-27T14:34:55.658+0000] {logging_mixin.py:188} INFO - [2025-12-27T14:34:55.657+0000] {dag.py:3096} INFO - Sync 2 DAGs
[2025-12-27T14:34:55.675+0000] {logging_mixin.py:188} INFO - [2025-12-27T14:34:55.675+0000] {dag.py:3954} INFO - Setting next_dagrun for example_subdag_operator.section-1 to None, run_after=None
[2025-12-27T14:34:55.678+0000] {logging_mixin.py:188} INFO - [2025-12-27T14:34:55.677+0000] {dag.py:3954} INFO - Setting next_dagrun for example_subdag_operator.section-2 to None, run_after=None
[2025-12-27T14:34:55.723+0000] {processor.py:183} INFO - Processing /home/airflow/.local/lib/python3.12/site-packages/airflow/example_dags/example_subdag_operator.py took 0.383 seconds
[2025-12-27T14:35:25.965+0000] {processor.py:161} INFO - Started process (PID=2019) to work on /home/airflow/.local/lib/python3.12/site-packages/airflow/example_dags/example_subdag_operator.py
[2025-12-27T14:35:25.981+0000] {processor.py:830} INFO - Processing file /home/airflow/.local/lib/python3.12/site-packages/airflow/example_dags/example_subdag_operator.py for tasks to queue
[2025-12-27T14:35:25.987+0000] {logging_mixin.py:188} INFO - [2025-12-27T14:35:25.985+0000] {dagbag.py:540} INFO - Filling up the DagBag from /home/airflow/.local/lib/python3.12/site-packages/airflow/example_dags/example_subdag_operator.py
[2025-12-27T14:35:26.414+0000] {processor.py:840} INFO - DAG(s) 'example_subdag_operator.section-1', 'example_subdag_operator.section-2', 'example_subdag_operator' retrieved from /home/airflow/.local/lib/python3.12/site-packages/airflow/example_dags/example_subdag_operator.py
[2025-12-27T14:35:26.581+0000] {logging_mixin.py:188} INFO - [2025-12-27T14:35:26.581+0000] {dag.py:3096} INFO - Sync 3 DAGs
[2025-12-27T14:35:26.679+0000] {logging_mixin.py:188} INFO - [2025-12-27T14:35:26.678+0000] {dag.py:3954} INFO - Setting next_dagrun for example_subdag_operator to 2022-01-01 00:00:00+00:00, run_after=2022-01-01 00:00:00+00:00
[2025-12-27T14:35:26.695+0000] {logging_mixin.py:188} INFO - [2025-12-27T14:35:26.693+0000] {dag.py:3954} INFO - Setting next_dagrun for example_subdag_operator.section-1 to None, run_after=None
[2025-12-27T14:35:26.700+0000] {logging_mixin.py:188} INFO - [2025-12-27T14:35:26.700+0000] {dag.py:3954} INFO - Setting next_dagrun for example_subdag_operator.section-2 to None, run_after=None
[2025-12-27T14:35:26.734+0000] {logging_mixin.py:188} INFO - [2025-12-27T14:35:26.734+0000] {dag.py:3096} INFO - Sync 2 DAGs
[2025-12-27T14:35:26.756+0000] {logging_mixin.py:188} INFO - [2025-12-27T14:35:26.755+0000] {dag.py:3954} INFO - Setting next_dagrun for example_subdag_operator.section-1 to None, run_after=None
[2025-12-27T14:35:26.759+0000] {logging_mixin.py:188} INFO - [2025-12-27T14:35:26.758+0000] {dag.py:3954} INFO - Setting next_dagrun for example_subdag_operator.section-2 to None, run_after=None
[2025-12-27T14:35:26.832+0000] {processor.py:183} INFO - Processing /home/airflow/.local/lib/python3.12/site-packages/airflow/example_dags/example_subdag_operator.py took 0.916 seconds
[2025-12-27T14:35:58.128+0000] {processor.py:161} INFO - Started process (PID=2077) to work on /home/airflow/.local/lib/python3.12/site-packages/airflow/example_dags/example_subdag_operator.py
[2025-12-27T14:35:58.133+0000] {processor.py:830} INFO - Processing file /home/airflow/.local/lib/python3.12/site-packages/airflow/example_dags/example_subdag_operator.py for tasks to queue
[2025-12-27T14:35:58.140+0000] {logging_mixin.py:188} INFO - [2025-12-27T14:35:58.137+0000] {dagbag.py:540} INFO - Filling up the DagBag from /home/airflow/.local/lib/python3.12/site-packages/airflow/example_dags/example_subdag_operator.py
[2025-12-27T14:35:58.294+0000] {processor.py:840} INFO - DAG(s) 'example_subdag_operator.section-1', 'example_subdag_operator.section-2', 'example_subdag_operator' retrieved from /home/airflow/.local/lib/python3.12/site-packages/airflow/example_dags/example_subdag_operator.py
[2025-12-27T14:35:58.399+0000] {logging_mixin.py:188} INFO - [2025-12-27T14:35:58.396+0000] {dag.py:3096} INFO - Sync 3 DAGs
[2025-12-27T14:35:58.574+0000] {logging_mixin.py:188} INFO - [2025-12-27T14:35:58.573+0000] {dag.py:3954} INFO - Setting next_dagrun for example_subdag_operator to 2022-01-01 00:00:00+00:00, run_after=2022-01-01 00:00:00+00:00
[2025-12-27T14:35:58.604+0000] {logging_mixin.py:188} INFO - [2025-12-27T14:35:58.603+0000] {dag.py:3954} INFO - Setting next_dagrun for example_subdag_operator.section-1 to None, run_after=None
[2025-12-27T14:35:58.613+0000] {logging_mixin.py:188} INFO - [2025-12-27T14:35:58.612+0000] {dag.py:3954} INFO - Setting next_dagrun for example_subdag_operator.section-2 to None, run_after=None
[2025-12-27T14:35:58.655+0000] {logging_mixin.py:188} INFO - [2025-12-27T14:35:58.654+0000] {dag.py:3096} INFO - Sync 2 DAGs
[2025-12-27T14:35:58.682+0000] {logging_mixin.py:188} INFO - [2025-12-27T14:35:58.681+0000] {dag.py:3954} INFO - Setting next_dagrun for example_subdag_operator.section-1 to None, run_after=None
[2025-12-27T14:35:58.685+0000] {logging_mixin.py:188} INFO - [2025-12-27T14:35:58.684+0000] {dag.py:3954} INFO - Setting next_dagrun for example_subdag_operator.section-2 to None, run_after=None
[2025-12-27T14:35:58.742+0000] {processor.py:183} INFO - Processing /home/airflow/.local/lib/python3.12/site-packages/airflow/example_dags/example_subdag_operator.py took 0.655 seconds
[2025-12-27T14:36:36.542+0000] {processor.py:161} INFO - Started process (PID=2131) to work on /home/airflow/.local/lib/python3.12/site-packages/airflow/example_dags/example_subdag_operator.py
[2025-12-27T14:36:36.550+0000] {processor.py:830} INFO - Processing file /home/airflow/.local/lib/python3.12/site-packages/airflow/example_dags/example_subdag_operator.py for tasks to queue
[2025-12-27T14:36:36.554+0000] {logging_mixin.py:188} INFO - [2025-12-27T14:36:36.553+0000] {dagbag.py:540} INFO - Filling up the DagBag from /home/airflow/.local/lib/python3.12/site-packages/airflow/example_dags/example_subdag_operator.py
[2025-12-27T14:36:36.665+0000] {processor.py:840} INFO - DAG(s) 'example_subdag_operator.section-1', 'example_subdag_operator.section-2', 'example_subdag_operator' retrieved from /home/airflow/.local/lib/python3.12/site-packages/airflow/example_dags/example_subdag_operator.py
[2025-12-27T14:36:36.729+0000] {logging_mixin.py:188} INFO - [2025-12-27T14:36:36.728+0000] {dag.py:3096} INFO - Sync 3 DAGs
[2025-12-27T14:36:36.814+0000] {logging_mixin.py:188} INFO - [2025-12-27T14:36:36.813+0000] {dag.py:3954} INFO - Setting next_dagrun for example_subdag_operator to 2022-01-01 00:00:00+00:00, run_after=2022-01-01 00:00:00+00:00
[2025-12-27T14:36:36.830+0000] {logging_mixin.py:188} INFO - [2025-12-27T14:36:36.828+0000] {dag.py:3954} INFO - Setting next_dagrun for example_subdag_operator.section-1 to None, run_after=None
[2025-12-27T14:36:36.839+0000] {logging_mixin.py:188} INFO - [2025-12-27T14:36:36.838+0000] {dag.py:3954} INFO - Setting next_dagrun for example_subdag_operator.section-2 to None, run_after=None
[2025-12-27T14:36:36.869+0000] {logging_mixin.py:188} INFO - [2025-12-27T14:36:36.867+0000] {dag.py:3096} INFO - Sync 2 DAGs
[2025-12-27T14:36:36.890+0000] {logging_mixin.py:188} INFO - [2025-12-27T14:36:36.889+0000] {dag.py:3954} INFO - Setting next_dagrun for example_subdag_operator.section-1 to None, run_after=None
[2025-12-27T14:36:36.893+0000] {logging_mixin.py:188} INFO - [2025-12-27T14:36:36.893+0000] {dag.py:3954} INFO - Setting next_dagrun for example_subdag_operator.section-2 to None, run_after=None
[2025-12-27T14:36:36.942+0000] {processor.py:183} INFO - Processing /home/airflow/.local/lib/python3.12/site-packages/airflow/example_dags/example_subdag_operator.py took 0.426 seconds
[2025-12-27T14:37:07.126+0000] {processor.py:161} INFO - Started process (PID=2190) to work on /home/airflow/.local/lib/python3.12/site-packages/airflow/example_dags/example_subdag_operator.py
[2025-12-27T14:37:07.129+0000] {processor.py:830} INFO - Processing file /home/airflow/.local/lib/python3.12/site-packages/airflow/example_dags/example_subdag_operator.py for tasks to queue
[2025-12-27T14:37:07.132+0000] {logging_mixin.py:188} INFO - [2025-12-27T14:37:07.131+0000] {dagbag.py:540} INFO - Filling up the DagBag from /home/airflow/.local/lib/python3.12/site-packages/airflow/example_dags/example_subdag_operator.py
[2025-12-27T14:37:07.207+0000] {processor.py:840} INFO - DAG(s) 'example_subdag_operator.section-1', 'example_subdag_operator.section-2', 'example_subdag_operator' retrieved from /home/airflow/.local/lib/python3.12/site-packages/airflow/example_dags/example_subdag_operator.py
[2025-12-27T14:37:07.263+0000] {logging_mixin.py:188} INFO - [2025-12-27T14:37:07.262+0000] {dag.py:3096} INFO - Sync 3 DAGs
[2025-12-27T14:37:07.335+0000] {logging_mixin.py:188} INFO - [2025-12-27T14:37:07.335+0000] {dag.py:3954} INFO - Setting next_dagrun for example_subdag_operator to 2022-01-01 00:00:00+00:00, run_after=2022-01-01 00:00:00+00:00
[2025-12-27T14:37:07.348+0000] {logging_mixin.py:188} INFO - [2025-12-27T14:37:07.347+0000] {dag.py:3954} INFO - Setting next_dagrun for example_subdag_operator.section-1 to None, run_after=None
[2025-12-27T14:37:07.358+0000] {logging_mixin.py:188} INFO - [2025-12-27T14:37:07.357+0000] {dag.py:3954} INFO - Setting next_dagrun for example_subdag_operator.section-2 to None, run_after=None
[2025-12-27T14:37:07.379+0000] {logging_mixin.py:188} INFO - [2025-12-27T14:37:07.379+0000] {dag.py:3096} INFO - Sync 2 DAGs
[2025-12-27T14:37:07.393+0000] {logging_mixin.py:188} INFO - [2025-12-27T14:37:07.393+0000] {dag.py:3954} INFO - Setting next_dagrun for example_subdag_operator.section-1 to None, run_after=None
[2025-12-27T14:37:07.394+0000] {logging_mixin.py:188} INFO - [2025-12-27T14:37:07.394+0000] {dag.py:3954} INFO - Setting next_dagrun for example_subdag_operator.section-2 to None, run_after=None
[2025-12-27T14:37:07.429+0000] {processor.py:183} INFO - Processing /home/airflow/.local/lib/python3.12/site-packages/airflow/example_dags/example_subdag_operator.py took 0.326 seconds
[2025-12-27T14:37:39.234+0000] {processor.py:161} INFO - Started process (PID=2249) to work on /home/airflow/.local/lib/python3.12/site-packages/airflow/example_dags/example_subdag_operator.py
[2025-12-27T14:37:39.238+0000] {processor.py:830} INFO - Processing file /home/airflow/.local/lib/python3.12/site-packages/airflow/example_dags/example_subdag_operator.py for tasks to queue
[2025-12-27T14:37:39.241+0000] {logging_mixin.py:188} INFO - [2025-12-27T14:37:39.240+0000] {dagbag.py:540} INFO - Filling up the DagBag from /home/airflow/.local/lib/python3.12/site-packages/airflow/example_dags/example_subdag_operator.py
[2025-12-27T14:37:39.341+0000] {processor.py:840} INFO - DAG(s) 'example_subdag_operator.section-1', 'example_subdag_operator.section-2', 'example_subdag_operator' retrieved from /home/airflow/.local/lib/python3.12/site-packages/airflow/example_dags/example_subdag_operator.py
[2025-12-27T14:37:39.395+0000] {logging_mixin.py:188} INFO - [2025-12-27T14:37:39.394+0000] {dag.py:3096} INFO - Sync 3 DAGs
[2025-12-27T14:37:39.479+0000] {logging_mixin.py:188} INFO - [2025-12-27T14:37:39.479+0000] {dag.py:3954} INFO - Setting next_dagrun for example_subdag_operator to 2022-01-01 00:00:00+00:00, run_after=2022-01-01 00:00:00+00:00
[2025-12-27T14:37:39.489+0000] {logging_mixin.py:188} INFO - [2025-12-27T14:37:39.488+0000] {dag.py:3954} INFO - Setting next_dagrun for example_subdag_operator.section-1 to None, run_after=None
[2025-12-27T14:37:39.493+0000] {logging_mixin.py:188} INFO - [2025-12-27T14:37:39.493+0000] {dag.py:3954} INFO - Setting next_dagrun for example_subdag_operator.section-2 to None, run_after=None
[2025-12-27T14:37:39.513+0000] {logging_mixin.py:188} INFO - [2025-12-27T14:37:39.512+0000] {dag.py:3096} INFO - Sync 2 DAGs
[2025-12-27T14:37:39.530+0000] {logging_mixin.py:188} INFO - [2025-12-27T14:37:39.530+0000] {dag.py:3954} INFO - Setting next_dagrun for example_subdag_operator.section-1 to None, run_after=None
[2025-12-27T14:37:39.532+0000] {logging_mixin.py:188} INFO - [2025-12-27T14:37:39.531+0000] {dag.py:3954} INFO - Setting next_dagrun for example_subdag_operator.section-2 to None, run_after=None
[2025-12-27T14:37:39.563+0000] {processor.py:183} INFO - Processing /home/airflow/.local/lib/python3.12/site-packages/airflow/example_dags/example_subdag_operator.py took 0.348 seconds
[2025-12-27T14:38:10.913+0000] {processor.py:161} INFO - Started process (PID=2307) to work on /home/airflow/.local/lib/python3.12/site-packages/airflow/example_dags/example_subdag_operator.py
[2025-12-27T14:38:10.916+0000] {processor.py:830} INFO - Processing file /home/airflow/.local/lib/python3.12/site-packages/airflow/example_dags/example_subdag_operator.py for tasks to queue
[2025-12-27T14:38:10.918+0000] {logging_mixin.py:188} INFO - [2025-12-27T14:38:10.917+0000] {dagbag.py:540} INFO - Filling up the DagBag from /home/airflow/.local/lib/python3.12/site-packages/airflow/example_dags/example_subdag_operator.py
[2025-12-27T14:38:11.047+0000] {processor.py:840} INFO - DAG(s) 'example_subdag_operator.section-1', 'example_subdag_operator.section-2', 'example_subdag_operator' retrieved from /home/airflow/.local/lib/python3.12/site-packages/airflow/example_dags/example_subdag_operator.py
[2025-12-27T14:38:11.139+0000] {logging_mixin.py:188} INFO - [2025-12-27T14:38:11.137+0000] {dag.py:3096} INFO - Sync 3 DAGs
[2025-12-27T14:38:11.245+0000] {logging_mixin.py:188} INFO - [2025-12-27T14:38:11.244+0000] {dag.py:3954} INFO - Setting next_dagrun for example_subdag_operator to 2022-01-01 00:00:00+00:00, run_after=2022-01-01 00:00:00+00:00
[2025-12-27T14:38:11.261+0000] {logging_mixin.py:188} INFO - [2025-12-27T14:38:11.259+0000] {dag.py:3954} INFO - Setting next_dagrun for example_subdag_operator.section-1 to None, run_after=None
[2025-12-27T14:38:11.268+0000] {logging_mixin.py:188} INFO - [2025-12-27T14:38:11.267+0000] {dag.py:3954} INFO - Setting next_dagrun for example_subdag_operator.section-2 to None, run_after=None
[2025-12-27T14:38:11.298+0000] {logging_mixin.py:188} INFO - [2025-12-27T14:38:11.297+0000] {dag.py:3096} INFO - Sync 2 DAGs
[2025-12-27T14:38:11.320+0000] {logging_mixin.py:188} INFO - [2025-12-27T14:38:11.319+0000] {dag.py:3954} INFO - Setting next_dagrun for example_subdag_operator.section-1 to None, run_after=None
[2025-12-27T14:38:11.324+0000] {logging_mixin.py:188} INFO - [2025-12-27T14:38:11.324+0000] {dag.py:3954} INFO - Setting next_dagrun for example_subdag_operator.section-2 to None, run_after=None
[2025-12-27T14:38:11.379+0000] {processor.py:183} INFO - Processing /home/airflow/.local/lib/python3.12/site-packages/airflow/example_dags/example_subdag_operator.py took 0.490 seconds
[2025-12-27T14:38:42.715+0000] {processor.py:161} INFO - Started process (PID=2365) to work on /home/airflow/.local/lib/python3.12/site-packages/airflow/example_dags/example_subdag_operator.py
[2025-12-27T14:38:42.732+0000] {processor.py:830} INFO - Processing file /home/airflow/.local/lib/python3.12/site-packages/airflow/example_dags/example_subdag_operator.py for tasks to queue
[2025-12-27T14:38:42.738+0000] {logging_mixin.py:188} INFO - [2025-12-27T14:38:42.736+0000] {dagbag.py:540} INFO - Filling up the DagBag from /home/airflow/.local/lib/python3.12/site-packages/airflow/example_dags/example_subdag_operator.py
[2025-12-27T14:38:42.926+0000] {processor.py:840} INFO - DAG(s) 'example_subdag_operator.section-1', 'example_subdag_operator.section-2', 'example_subdag_operator' retrieved from /home/airflow/.local/lib/python3.12/site-packages/airflow/example_dags/example_subdag_operator.py
[2025-12-27T14:38:43.112+0000] {logging_mixin.py:188} INFO - [2025-12-27T14:38:43.111+0000] {dag.py:3096} INFO - Sync 3 DAGs
[2025-12-27T14:38:43.260+0000] {logging_mixin.py:188} INFO - [2025-12-27T14:38:43.254+0000] {dag.py:3954} INFO - Setting next_dagrun for example_subdag_operator to 2022-01-01 00:00:00+00:00, run_after=2022-01-01 00:00:00+00:00
[2025-12-27T14:38:43.289+0000] {logging_mixin.py:188} INFO - [2025-12-27T14:38:43.289+0000] {dag.py:3954} INFO - Setting next_dagrun for example_subdag_operator.section-1 to None, run_after=None
[2025-12-27T14:38:43.302+0000] {logging_mixin.py:188} INFO - [2025-12-27T14:38:43.301+0000] {dag.py:3954} INFO - Setting next_dagrun for example_subdag_operator.section-2 to None, run_after=None
[2025-12-27T14:38:43.349+0000] {logging_mixin.py:188} INFO - [2025-12-27T14:38:43.344+0000] {dag.py:3096} INFO - Sync 2 DAGs
[2025-12-27T14:38:43.382+0000] {logging_mixin.py:188} INFO - [2025-12-27T14:38:43.382+0000] {dag.py:3954} INFO - Setting next_dagrun for example_subdag_operator.section-1 to None, run_after=None
[2025-12-27T14:38:43.385+0000] {logging_mixin.py:188} INFO - [2025-12-27T14:38:43.385+0000] {dag.py:3954} INFO - Setting next_dagrun for example_subdag_operator.section-2 to None, run_after=None
[2025-12-27T14:38:43.454+0000] {processor.py:183} INFO - Processing /home/airflow/.local/lib/python3.12/site-packages/airflow/example_dags/example_subdag_operator.py took 0.790 seconds
[2025-12-27T14:39:13.956+0000] {processor.py:161} INFO - Started process (PID=2423) to work on /home/airflow/.local/lib/python3.12/site-packages/airflow/example_dags/example_subdag_operator.py
[2025-12-27T14:39:13.959+0000] {processor.py:830} INFO - Processing file /home/airflow/.local/lib/python3.12/site-packages/airflow/example_dags/example_subdag_operator.py for tasks to queue
[2025-12-27T14:39:13.963+0000] {logging_mixin.py:188} INFO - [2025-12-27T14:39:13.961+0000] {dagbag.py:540} INFO - Filling up the DagBag from /home/airflow/.local/lib/python3.12/site-packages/airflow/example_dags/example_subdag_operator.py
[2025-12-27T14:39:14.071+0000] {processor.py:840} INFO - DAG(s) 'example_subdag_operator.section-1', 'example_subdag_operator.section-2', 'example_subdag_operator' retrieved from /home/airflow/.local/lib/python3.12/site-packages/airflow/example_dags/example_subdag_operator.py
[2025-12-27T14:39:14.156+0000] {logging_mixin.py:188} INFO - [2025-12-27T14:39:14.155+0000] {dag.py:3096} INFO - Sync 3 DAGs
[2025-12-27T14:39:14.262+0000] {logging_mixin.py:188} INFO - [2025-12-27T14:39:14.261+0000] {dag.py:3954} INFO - Setting next_dagrun for example_subdag_operator to 2022-01-01 00:00:00+00:00, run_after=2022-01-01 00:00:00+00:00
[2025-12-27T14:39:14.281+0000] {logging_mixin.py:188} INFO - [2025-12-27T14:39:14.280+0000] {dag.py:3954} INFO - Setting next_dagrun for example_subdag_operator.section-1 to None, run_after=None
[2025-12-27T14:39:14.287+0000] {logging_mixin.py:188} INFO - [2025-12-27T14:39:14.286+0000] {dag.py:3954} INFO - Setting next_dagrun for example_subdag_operator.section-2 to None, run_after=None
[2025-12-27T14:39:14.311+0000] {logging_mixin.py:188} INFO - [2025-12-27T14:39:14.310+0000] {dag.py:3096} INFO - Sync 2 DAGs
[2025-12-27T14:39:14.334+0000] {logging_mixin.py:188} INFO - [2025-12-27T14:39:14.333+0000] {dag.py:3954} INFO - Setting next_dagrun for example_subdag_operator.section-1 to None, run_after=None
[2025-12-27T14:39:14.337+0000] {logging_mixin.py:188} INFO - [2025-12-27T14:39:14.336+0000] {dag.py:3954} INFO - Setting next_dagrun for example_subdag_operator.section-2 to None, run_after=None
[2025-12-27T14:39:14.398+0000] {processor.py:183} INFO - Processing /home/airflow/.local/lib/python3.12/site-packages/airflow/example_dags/example_subdag_operator.py took 0.474 seconds
[2025-12-27T14:39:44.884+0000] {processor.py:161} INFO - Started process (PID=2479) to work on /home/airflow/.local/lib/python3.12/site-packages/airflow/example_dags/example_subdag_operator.py
[2025-12-27T14:39:44.887+0000] {processor.py:830} INFO - Processing file /home/airflow/.local/lib/python3.12/site-packages/airflow/example_dags/example_subdag_operator.py for tasks to queue
[2025-12-27T14:39:44.891+0000] {logging_mixin.py:188} INFO - [2025-12-27T14:39:44.890+0000] {dagbag.py:540} INFO - Filling up the DagBag from /home/airflow/.local/lib/python3.12/site-packages/airflow/example_dags/example_subdag_operator.py
[2025-12-27T14:39:44.964+0000] {processor.py:840} INFO - DAG(s) 'example_subdag_operator.section-1', 'example_subdag_operator.section-2', 'example_subdag_operator' retrieved from /home/airflow/.local/lib/python3.12/site-packages/airflow/example_dags/example_subdag_operator.py
[2025-12-27T14:39:45.007+0000] {logging_mixin.py:188} INFO - [2025-12-27T14:39:45.006+0000] {dag.py:3096} INFO - Sync 3 DAGs
[2025-12-27T14:39:45.067+0000] {logging_mixin.py:188} INFO - [2025-12-27T14:39:45.066+0000] {dag.py:3954} INFO - Setting next_dagrun for example_subdag_operator to 2022-01-01 00:00:00+00:00, run_after=2022-01-01 00:00:00+00:00
[2025-12-27T14:39:45.077+0000] {logging_mixin.py:188} INFO - [2025-12-27T14:39:45.077+0000] {dag.py:3954} INFO - Setting next_dagrun for example_subdag_operator.section-1 to None, run_after=None
[2025-12-27T14:39:45.082+0000] {logging_mixin.py:188} INFO - [2025-12-27T14:39:45.081+0000] {dag.py:3954} INFO - Setting next_dagrun for example_subdag_operator.section-2 to None, run_after=None
[2025-12-27T14:39:45.100+0000] {logging_mixin.py:188} INFO - [2025-12-27T14:39:45.099+0000] {dag.py:3096} INFO - Sync 2 DAGs
[2025-12-27T14:39:45.112+0000] {logging_mixin.py:188} INFO - [2025-12-27T14:39:45.112+0000] {dag.py:3954} INFO - Setting next_dagrun for example_subdag_operator.section-1 to None, run_after=None
[2025-12-27T14:39:45.114+0000] {logging_mixin.py:188} INFO - [2025-12-27T14:39:45.114+0000] {dag.py:3954} INFO - Setting next_dagrun for example_subdag_operator.section-2 to None, run_after=None
[2025-12-27T14:39:45.148+0000] {processor.py:183} INFO - Processing /home/airflow/.local/lib/python3.12/site-packages/airflow/example_dags/example_subdag_operator.py took 0.283 seconds
[2025-12-27T14:40:15.610+0000] {processor.py:161} INFO - Started process (PID=2537) to work on /home/airflow/.local/lib/python3.12/site-packages/airflow/example_dags/example_subdag_operator.py
[2025-12-27T14:40:15.613+0000] {processor.py:830} INFO - Processing file /home/airflow/.local/lib/python3.12/site-packages/airflow/example_dags/example_subdag_operator.py for tasks to queue
[2025-12-27T14:40:15.617+0000] {logging_mixin.py:188} INFO - [2025-12-27T14:40:15.615+0000] {dagbag.py:540} INFO - Filling up the DagBag from /home/airflow/.local/lib/python3.12/site-packages/airflow/example_dags/example_subdag_operator.py
[2025-12-27T14:40:15.692+0000] {processor.py:840} INFO - DAG(s) 'example_subdag_operator.section-1', 'example_subdag_operator.section-2', 'example_subdag_operator' retrieved from /home/airflow/.local/lib/python3.12/site-packages/airflow/example_dags/example_subdag_operator.py
[2025-12-27T14:40:15.746+0000] {logging_mixin.py:188} INFO - [2025-12-27T14:40:15.745+0000] {dag.py:3096} INFO - Sync 3 DAGs
[2025-12-27T14:40:15.810+0000] {logging_mixin.py:188} INFO - [2025-12-27T14:40:15.809+0000] {dag.py:3954} INFO - Setting next_dagrun for example_subdag_operator to 2022-01-01 00:00:00+00:00, run_after=2022-01-01 00:00:00+00:00
[2025-12-27T14:40:15.820+0000] {logging_mixin.py:188} INFO - [2025-12-27T14:40:15.819+0000] {dag.py:3954} INFO - Setting next_dagrun for example_subdag_operator.section-1 to None, run_after=None
[2025-12-27T14:40:15.824+0000] {logging_mixin.py:188} INFO - [2025-12-27T14:40:15.824+0000] {dag.py:3954} INFO - Setting next_dagrun for example_subdag_operator.section-2 to None, run_after=None
[2025-12-27T14:40:15.845+0000] {logging_mixin.py:188} INFO - [2025-12-27T14:40:15.844+0000] {dag.py:3096} INFO - Sync 2 DAGs
[2025-12-27T14:40:15.858+0000] {logging_mixin.py:188} INFO - [2025-12-27T14:40:15.857+0000] {dag.py:3954} INFO - Setting next_dagrun for example_subdag_operator.section-1 to None, run_after=None
[2025-12-27T14:40:15.860+0000] {logging_mixin.py:188} INFO - [2025-12-27T14:40:15.859+0000] {dag.py:3954} INFO - Setting next_dagrun for example_subdag_operator.section-2 to None, run_after=None
[2025-12-27T14:40:15.890+0000] {processor.py:183} INFO - Processing /home/airflow/.local/lib/python3.12/site-packages/airflow/example_dags/example_subdag_operator.py took 0.298 seconds
[2025-12-27T14:40:46.518+0000] {processor.py:161} INFO - Started process (PID=2595) to work on /home/airflow/.local/lib/python3.12/site-packages/airflow/example_dags/example_subdag_operator.py
[2025-12-27T14:40:46.529+0000] {processor.py:830} INFO - Processing file /home/airflow/.local/lib/python3.12/site-packages/airflow/example_dags/example_subdag_operator.py for tasks to queue
[2025-12-27T14:40:46.534+0000] {logging_mixin.py:188} INFO - [2025-12-27T14:40:46.533+0000] {dagbag.py:540} INFO - Filling up the DagBag from /home/airflow/.local/lib/python3.12/site-packages/airflow/example_dags/example_subdag_operator.py
[2025-12-27T14:40:46.620+0000] {processor.py:840} INFO - DAG(s) 'example_subdag_operator.section-1', 'example_subdag_operator.section-2', 'example_subdag_operator' retrieved from /home/airflow/.local/lib/python3.12/site-packages/airflow/example_dags/example_subdag_operator.py
[2025-12-27T14:40:46.668+0000] {logging_mixin.py:188} INFO - [2025-12-27T14:40:46.667+0000] {dag.py:3096} INFO - Sync 3 DAGs
[2025-12-27T14:40:46.726+0000] {logging_mixin.py:188} INFO - [2025-12-27T14:40:46.725+0000] {dag.py:3954} INFO - Setting next_dagrun for example_subdag_operator to 2022-01-01 00:00:00+00:00, run_after=2022-01-01 00:00:00+00:00
[2025-12-27T14:40:46.739+0000] {logging_mixin.py:188} INFO - [2025-12-27T14:40:46.738+0000] {dag.py:3954} INFO - Setting next_dagrun for example_subdag_operator.section-1 to None, run_after=None
[2025-12-27T14:40:46.744+0000] {logging_mixin.py:188} INFO - [2025-12-27T14:40:46.744+0000] {dag.py:3954} INFO - Setting next_dagrun for example_subdag_operator.section-2 to None, run_after=None
[2025-12-27T14:40:46.765+0000] {logging_mixin.py:188} INFO - [2025-12-27T14:40:46.765+0000] {dag.py:3096} INFO - Sync 2 DAGs
[2025-12-27T14:40:46.780+0000] {logging_mixin.py:188} INFO - [2025-12-27T14:40:46.780+0000] {dag.py:3954} INFO - Setting next_dagrun for example_subdag_operator.section-1 to None, run_after=None
[2025-12-27T14:40:46.782+0000] {logging_mixin.py:188} INFO - [2025-12-27T14:40:46.782+0000] {dag.py:3954} INFO - Setting next_dagrun for example_subdag_operator.section-2 to None, run_after=None
[2025-12-27T14:40:46.875+0000] {processor.py:183} INFO - Processing /home/airflow/.local/lib/python3.12/site-packages/airflow/example_dags/example_subdag_operator.py took 0.381 seconds
[2025-12-27T14:41:17.547+0000] {processor.py:161} INFO - Started process (PID=2652) to work on /home/airflow/.local/lib/python3.12/site-packages/airflow/example_dags/example_subdag_operator.py
[2025-12-27T14:41:17.550+0000] {processor.py:830} INFO - Processing file /home/airflow/.local/lib/python3.12/site-packages/airflow/example_dags/example_subdag_operator.py for tasks to queue
[2025-12-27T14:41:17.553+0000] {logging_mixin.py:188} INFO - [2025-12-27T14:41:17.552+0000] {dagbag.py:540} INFO - Filling up the DagBag from /home/airflow/.local/lib/python3.12/site-packages/airflow/example_dags/example_subdag_operator.py
[2025-12-27T14:41:17.628+0000] {processor.py:840} INFO - DAG(s) 'example_subdag_operator.section-1', 'example_subdag_operator.section-2', 'example_subdag_operator' retrieved from /home/airflow/.local/lib/python3.12/site-packages/airflow/example_dags/example_subdag_operator.py
[2025-12-27T14:41:17.676+0000] {logging_mixin.py:188} INFO - [2025-12-27T14:41:17.675+0000] {dag.py:3096} INFO - Sync 3 DAGs
[2025-12-27T14:41:17.733+0000] {logging_mixin.py:188} INFO - [2025-12-27T14:41:17.732+0000] {dag.py:3954} INFO - Setting next_dagrun for example_subdag_operator to 2022-01-01 00:00:00+00:00, run_after=2022-01-01 00:00:00+00:00
[2025-12-27T14:41:17.746+0000] {logging_mixin.py:188} INFO - [2025-12-27T14:41:17.745+0000] {dag.py:3954} INFO - Setting next_dagrun for example_subdag_operator.section-1 to None, run_after=None
[2025-12-27T14:41:17.751+0000] {logging_mixin.py:188} INFO - [2025-12-27T14:41:17.750+0000] {dag.py:3954} INFO - Setting next_dagrun for example_subdag_operator.section-2 to None, run_after=None
[2025-12-27T14:41:17.776+0000] {logging_mixin.py:188} INFO - [2025-12-27T14:41:17.775+0000] {dag.py:3096} INFO - Sync 2 DAGs
[2025-12-27T14:41:17.805+0000] {logging_mixin.py:188} INFO - [2025-12-27T14:41:17.804+0000] {dag.py:3954} INFO - Setting next_dagrun for example_subdag_operator.section-1 to None, run_after=None
[2025-12-27T14:41:17.807+0000] {logging_mixin.py:188} INFO - [2025-12-27T14:41:17.807+0000] {dag.py:3954} INFO - Setting next_dagrun for example_subdag_operator.section-2 to None, run_after=None
[2025-12-27T14:41:17.842+0000] {processor.py:183} INFO - Processing /home/airflow/.local/lib/python3.12/site-packages/airflow/example_dags/example_subdag_operator.py took 0.313 seconds
[2025-12-27T14:41:48.180+0000] {processor.py:161} INFO - Started process (PID=2710) to work on /home/airflow/.local/lib/python3.12/site-packages/airflow/example_dags/example_subdag_operator.py
[2025-12-27T14:41:48.182+0000] {processor.py:830} INFO - Processing file /home/airflow/.local/lib/python3.12/site-packages/airflow/example_dags/example_subdag_operator.py for tasks to queue
[2025-12-27T14:41:48.186+0000] {logging_mixin.py:188} INFO - [2025-12-27T14:41:48.185+0000] {dagbag.py:540} INFO - Filling up the DagBag from /home/airflow/.local/lib/python3.12/site-packages/airflow/example_dags/example_subdag_operator.py
[2025-12-27T14:41:48.253+0000] {processor.py:840} INFO - DAG(s) 'example_subdag_operator.section-1', 'example_subdag_operator.section-2', 'example_subdag_operator' retrieved from /home/airflow/.local/lib/python3.12/site-packages/airflow/example_dags/example_subdag_operator.py
[2025-12-27T14:41:48.303+0000] {logging_mixin.py:188} INFO - [2025-12-27T14:41:48.302+0000] {dag.py:3096} INFO - Sync 3 DAGs
[2025-12-27T14:41:48.425+0000] {logging_mixin.py:188} INFO - [2025-12-27T14:41:48.424+0000] {dag.py:3954} INFO - Setting next_dagrun for example_subdag_operator to 2022-01-01 00:00:00+00:00, run_after=2022-01-01 00:00:00+00:00
[2025-12-27T14:41:48.436+0000] {logging_mixin.py:188} INFO - [2025-12-27T14:41:48.436+0000] {dag.py:3954} INFO - Setting next_dagrun for example_subdag_operator.section-1 to None, run_after=None
[2025-12-27T14:41:48.443+0000] {logging_mixin.py:188} INFO - [2025-12-27T14:41:48.443+0000] {dag.py:3954} INFO - Setting next_dagrun for example_subdag_operator.section-2 to None, run_after=None
[2025-12-27T14:41:48.468+0000] {logging_mixin.py:188} INFO - [2025-12-27T14:41:48.467+0000] {dag.py:3096} INFO - Sync 2 DAGs
[2025-12-27T14:41:48.482+0000] {logging_mixin.py:188} INFO - [2025-12-27T14:41:48.481+0000] {dag.py:3954} INFO - Setting next_dagrun for example_subdag_operator.section-1 to None, run_after=None
[2025-12-27T14:41:48.484+0000] {logging_mixin.py:188} INFO - [2025-12-27T14:41:48.483+0000] {dag.py:3954} INFO - Setting next_dagrun for example_subdag_operator.section-2 to None, run_after=None
[2025-12-27T14:41:48.524+0000] {processor.py:183} INFO - Processing /home/airflow/.local/lib/python3.12/site-packages/airflow/example_dags/example_subdag_operator.py took 0.364 seconds
[2025-12-27T14:42:18.847+0000] {processor.py:161} INFO - Started process (PID=2768) to work on /home/airflow/.local/lib/python3.12/site-packages/airflow/example_dags/example_subdag_operator.py
[2025-12-27T14:42:18.850+0000] {processor.py:830} INFO - Processing file /home/airflow/.local/lib/python3.12/site-packages/airflow/example_dags/example_subdag_operator.py for tasks to queue
[2025-12-27T14:42:18.856+0000] {logging_mixin.py:188} INFO - [2025-12-27T14:42:18.855+0000] {dagbag.py:540} INFO - Filling up the DagBag from /home/airflow/.local/lib/python3.12/site-packages/airflow/example_dags/example_subdag_operator.py
[2025-12-27T14:42:18.943+0000] {processor.py:840} INFO - DAG(s) 'example_subdag_operator.section-1', 'example_subdag_operator.section-2', 'example_subdag_operator' retrieved from /home/airflow/.local/lib/python3.12/site-packages/airflow/example_dags/example_subdag_operator.py
[2025-12-27T14:42:19.011+0000] {logging_mixin.py:188} INFO - [2025-12-27T14:42:19.011+0000] {dag.py:3096} INFO - Sync 3 DAGs
[2025-12-27T14:42:19.081+0000] {logging_mixin.py:188} INFO - [2025-12-27T14:42:19.080+0000] {dag.py:3954} INFO - Setting next_dagrun for example_subdag_operator to 2022-01-01 00:00:00+00:00, run_after=2022-01-01 00:00:00+00:00
[2025-12-27T14:42:19.092+0000] {logging_mixin.py:188} INFO - [2025-12-27T14:42:19.092+0000] {dag.py:3954} INFO - Setting next_dagrun for example_subdag_operator.section-1 to None, run_after=None
[2025-12-27T14:42:19.097+0000] {logging_mixin.py:188} INFO - [2025-12-27T14:42:19.097+0000] {dag.py:3954} INFO - Setting next_dagrun for example_subdag_operator.section-2 to None, run_after=None
[2025-12-27T14:42:19.120+0000] {logging_mixin.py:188} INFO - [2025-12-27T14:42:19.119+0000] {dag.py:3096} INFO - Sync 2 DAGs
[2025-12-27T14:42:19.136+0000] {logging_mixin.py:188} INFO - [2025-12-27T14:42:19.135+0000] {dag.py:3954} INFO - Setting next_dagrun for example_subdag_operator.section-1 to None, run_after=None
[2025-12-27T14:42:19.137+0000] {logging_mixin.py:188} INFO - [2025-12-27T14:42:19.137+0000] {dag.py:3954} INFO - Setting next_dagrun for example_subdag_operator.section-2 to None, run_after=None
[2025-12-27T14:42:19.195+0000] {processor.py:183} INFO - Processing /home/airflow/.local/lib/python3.12/site-packages/airflow/example_dags/example_subdag_operator.py took 0.373 seconds
[2025-12-27T14:42:49.826+0000] {processor.py:161} INFO - Started process (PID=2826) to work on /home/airflow/.local/lib/python3.12/site-packages/airflow/example_dags/example_subdag_operator.py
[2025-12-27T14:42:49.829+0000] {processor.py:830} INFO - Processing file /home/airflow/.local/lib/python3.12/site-packages/airflow/example_dags/example_subdag_operator.py for tasks to queue
[2025-12-27T14:42:49.832+0000] {logging_mixin.py:188} INFO - [2025-12-27T14:42:49.831+0000] {dagbag.py:540} INFO - Filling up the DagBag from /home/airflow/.local/lib/python3.12/site-packages/airflow/example_dags/example_subdag_operator.py
[2025-12-27T14:42:49.909+0000] {processor.py:840} INFO - DAG(s) 'example_subdag_operator.section-1', 'example_subdag_operator.section-2', 'example_subdag_operator' retrieved from /home/airflow/.local/lib/python3.12/site-packages/airflow/example_dags/example_subdag_operator.py
[2025-12-27T14:42:49.974+0000] {logging_mixin.py:188} INFO - [2025-12-27T14:42:49.974+0000] {dag.py:3096} INFO - Sync 3 DAGs
[2025-12-27T14:42:50.040+0000] {logging_mixin.py:188} INFO - [2025-12-27T14:42:50.039+0000] {dag.py:3954} INFO - Setting next_dagrun for example_subdag_operator to 2022-01-01 00:00:00+00:00, run_after=2022-01-01 00:00:00+00:00
[2025-12-27T14:42:50.051+0000] {logging_mixin.py:188} INFO - [2025-12-27T14:42:50.051+0000] {dag.py:3954} INFO - Setting next_dagrun for example_subdag_operator.section-1 to None, run_after=None
[2025-12-27T14:42:50.059+0000] {logging_mixin.py:188} INFO - [2025-12-27T14:42:50.058+0000] {dag.py:3954} INFO - Setting next_dagrun for example_subdag_operator.section-2 to None, run_after=None
[2025-12-27T14:42:50.078+0000] {logging_mixin.py:188} INFO - [2025-12-27T14:42:50.077+0000] {dag.py:3096} INFO - Sync 2 DAGs
[2025-12-27T14:42:50.092+0000] {logging_mixin.py:188} INFO - [2025-12-27T14:42:50.092+0000] {dag.py:3954} INFO - Setting next_dagrun for example_subdag_operator.section-1 to None, run_after=None
[2025-12-27T14:42:50.094+0000] {logging_mixin.py:188} INFO - [2025-12-27T14:42:50.093+0000] {dag.py:3954} INFO - Setting next_dagrun for example_subdag_operator.section-2 to None, run_after=None
[2025-12-27T14:42:50.130+0000] {processor.py:183} INFO - Processing /home/airflow/.local/lib/python3.12/site-packages/airflow/example_dags/example_subdag_operator.py took 0.320 seconds
[2025-12-27T14:43:20.279+0000] {processor.py:161} INFO - Started process (PID=2884) to work on /home/airflow/.local/lib/python3.12/site-packages/airflow/example_dags/example_subdag_operator.py
[2025-12-27T14:43:20.282+0000] {processor.py:830} INFO - Processing file /home/airflow/.local/lib/python3.12/site-packages/airflow/example_dags/example_subdag_operator.py for tasks to queue
[2025-12-27T14:43:20.285+0000] {logging_mixin.py:188} INFO - [2025-12-27T14:43:20.284+0000] {dagbag.py:540} INFO - Filling up the DagBag from /home/airflow/.local/lib/python3.12/site-packages/airflow/example_dags/example_subdag_operator.py
[2025-12-27T14:43:20.376+0000] {processor.py:840} INFO - DAG(s) 'example_subdag_operator.section-1', 'example_subdag_operator.section-2', 'example_subdag_operator' retrieved from /home/airflow/.local/lib/python3.12/site-packages/airflow/example_dags/example_subdag_operator.py
[2025-12-27T14:43:20.438+0000] {logging_mixin.py:188} INFO - [2025-12-27T14:43:20.437+0000] {dag.py:3096} INFO - Sync 3 DAGs
[2025-12-27T14:43:20.515+0000] {logging_mixin.py:188} INFO - [2025-12-27T14:43:20.514+0000] {dag.py:3954} INFO - Setting next_dagrun for example_subdag_operator to 2022-01-01 00:00:00+00:00, run_after=2022-01-01 00:00:00+00:00
[2025-12-27T14:43:20.530+0000] {logging_mixin.py:188} INFO - [2025-12-27T14:43:20.529+0000] {dag.py:3954} INFO - Setting next_dagrun for example_subdag_operator.section-1 to None, run_after=None
[2025-12-27T14:43:20.535+0000] {logging_mixin.py:188} INFO - [2025-12-27T14:43:20.534+0000] {dag.py:3954} INFO - Setting next_dagrun for example_subdag_operator.section-2 to None, run_after=None
[2025-12-27T14:43:20.556+0000] {logging_mixin.py:188} INFO - [2025-12-27T14:43:20.555+0000] {dag.py:3096} INFO - Sync 2 DAGs
[2025-12-27T14:43:20.571+0000] {logging_mixin.py:188} INFO - [2025-12-27T14:43:20.570+0000] {dag.py:3954} INFO - Setting next_dagrun for example_subdag_operator.section-1 to None, run_after=None
[2025-12-27T14:43:20.573+0000] {logging_mixin.py:188} INFO - [2025-12-27T14:43:20.573+0000] {dag.py:3954} INFO - Setting next_dagrun for example_subdag_operator.section-2 to None, run_after=None
[2025-12-27T14:43:20.611+0000] {processor.py:183} INFO - Processing /home/airflow/.local/lib/python3.12/site-packages/airflow/example_dags/example_subdag_operator.py took 0.370 seconds
[2025-12-27T14:43:51.096+0000] {processor.py:161} INFO - Started process (PID=2942) to work on /home/airflow/.local/lib/python3.12/site-packages/airflow/example_dags/example_subdag_operator.py
[2025-12-27T14:43:51.107+0000] {processor.py:830} INFO - Processing file /home/airflow/.local/lib/python3.12/site-packages/airflow/example_dags/example_subdag_operator.py for tasks to queue
[2025-12-27T14:43:51.120+0000] {logging_mixin.py:188} INFO - [2025-12-27T14:43:51.118+0000] {dagbag.py:540} INFO - Filling up the DagBag from /home/airflow/.local/lib/python3.12/site-packages/airflow/example_dags/example_subdag_operator.py
[2025-12-27T14:43:51.386+0000] {processor.py:840} INFO - DAG(s) 'example_subdag_operator.section-1', 'example_subdag_operator.section-2', 'example_subdag_operator' retrieved from /home/airflow/.local/lib/python3.12/site-packages/airflow/example_dags/example_subdag_operator.py
[2025-12-27T14:43:51.532+0000] {logging_mixin.py:188} INFO - [2025-12-27T14:43:51.531+0000] {dag.py:3096} INFO - Sync 3 DAGs
[2025-12-27T14:43:51.632+0000] {logging_mixin.py:188} INFO - [2025-12-27T14:43:51.631+0000] {dag.py:3954} INFO - Setting next_dagrun for example_subdag_operator to 2022-01-01 00:00:00+00:00, run_after=2022-01-01 00:00:00+00:00
[2025-12-27T14:43:51.646+0000] {logging_mixin.py:188} INFO - [2025-12-27T14:43:51.645+0000] {dag.py:3954} INFO - Setting next_dagrun for example_subdag_operator.section-1 to None, run_after=None
[2025-12-27T14:43:51.651+0000] {logging_mixin.py:188} INFO - [2025-12-27T14:43:51.651+0000] {dag.py:3954} INFO - Setting next_dagrun for example_subdag_operator.section-2 to None, run_after=None
[2025-12-27T14:43:51.671+0000] {logging_mixin.py:188} INFO - [2025-12-27T14:43:51.671+0000] {dag.py:3096} INFO - Sync 2 DAGs
[2025-12-27T14:43:51.689+0000] {logging_mixin.py:188} INFO - [2025-12-27T14:43:51.689+0000] {dag.py:3954} INFO - Setting next_dagrun for example_subdag_operator.section-1 to None, run_after=None
[2025-12-27T14:43:51.692+0000] {logging_mixin.py:188} INFO - [2025-12-27T14:43:51.691+0000] {dag.py:3954} INFO - Setting next_dagrun for example_subdag_operator.section-2 to None, run_after=None
[2025-12-27T14:43:51.727+0000] {processor.py:183} INFO - Processing /home/airflow/.local/lib/python3.12/site-packages/airflow/example_dags/example_subdag_operator.py took 0.677 seconds
[2025-12-27T14:44:22.006+0000] {processor.py:161} INFO - Started process (PID=3000) to work on /home/airflow/.local/lib/python3.12/site-packages/airflow/example_dags/example_subdag_operator.py
[2025-12-27T14:44:22.009+0000] {processor.py:830} INFO - Processing file /home/airflow/.local/lib/python3.12/site-packages/airflow/example_dags/example_subdag_operator.py for tasks to queue
[2025-12-27T14:44:22.012+0000] {logging_mixin.py:188} INFO - [2025-12-27T14:44:22.011+0000] {dagbag.py:540} INFO - Filling up the DagBag from /home/airflow/.local/lib/python3.12/site-packages/airflow/example_dags/example_subdag_operator.py
[2025-12-27T14:44:22.080+0000] {processor.py:840} INFO - DAG(s) 'example_subdag_operator.section-1', 'example_subdag_operator.section-2', 'example_subdag_operator' retrieved from /home/airflow/.local/lib/python3.12/site-packages/airflow/example_dags/example_subdag_operator.py
[2025-12-27T14:44:22.136+0000] {logging_mixin.py:188} INFO - [2025-12-27T14:44:22.135+0000] {dag.py:3096} INFO - Sync 3 DAGs
[2025-12-27T14:44:22.195+0000] {logging_mixin.py:188} INFO - [2025-12-27T14:44:22.194+0000] {dag.py:3954} INFO - Setting next_dagrun for example_subdag_operator to 2022-01-01 00:00:00+00:00, run_after=2022-01-01 00:00:00+00:00
[2025-12-27T14:44:22.204+0000] {logging_mixin.py:188} INFO - [2025-12-27T14:44:22.204+0000] {dag.py:3954} INFO - Setting next_dagrun for example_subdag_operator.section-1 to None, run_after=None
[2025-12-27T14:44:22.209+0000] {logging_mixin.py:188} INFO - [2025-12-27T14:44:22.208+0000] {dag.py:3954} INFO - Setting next_dagrun for example_subdag_operator.section-2 to None, run_after=None
[2025-12-27T14:44:22.228+0000] {logging_mixin.py:188} INFO - [2025-12-27T14:44:22.227+0000] {dag.py:3096} INFO - Sync 2 DAGs
[2025-12-27T14:44:22.242+0000] {logging_mixin.py:188} INFO - [2025-12-27T14:44:22.241+0000] {dag.py:3954} INFO - Setting next_dagrun for example_subdag_operator.section-1 to None, run_after=None
[2025-12-27T14:44:22.244+0000] {logging_mixin.py:188} INFO - [2025-12-27T14:44:22.244+0000] {dag.py:3954} INFO - Setting next_dagrun for example_subdag_operator.section-2 to None, run_after=None
[2025-12-27T14:44:22.278+0000] {processor.py:183} INFO - Processing /home/airflow/.local/lib/python3.12/site-packages/airflow/example_dags/example_subdag_operator.py took 0.289 seconds
[2025-12-27T14:44:53.060+0000] {processor.py:161} INFO - Started process (PID=3059) to work on /home/airflow/.local/lib/python3.12/site-packages/airflow/example_dags/example_subdag_operator.py
[2025-12-27T14:44:53.064+0000] {processor.py:830} INFO - Processing file /home/airflow/.local/lib/python3.12/site-packages/airflow/example_dags/example_subdag_operator.py for tasks to queue
[2025-12-27T14:44:53.070+0000] {logging_mixin.py:188} INFO - [2025-12-27T14:44:53.068+0000] {dagbag.py:540} INFO - Filling up the DagBag from /home/airflow/.local/lib/python3.12/site-packages/airflow/example_dags/example_subdag_operator.py
[2025-12-27T14:44:53.180+0000] {processor.py:840} INFO - DAG(s) 'example_subdag_operator.section-1', 'example_subdag_operator.section-2', 'example_subdag_operator' retrieved from /home/airflow/.local/lib/python3.12/site-packages/airflow/example_dags/example_subdag_operator.py
[2025-12-27T14:44:53.276+0000] {logging_mixin.py:188} INFO - [2025-12-27T14:44:53.275+0000] {dag.py:3096} INFO - Sync 3 DAGs
[2025-12-27T14:44:53.395+0000] {logging_mixin.py:188} INFO - [2025-12-27T14:44:53.394+0000] {dag.py:3954} INFO - Setting next_dagrun for example_subdag_operator to 2022-01-01 00:00:00+00:00, run_after=2022-01-01 00:00:00+00:00
[2025-12-27T14:44:53.415+0000] {logging_mixin.py:188} INFO - [2025-12-27T14:44:53.414+0000] {dag.py:3954} INFO - Setting next_dagrun for example_subdag_operator.section-1 to None, run_after=None
[2025-12-27T14:44:53.429+0000] {logging_mixin.py:188} INFO - [2025-12-27T14:44:53.428+0000] {dag.py:3954} INFO - Setting next_dagrun for example_subdag_operator.section-2 to None, run_after=None
[2025-12-27T14:44:53.457+0000] {logging_mixin.py:188} INFO - [2025-12-27T14:44:53.456+0000] {dag.py:3096} INFO - Sync 2 DAGs
[2025-12-27T14:44:53.493+0000] {logging_mixin.py:188} INFO - [2025-12-27T14:44:53.493+0000] {dag.py:3954} INFO - Setting next_dagrun for example_subdag_operator.section-1 to None, run_after=None
[2025-12-27T14:44:53.505+0000] {logging_mixin.py:188} INFO - [2025-12-27T14:44:53.503+0000] {dag.py:3954} INFO - Setting next_dagrun for example_subdag_operator.section-2 to None, run_after=None
[2025-12-27T14:44:53.568+0000] {processor.py:183} INFO - Processing /home/airflow/.local/lib/python3.12/site-packages/airflow/example_dags/example_subdag_operator.py took 0.538 seconds
[2025-12-27T14:45:23.965+0000] {processor.py:161} INFO - Started process (PID=3117) to work on /home/airflow/.local/lib/python3.12/site-packages/airflow/example_dags/example_subdag_operator.py
[2025-12-27T14:45:23.969+0000] {processor.py:830} INFO - Processing file /home/airflow/.local/lib/python3.12/site-packages/airflow/example_dags/example_subdag_operator.py for tasks to queue
[2025-12-27T14:45:23.971+0000] {logging_mixin.py:188} INFO - [2025-12-27T14:45:23.970+0000] {dagbag.py:540} INFO - Filling up the DagBag from /home/airflow/.local/lib/python3.12/site-packages/airflow/example_dags/example_subdag_operator.py
[2025-12-27T14:45:24.047+0000] {processor.py:840} INFO - DAG(s) 'example_subdag_operator.section-1', 'example_subdag_operator.section-2', 'example_subdag_operator' retrieved from /home/airflow/.local/lib/python3.12/site-packages/airflow/example_dags/example_subdag_operator.py
[2025-12-27T14:45:24.095+0000] {logging_mixin.py:188} INFO - [2025-12-27T14:45:24.094+0000] {dag.py:3096} INFO - Sync 3 DAGs
[2025-12-27T14:45:24.167+0000] {logging_mixin.py:188} INFO - [2025-12-27T14:45:24.166+0000] {dag.py:3954} INFO - Setting next_dagrun for example_subdag_operator to 2022-01-01 00:00:00+00:00, run_after=2022-01-01 00:00:00+00:00
[2025-12-27T14:45:24.179+0000] {logging_mixin.py:188} INFO - [2025-12-27T14:45:24.179+0000] {dag.py:3954} INFO - Setting next_dagrun for example_subdag_operator.section-1 to None, run_after=None
[2025-12-27T14:45:24.184+0000] {logging_mixin.py:188} INFO - [2025-12-27T14:45:24.184+0000] {dag.py:3954} INFO - Setting next_dagrun for example_subdag_operator.section-2 to None, run_after=None
[2025-12-27T14:45:24.209+0000] {logging_mixin.py:188} INFO - [2025-12-27T14:45:24.208+0000] {dag.py:3096} INFO - Sync 2 DAGs
[2025-12-27T14:45:24.229+0000] {logging_mixin.py:188} INFO - [2025-12-27T14:45:24.228+0000] {dag.py:3954} INFO - Setting next_dagrun for example_subdag_operator.section-1 to None, run_after=None
[2025-12-27T14:45:24.230+0000] {logging_mixin.py:188} INFO - [2025-12-27T14:45:24.230+0000] {dag.py:3954} INFO - Setting next_dagrun for example_subdag_operator.section-2 to None, run_after=None
[2025-12-27T14:45:24.275+0000] {processor.py:183} INFO - Processing /home/airflow/.local/lib/python3.12/site-packages/airflow/example_dags/example_subdag_operator.py took 0.329 seconds
[2025-12-27T14:45:54.570+0000] {processor.py:161} INFO - Started process (PID=3175) to work on /home/airflow/.local/lib/python3.12/site-packages/airflow/example_dags/example_subdag_operator.py
[2025-12-27T14:45:54.573+0000] {processor.py:830} INFO - Processing file /home/airflow/.local/lib/python3.12/site-packages/airflow/example_dags/example_subdag_operator.py for tasks to queue
[2025-12-27T14:45:54.575+0000] {logging_mixin.py:188} INFO - [2025-12-27T14:45:54.575+0000] {dagbag.py:540} INFO - Filling up the DagBag from /home/airflow/.local/lib/python3.12/site-packages/airflow/example_dags/example_subdag_operator.py
[2025-12-27T14:45:54.643+0000] {processor.py:840} INFO - DAG(s) 'example_subdag_operator.section-1', 'example_subdag_operator.section-2', 'example_subdag_operator' retrieved from /home/airflow/.local/lib/python3.12/site-packages/airflow/example_dags/example_subdag_operator.py
[2025-12-27T14:45:54.691+0000] {logging_mixin.py:188} INFO - [2025-12-27T14:45:54.691+0000] {dag.py:3096} INFO - Sync 3 DAGs
[2025-12-27T14:45:54.746+0000] {logging_mixin.py:188} INFO - [2025-12-27T14:45:54.745+0000] {dag.py:3954} INFO - Setting next_dagrun for example_subdag_operator to 2022-01-01 00:00:00+00:00, run_after=2022-01-01 00:00:00+00:00
[2025-12-27T14:45:54.755+0000] {logging_mixin.py:188} INFO - [2025-12-27T14:45:54.755+0000] {dag.py:3954} INFO - Setting next_dagrun for example_subdag_operator.section-1 to None, run_after=None
[2025-12-27T14:45:54.760+0000] {logging_mixin.py:188} INFO - [2025-12-27T14:45:54.760+0000] {dag.py:3954} INFO - Setting next_dagrun for example_subdag_operator.section-2 to None, run_after=None
[2025-12-27T14:45:54.779+0000] {logging_mixin.py:188} INFO - [2025-12-27T14:45:54.778+0000] {dag.py:3096} INFO - Sync 2 DAGs
[2025-12-27T14:45:54.791+0000] {logging_mixin.py:188} INFO - [2025-12-27T14:45:54.790+0000] {dag.py:3954} INFO - Setting next_dagrun for example_subdag_operator.section-1 to None, run_after=None
[2025-12-27T14:45:54.794+0000] {logging_mixin.py:188} INFO - [2025-12-27T14:45:54.793+0000] {dag.py:3954} INFO - Setting next_dagrun for example_subdag_operator.section-2 to None, run_after=None
[2025-12-27T14:45:54.827+0000] {processor.py:183} INFO - Processing /home/airflow/.local/lib/python3.12/site-packages/airflow/example_dags/example_subdag_operator.py took 0.276 seconds
[2025-12-27T14:46:24.987+0000] {processor.py:161} INFO - Started process (PID=3234) to work on /home/airflow/.local/lib/python3.12/site-packages/airflow/example_dags/example_subdag_operator.py
[2025-12-27T14:46:24.990+0000] {processor.py:830} INFO - Processing file /home/airflow/.local/lib/python3.12/site-packages/airflow/example_dags/example_subdag_operator.py for tasks to queue
[2025-12-27T14:46:24.995+0000] {logging_mixin.py:188} INFO - [2025-12-27T14:46:24.992+0000] {dagbag.py:540} INFO - Filling up the DagBag from /home/airflow/.local/lib/python3.12/site-packages/airflow/example_dags/example_subdag_operator.py
[2025-12-27T14:46:25.079+0000] {processor.py:840} INFO - DAG(s) 'example_subdag_operator.section-1', 'example_subdag_operator.section-2', 'example_subdag_operator' retrieved from /home/airflow/.local/lib/python3.12/site-packages/airflow/example_dags/example_subdag_operator.py
[2025-12-27T14:46:25.126+0000] {logging_mixin.py:188} INFO - [2025-12-27T14:46:25.126+0000] {dag.py:3096} INFO - Sync 3 DAGs
[2025-12-27T14:46:25.184+0000] {logging_mixin.py:188} INFO - [2025-12-27T14:46:25.184+0000] {dag.py:3954} INFO - Setting next_dagrun for example_subdag_operator to 2022-01-01 00:00:00+00:00, run_after=2022-01-01 00:00:00+00:00
[2025-12-27T14:46:25.193+0000] {logging_mixin.py:188} INFO - [2025-12-27T14:46:25.193+0000] {dag.py:3954} INFO - Setting next_dagrun for example_subdag_operator.section-1 to None, run_after=None
[2025-12-27T14:46:25.198+0000] {logging_mixin.py:188} INFO - [2025-12-27T14:46:25.197+0000] {dag.py:3954} INFO - Setting next_dagrun for example_subdag_operator.section-2 to None, run_after=None
[2025-12-27T14:46:25.215+0000] {logging_mixin.py:188} INFO - [2025-12-27T14:46:25.215+0000] {dag.py:3096} INFO - Sync 2 DAGs
[2025-12-27T14:46:25.228+0000] {logging_mixin.py:188} INFO - [2025-12-27T14:46:25.228+0000] {dag.py:3954} INFO - Setting next_dagrun for example_subdag_operator.section-1 to None, run_after=None
[2025-12-27T14:46:25.232+0000] {logging_mixin.py:188} INFO - [2025-12-27T14:46:25.231+0000] {dag.py:3954} INFO - Setting next_dagrun for example_subdag_operator.section-2 to None, run_after=None
[2025-12-27T14:46:25.263+0000] {processor.py:183} INFO - Processing /home/airflow/.local/lib/python3.12/site-packages/airflow/example_dags/example_subdag_operator.py took 0.302 seconds
[2025-12-27T14:46:55.774+0000] {processor.py:161} INFO - Started process (PID=3292) to work on /home/airflow/.local/lib/python3.12/site-packages/airflow/example_dags/example_subdag_operator.py
[2025-12-27T14:46:55.778+0000] {processor.py:830} INFO - Processing file /home/airflow/.local/lib/python3.12/site-packages/airflow/example_dags/example_subdag_operator.py for tasks to queue
[2025-12-27T14:46:55.781+0000] {logging_mixin.py:188} INFO - [2025-12-27T14:46:55.780+0000] {dagbag.py:540} INFO - Filling up the DagBag from /home/airflow/.local/lib/python3.12/site-packages/airflow/example_dags/example_subdag_operator.py
[2025-12-27T14:46:55.860+0000] {processor.py:840} INFO - DAG(s) 'example_subdag_operator.section-1', 'example_subdag_operator.section-2', 'example_subdag_operator' retrieved from /home/airflow/.local/lib/python3.12/site-packages/airflow/example_dags/example_subdag_operator.py
[2025-12-27T14:46:55.905+0000] {logging_mixin.py:188} INFO - [2025-12-27T14:46:55.905+0000] {dag.py:3096} INFO - Sync 3 DAGs
[2025-12-27T14:46:55.975+0000] {logging_mixin.py:188} INFO - [2025-12-27T14:46:55.974+0000] {dag.py:3954} INFO - Setting next_dagrun for example_subdag_operator to 2022-01-01 00:00:00+00:00, run_after=2022-01-01 00:00:00+00:00
[2025-12-27T14:46:55.991+0000] {logging_mixin.py:188} INFO - [2025-12-27T14:46:55.991+0000] {dag.py:3954} INFO - Setting next_dagrun for example_subdag_operator.section-1 to None, run_after=None
[2025-12-27T14:46:55.999+0000] {logging_mixin.py:188} INFO - [2025-12-27T14:46:55.998+0000] {dag.py:3954} INFO - Setting next_dagrun for example_subdag_operator.section-2 to None, run_after=None
[2025-12-27T14:46:56.025+0000] {logging_mixin.py:188} INFO - [2025-12-27T14:46:56.024+0000] {dag.py:3096} INFO - Sync 2 DAGs
[2025-12-27T14:46:56.042+0000] {logging_mixin.py:188} INFO - [2025-12-27T14:46:56.041+0000] {dag.py:3954} INFO - Setting next_dagrun for example_subdag_operator.section-1 to None, run_after=None
[2025-12-27T14:46:56.044+0000] {logging_mixin.py:188} INFO - [2025-12-27T14:46:56.043+0000] {dag.py:3954} INFO - Setting next_dagrun for example_subdag_operator.section-2 to None, run_after=None
[2025-12-27T14:46:56.079+0000] {processor.py:183} INFO - Processing /home/airflow/.local/lib/python3.12/site-packages/airflow/example_dags/example_subdag_operator.py took 0.326 seconds
[2025-12-27T14:47:26.212+0000] {processor.py:161} INFO - Started process (PID=3351) to work on /home/airflow/.local/lib/python3.12/site-packages/airflow/example_dags/example_subdag_operator.py
[2025-12-27T14:47:26.215+0000] {processor.py:830} INFO - Processing file /home/airflow/.local/lib/python3.12/site-packages/airflow/example_dags/example_subdag_operator.py for tasks to queue
[2025-12-27T14:47:26.218+0000] {logging_mixin.py:188} INFO - [2025-12-27T14:47:26.217+0000] {dagbag.py:540} INFO - Filling up the DagBag from /home/airflow/.local/lib/python3.12/site-packages/airflow/example_dags/example_subdag_operator.py
[2025-12-27T14:47:26.284+0000] {processor.py:840} INFO - DAG(s) 'example_subdag_operator.section-1', 'example_subdag_operator.section-2', 'example_subdag_operator' retrieved from /home/airflow/.local/lib/python3.12/site-packages/airflow/example_dags/example_subdag_operator.py
[2025-12-27T14:47:26.329+0000] {logging_mixin.py:188} INFO - [2025-12-27T14:47:26.328+0000] {dag.py:3096} INFO - Sync 3 DAGs
[2025-12-27T14:47:26.390+0000] {logging_mixin.py:188} INFO - [2025-12-27T14:47:26.390+0000] {dag.py:3954} INFO - Setting next_dagrun for example_subdag_operator to 2022-01-01 00:00:00+00:00, run_after=2022-01-01 00:00:00+00:00
[2025-12-27T14:47:26.401+0000] {logging_mixin.py:188} INFO - [2025-12-27T14:47:26.400+0000] {dag.py:3954} INFO - Setting next_dagrun for example_subdag_operator.section-1 to None, run_after=None
[2025-12-27T14:47:26.405+0000] {logging_mixin.py:188} INFO - [2025-12-27T14:47:26.404+0000] {dag.py:3954} INFO - Setting next_dagrun for example_subdag_operator.section-2 to None, run_after=None
[2025-12-27T14:47:26.424+0000] {logging_mixin.py:188} INFO - [2025-12-27T14:47:26.423+0000] {dag.py:3096} INFO - Sync 2 DAGs
[2025-12-27T14:47:26.436+0000] {logging_mixin.py:188} INFO - [2025-12-27T14:47:26.436+0000] {dag.py:3954} INFO - Setting next_dagrun for example_subdag_operator.section-1 to None, run_after=None
[2025-12-27T14:47:26.438+0000] {logging_mixin.py:188} INFO - [2025-12-27T14:47:26.438+0000] {dag.py:3954} INFO - Setting next_dagrun for example_subdag_operator.section-2 to None, run_after=None
[2025-12-27T14:47:26.471+0000] {processor.py:183} INFO - Processing /home/airflow/.local/lib/python3.12/site-packages/airflow/example_dags/example_subdag_operator.py took 0.278 seconds
[2025-12-27T14:47:56.665+0000] {processor.py:161} INFO - Started process (PID=3408) to work on /home/airflow/.local/lib/python3.12/site-packages/airflow/example_dags/example_subdag_operator.py
[2025-12-27T14:47:56.670+0000] {processor.py:830} INFO - Processing file /home/airflow/.local/lib/python3.12/site-packages/airflow/example_dags/example_subdag_operator.py for tasks to queue
[2025-12-27T14:47:56.678+0000] {logging_mixin.py:188} INFO - [2025-12-27T14:47:56.673+0000] {dagbag.py:540} INFO - Filling up the DagBag from /home/airflow/.local/lib/python3.12/site-packages/airflow/example_dags/example_subdag_operator.py
[2025-12-27T14:47:56.832+0000] {processor.py:840} INFO - DAG(s) 'example_subdag_operator.section-1', 'example_subdag_operator.section-2', 'example_subdag_operator' retrieved from /home/airflow/.local/lib/python3.12/site-packages/airflow/example_dags/example_subdag_operator.py
[2025-12-27T14:47:56.990+0000] {logging_mixin.py:188} INFO - [2025-12-27T14:47:56.990+0000] {dag.py:3096} INFO - Sync 3 DAGs
[2025-12-27T14:47:57.060+0000] {logging_mixin.py:188} INFO - [2025-12-27T14:47:57.060+0000] {dag.py:3954} INFO - Setting next_dagrun for example_subdag_operator to 2022-01-01 00:00:00+00:00, run_after=2022-01-01 00:00:00+00:00
[2025-12-27T14:47:57.071+0000] {logging_mixin.py:188} INFO - [2025-12-27T14:47:57.070+0000] {dag.py:3954} INFO - Setting next_dagrun for example_subdag_operator.section-1 to None, run_after=None
[2025-12-27T14:47:57.075+0000] {logging_mixin.py:188} INFO - [2025-12-27T14:47:57.074+0000] {dag.py:3954} INFO - Setting next_dagrun for example_subdag_operator.section-2 to None, run_after=None
[2025-12-27T14:47:57.096+0000] {logging_mixin.py:188} INFO - [2025-12-27T14:47:57.095+0000] {dag.py:3096} INFO - Sync 2 DAGs
[2025-12-27T14:47:57.110+0000] {logging_mixin.py:188} INFO - [2025-12-27T14:47:57.109+0000] {dag.py:3954} INFO - Setting next_dagrun for example_subdag_operator.section-1 to None, run_after=None
[2025-12-27T14:47:57.111+0000] {logging_mixin.py:188} INFO - [2025-12-27T14:47:57.111+0000] {dag.py:3954} INFO - Setting next_dagrun for example_subdag_operator.section-2 to None, run_after=None
[2025-12-27T14:47:57.146+0000] {processor.py:183} INFO - Processing /home/airflow/.local/lib/python3.12/site-packages/airflow/example_dags/example_subdag_operator.py took 0.527 seconds
[2025-12-27T14:48:28.270+0000] {processor.py:161} INFO - Started process (PID=3467) to work on /home/airflow/.local/lib/python3.12/site-packages/airflow/example_dags/example_subdag_operator.py
[2025-12-27T14:48:28.275+0000] {processor.py:830} INFO - Processing file /home/airflow/.local/lib/python3.12/site-packages/airflow/example_dags/example_subdag_operator.py for tasks to queue
[2025-12-27T14:48:28.280+0000] {logging_mixin.py:188} INFO - [2025-12-27T14:48:28.278+0000] {dagbag.py:540} INFO - Filling up the DagBag from /home/airflow/.local/lib/python3.12/site-packages/airflow/example_dags/example_subdag_operator.py
[2025-12-27T14:48:28.431+0000] {processor.py:840} INFO - DAG(s) 'example_subdag_operator.section-1', 'example_subdag_operator.section-2', 'example_subdag_operator' retrieved from /home/airflow/.local/lib/python3.12/site-packages/airflow/example_dags/example_subdag_operator.py
[2025-12-27T14:48:28.515+0000] {logging_mixin.py:188} INFO - [2025-12-27T14:48:28.514+0000] {dag.py:3096} INFO - Sync 3 DAGs
[2025-12-27T14:48:28.707+0000] {logging_mixin.py:188} INFO - [2025-12-27T14:48:28.705+0000] {dag.py:3954} INFO - Setting next_dagrun for example_subdag_operator to 2022-01-01 00:00:00+00:00, run_after=2022-01-01 00:00:00+00:00
[2025-12-27T14:48:28.740+0000] {logging_mixin.py:188} INFO - [2025-12-27T14:48:28.739+0000] {dag.py:3954} INFO - Setting next_dagrun for example_subdag_operator.section-1 to None, run_after=None
[2025-12-27T14:48:28.756+0000] {logging_mixin.py:188} INFO - [2025-12-27T14:48:28.755+0000] {dag.py:3954} INFO - Setting next_dagrun for example_subdag_operator.section-2 to None, run_after=None
[2025-12-27T14:48:28.821+0000] {logging_mixin.py:188} INFO - [2025-12-27T14:48:28.820+0000] {dag.py:3096} INFO - Sync 2 DAGs
[2025-12-27T14:48:28.854+0000] {logging_mixin.py:188} INFO - [2025-12-27T14:48:28.853+0000] {dag.py:3954} INFO - Setting next_dagrun for example_subdag_operator.section-1 to None, run_after=None
[2025-12-27T14:48:28.857+0000] {logging_mixin.py:188} INFO - [2025-12-27T14:48:28.856+0000] {dag.py:3954} INFO - Setting next_dagrun for example_subdag_operator.section-2 to None, run_after=None
[2025-12-27T14:48:28.932+0000] {processor.py:183} INFO - Processing /home/airflow/.local/lib/python3.12/site-packages/airflow/example_dags/example_subdag_operator.py took 0.694 seconds
[2025-12-27T14:49:02.387+0000] {processor.py:161} INFO - Started process (PID=3524) to work on /home/airflow/.local/lib/python3.12/site-packages/airflow/example_dags/example_subdag_operator.py
[2025-12-27T14:49:02.395+0000] {processor.py:830} INFO - Processing file /home/airflow/.local/lib/python3.12/site-packages/airflow/example_dags/example_subdag_operator.py for tasks to queue
[2025-12-27T14:49:02.401+0000] {logging_mixin.py:188} INFO - [2025-12-27T14:49:02.399+0000] {dagbag.py:540} INFO - Filling up the DagBag from /home/airflow/.local/lib/python3.12/site-packages/airflow/example_dags/example_subdag_operator.py
[2025-12-27T14:49:02.536+0000] {processor.py:840} INFO - DAG(s) 'example_subdag_operator.section-1', 'example_subdag_operator.section-2', 'example_subdag_operator' retrieved from /home/airflow/.local/lib/python3.12/site-packages/airflow/example_dags/example_subdag_operator.py
[2025-12-27T14:49:02.619+0000] {logging_mixin.py:188} INFO - [2025-12-27T14:49:02.618+0000] {dag.py:3096} INFO - Sync 3 DAGs
[2025-12-27T14:49:02.758+0000] {logging_mixin.py:188} INFO - [2025-12-27T14:49:02.752+0000] {dag.py:3954} INFO - Setting next_dagrun for example_subdag_operator to 2022-01-01 00:00:00+00:00, run_after=2022-01-01 00:00:00+00:00
[2025-12-27T14:49:02.796+0000] {logging_mixin.py:188} INFO - [2025-12-27T14:49:02.794+0000] {dag.py:3954} INFO - Setting next_dagrun for example_subdag_operator.section-1 to None, run_after=None
[2025-12-27T14:49:02.811+0000] {logging_mixin.py:188} INFO - [2025-12-27T14:49:02.806+0000] {dag.py:3954} INFO - Setting next_dagrun for example_subdag_operator.section-2 to None, run_after=None
[2025-12-27T14:49:02.891+0000] {logging_mixin.py:188} INFO - [2025-12-27T14:49:02.890+0000] {dag.py:3096} INFO - Sync 2 DAGs
[2025-12-27T14:49:02.922+0000] {logging_mixin.py:188} INFO - [2025-12-27T14:49:02.921+0000] {dag.py:3954} INFO - Setting next_dagrun for example_subdag_operator.section-1 to None, run_after=None
[2025-12-27T14:49:02.925+0000] {logging_mixin.py:188} INFO - [2025-12-27T14:49:02.924+0000] {dag.py:3954} INFO - Setting next_dagrun for example_subdag_operator.section-2 to None, run_after=None
[2025-12-27T14:49:03.120+0000] {processor.py:183} INFO - Processing /home/airflow/.local/lib/python3.12/site-packages/airflow/example_dags/example_subdag_operator.py took 0.762 seconds
[2025-12-27T14:49:33.609+0000] {processor.py:161} INFO - Started process (PID=3582) to work on /home/airflow/.local/lib/python3.12/site-packages/airflow/example_dags/example_subdag_operator.py
[2025-12-27T14:49:33.612+0000] {processor.py:830} INFO - Processing file /home/airflow/.local/lib/python3.12/site-packages/airflow/example_dags/example_subdag_operator.py for tasks to queue
[2025-12-27T14:49:33.616+0000] {logging_mixin.py:188} INFO - [2025-12-27T14:49:33.614+0000] {dagbag.py:540} INFO - Filling up the DagBag from /home/airflow/.local/lib/python3.12/site-packages/airflow/example_dags/example_subdag_operator.py
[2025-12-27T14:49:33.694+0000] {processor.py:840} INFO - DAG(s) 'example_subdag_operator.section-1', 'example_subdag_operator.section-2', 'example_subdag_operator' retrieved from /home/airflow/.local/lib/python3.12/site-packages/airflow/example_dags/example_subdag_operator.py
[2025-12-27T14:49:33.742+0000] {logging_mixin.py:188} INFO - [2025-12-27T14:49:33.742+0000] {dag.py:3096} INFO - Sync 3 DAGs
[2025-12-27T14:49:33.810+0000] {logging_mixin.py:188} INFO - [2025-12-27T14:49:33.809+0000] {dag.py:3954} INFO - Setting next_dagrun for example_subdag_operator to 2022-01-01 00:00:00+00:00, run_after=2022-01-01 00:00:00+00:00
[2025-12-27T14:49:33.820+0000] {logging_mixin.py:188} INFO - [2025-12-27T14:49:33.820+0000] {dag.py:3954} INFO - Setting next_dagrun for example_subdag_operator.section-1 to None, run_after=None
[2025-12-27T14:49:33.824+0000] {logging_mixin.py:188} INFO - [2025-12-27T14:49:33.824+0000] {dag.py:3954} INFO - Setting next_dagrun for example_subdag_operator.section-2 to None, run_after=None
[2025-12-27T14:49:33.843+0000] {logging_mixin.py:188} INFO - [2025-12-27T14:49:33.842+0000] {dag.py:3096} INFO - Sync 2 DAGs
[2025-12-27T14:49:33.863+0000] {logging_mixin.py:188} INFO - [2025-12-27T14:49:33.862+0000] {dag.py:3954} INFO - Setting next_dagrun for example_subdag_operator.section-1 to None, run_after=None
[2025-12-27T14:49:33.865+0000] {logging_mixin.py:188} INFO - [2025-12-27T14:49:33.864+0000] {dag.py:3954} INFO - Setting next_dagrun for example_subdag_operator.section-2 to None, run_after=None
[2025-12-27T14:49:33.901+0000] {processor.py:183} INFO - Processing /home/airflow/.local/lib/python3.12/site-packages/airflow/example_dags/example_subdag_operator.py took 0.312 seconds
[2025-12-27T14:50:04.464+0000] {processor.py:161} INFO - Started process (PID=3638) to work on /home/airflow/.local/lib/python3.12/site-packages/airflow/example_dags/example_subdag_operator.py
[2025-12-27T14:50:04.475+0000] {processor.py:830} INFO - Processing file /home/airflow/.local/lib/python3.12/site-packages/airflow/example_dags/example_subdag_operator.py for tasks to queue
[2025-12-27T14:50:04.483+0000] {logging_mixin.py:188} INFO - [2025-12-27T14:50:04.479+0000] {dagbag.py:540} INFO - Filling up the DagBag from /home/airflow/.local/lib/python3.12/site-packages/airflow/example_dags/example_subdag_operator.py
[2025-12-27T14:50:04.648+0000] {processor.py:840} INFO - DAG(s) 'example_subdag_operator.section-1', 'example_subdag_operator.section-2', 'example_subdag_operator' retrieved from /home/airflow/.local/lib/python3.12/site-packages/airflow/example_dags/example_subdag_operator.py
[2025-12-27T14:50:04.781+0000] {logging_mixin.py:188} INFO - [2025-12-27T14:50:04.780+0000] {dag.py:3096} INFO - Sync 3 DAGs
[2025-12-27T14:50:04.984+0000] {logging_mixin.py:188} INFO - [2025-12-27T14:50:04.983+0000] {dag.py:3954} INFO - Setting next_dagrun for example_subdag_operator to 2022-01-01 00:00:00+00:00, run_after=2022-01-01 00:00:00+00:00
[2025-12-27T14:50:05.030+0000] {logging_mixin.py:188} INFO - [2025-12-27T14:50:05.029+0000] {dag.py:3954} INFO - Setting next_dagrun for example_subdag_operator.section-1 to None, run_after=None
[2025-12-27T14:50:05.049+0000] {logging_mixin.py:188} INFO - [2025-12-27T14:50:05.037+0000] {dag.py:3954} INFO - Setting next_dagrun for example_subdag_operator.section-2 to None, run_after=None
[2025-12-27T14:50:05.125+0000] {logging_mixin.py:188} INFO - [2025-12-27T14:50:05.124+0000] {dag.py:3096} INFO - Sync 2 DAGs
[2025-12-27T14:50:05.177+0000] {logging_mixin.py:188} INFO - [2025-12-27T14:50:05.176+0000] {dag.py:3954} INFO - Setting next_dagrun for example_subdag_operator.section-1 to None, run_after=None
[2025-12-27T14:50:05.184+0000] {logging_mixin.py:188} INFO - [2025-12-27T14:50:05.183+0000] {dag.py:3954} INFO - Setting next_dagrun for example_subdag_operator.section-2 to None, run_after=None
[2025-12-27T14:50:05.268+0000] {processor.py:183} INFO - Processing /home/airflow/.local/lib/python3.12/site-packages/airflow/example_dags/example_subdag_operator.py took 0.884 seconds
[2025-12-27T14:50:36.498+0000] {processor.py:161} INFO - Started process (PID=3695) to work on /home/airflow/.local/lib/python3.12/site-packages/airflow/example_dags/example_subdag_operator.py
[2025-12-27T14:50:36.503+0000] {processor.py:830} INFO - Processing file /home/airflow/.local/lib/python3.12/site-packages/airflow/example_dags/example_subdag_operator.py for tasks to queue
[2025-12-27T14:50:36.509+0000] {logging_mixin.py:188} INFO - [2025-12-27T14:50:36.508+0000] {dagbag.py:540} INFO - Filling up the DagBag from /home/airflow/.local/lib/python3.12/site-packages/airflow/example_dags/example_subdag_operator.py
[2025-12-27T14:50:36.643+0000] {processor.py:840} INFO - DAG(s) 'example_subdag_operator.section-1', 'example_subdag_operator.section-2', 'example_subdag_operator' retrieved from /home/airflow/.local/lib/python3.12/site-packages/airflow/example_dags/example_subdag_operator.py
[2025-12-27T14:50:36.732+0000] {logging_mixin.py:188} INFO - [2025-12-27T14:50:36.731+0000] {dag.py:3096} INFO - Sync 3 DAGs
[2025-12-27T14:50:36.797+0000] {logging_mixin.py:188} INFO - [2025-12-27T14:50:36.796+0000] {dag.py:3954} INFO - Setting next_dagrun for example_subdag_operator to 2022-01-01 00:00:00+00:00, run_after=2022-01-01 00:00:00+00:00
[2025-12-27T14:50:36.812+0000] {logging_mixin.py:188} INFO - [2025-12-27T14:50:36.811+0000] {dag.py:3954} INFO - Setting next_dagrun for example_subdag_operator.section-1 to None, run_after=None
[2025-12-27T14:50:36.819+0000] {logging_mixin.py:188} INFO - [2025-12-27T14:50:36.818+0000] {dag.py:3954} INFO - Setting next_dagrun for example_subdag_operator.section-2 to None, run_after=None
[2025-12-27T14:50:36.839+0000] {logging_mixin.py:188} INFO - [2025-12-27T14:50:36.838+0000] {dag.py:3096} INFO - Sync 2 DAGs
[2025-12-27T14:50:36.864+0000] {logging_mixin.py:188} INFO - [2025-12-27T14:50:36.863+0000] {dag.py:3954} INFO - Setting next_dagrun for example_subdag_operator.section-1 to None, run_after=None
[2025-12-27T14:50:36.867+0000] {logging_mixin.py:188} INFO - [2025-12-27T14:50:36.867+0000] {dag.py:3954} INFO - Setting next_dagrun for example_subdag_operator.section-2 to None, run_after=None
[2025-12-27T14:50:36.947+0000] {processor.py:183} INFO - Processing /home/airflow/.local/lib/python3.12/site-packages/airflow/example_dags/example_subdag_operator.py took 0.480 seconds
[2025-12-27T14:51:08.535+0000] {processor.py:161} INFO - Started process (PID=3753) to work on /home/airflow/.local/lib/python3.12/site-packages/airflow/example_dags/example_subdag_operator.py
[2025-12-27T14:51:08.573+0000] {processor.py:830} INFO - Processing file /home/airflow/.local/lib/python3.12/site-packages/airflow/example_dags/example_subdag_operator.py for tasks to queue
[2025-12-27T14:51:08.676+0000] {logging_mixin.py:188} INFO - [2025-12-27T14:51:08.673+0000] {dagbag.py:540} INFO - Filling up the DagBag from /home/airflow/.local/lib/python3.12/site-packages/airflow/example_dags/example_subdag_operator.py
[2025-12-27T14:51:09.579+0000] {processor.py:840} INFO - DAG(s) 'example_subdag_operator.section-1', 'example_subdag_operator.section-2', 'example_subdag_operator' retrieved from /home/airflow/.local/lib/python3.12/site-packages/airflow/example_dags/example_subdag_operator.py
[2025-12-27T14:51:10.635+0000] {logging_mixin.py:188} INFO - [2025-12-27T14:51:10.634+0000] {dag.py:3096} INFO - Sync 3 DAGs
[2025-12-27T14:51:11.009+0000] {logging_mixin.py:188} INFO - [2025-12-27T14:51:11.007+0000] {dag.py:3954} INFO - Setting next_dagrun for example_subdag_operator to 2022-01-01 00:00:00+00:00, run_after=2022-01-01 00:00:00+00:00
[2025-12-27T14:51:11.051+0000] {logging_mixin.py:188} INFO - [2025-12-27T14:51:11.050+0000] {dag.py:3954} INFO - Setting next_dagrun for example_subdag_operator.section-1 to None, run_after=None
[2025-12-27T14:51:11.133+0000] {logging_mixin.py:188} INFO - [2025-12-27T14:51:11.132+0000] {dag.py:3954} INFO - Setting next_dagrun for example_subdag_operator.section-2 to None, run_after=None
[2025-12-27T14:51:11.213+0000] {logging_mixin.py:188} INFO - [2025-12-27T14:51:11.212+0000] {dag.py:3096} INFO - Sync 2 DAGs
[2025-12-27T14:51:11.306+0000] {logging_mixin.py:188} INFO - [2025-12-27T14:51:11.298+0000] {dag.py:3954} INFO - Setting next_dagrun for example_subdag_operator.section-1 to None, run_after=None
[2025-12-27T14:51:11.486+0000] {logging_mixin.py:188} INFO - [2025-12-27T14:51:11.485+0000] {dag.py:3954} INFO - Setting next_dagrun for example_subdag_operator.section-2 to None, run_after=None
[2025-12-27T14:51:11.767+0000] {processor.py:183} INFO - Processing /home/airflow/.local/lib/python3.12/site-packages/airflow/example_dags/example_subdag_operator.py took 3.299 seconds
[2025-12-27T14:53:06.408+0000] {processor.py:161} INFO - Started process (PID=3822) to work on /home/airflow/.local/lib/python3.12/site-packages/airflow/example_dags/example_subdag_operator.py
[2025-12-27T14:53:06.428+0000] {processor.py:830} INFO - Processing file /home/airflow/.local/lib/python3.12/site-packages/airflow/example_dags/example_subdag_operator.py for tasks to queue
[2025-12-27T14:53:06.445+0000] {logging_mixin.py:188} INFO - [2025-12-27T14:53:06.435+0000] {dagbag.py:540} INFO - Filling up the DagBag from /home/airflow/.local/lib/python3.12/site-packages/airflow/example_dags/example_subdag_operator.py
[2025-12-27T14:53:07.386+0000] {processor.py:840} INFO - DAG(s) 'example_subdag_operator.section-1', 'example_subdag_operator.section-2', 'example_subdag_operator' retrieved from /home/airflow/.local/lib/python3.12/site-packages/airflow/example_dags/example_subdag_operator.py
[2025-12-27T14:53:08.069+0000] {logging_mixin.py:188} INFO - [2025-12-27T14:53:08.068+0000] {dag.py:3096} INFO - Sync 3 DAGs
[2025-12-27T14:53:08.667+0000] {logging_mixin.py:188} INFO - [2025-12-27T14:53:08.655+0000] {dag.py:3954} INFO - Setting next_dagrun for example_subdag_operator to 2022-01-01 00:00:00+00:00, run_after=2022-01-01 00:00:00+00:00
[2025-12-27T14:53:08.733+0000] {logging_mixin.py:188} INFO - [2025-12-27T14:53:08.721+0000] {dag.py:3954} INFO - Setting next_dagrun for example_subdag_operator.section-1 to None, run_after=None
[2025-12-27T14:53:08.741+0000] {logging_mixin.py:188} INFO - [2025-12-27T14:53:08.740+0000] {dag.py:3954} INFO - Setting next_dagrun for example_subdag_operator.section-2 to None, run_after=None
[2025-12-27T14:53:08.933+0000] {logging_mixin.py:188} INFO - [2025-12-27T14:53:08.932+0000] {dag.py:3096} INFO - Sync 2 DAGs
[2025-12-27T14:53:08.999+0000] {logging_mixin.py:188} INFO - [2025-12-27T14:53:08.998+0000] {dag.py:3954} INFO - Setting next_dagrun for example_subdag_operator.section-1 to None, run_after=None
[2025-12-27T14:53:09.002+0000] {logging_mixin.py:188} INFO - [2025-12-27T14:53:09.001+0000] {dag.py:3954} INFO - Setting next_dagrun for example_subdag_operator.section-2 to None, run_after=None
[2025-12-27T14:53:09.186+0000] {processor.py:183} INFO - Processing /home/airflow/.local/lib/python3.12/site-packages/airflow/example_dags/example_subdag_operator.py took 2.897 seconds
[2025-12-27T14:55:20.951+0000] {processor.py:161} INFO - Started process (PID=3879) to work on /home/airflow/.local/lib/python3.12/site-packages/airflow/example_dags/example_subdag_operator.py
[2025-12-27T14:55:20.991+0000] {processor.py:830} INFO - Processing file /home/airflow/.local/lib/python3.12/site-packages/airflow/example_dags/example_subdag_operator.py for tasks to queue
[2025-12-27T14:55:21.043+0000] {logging_mixin.py:188} INFO - [2025-12-27T14:55:21.008+0000] {dagbag.py:540} INFO - Filling up the DagBag from /home/airflow/.local/lib/python3.12/site-packages/airflow/example_dags/example_subdag_operator.py
[2025-12-27T14:55:25.764+0000] {processor.py:840} INFO - DAG(s) 'example_subdag_operator.section-1', 'example_subdag_operator.section-2', 'example_subdag_operator' retrieved from /home/airflow/.local/lib/python3.12/site-packages/airflow/example_dags/example_subdag_operator.py
[2025-12-27T14:55:28.988+0000] {logging_mixin.py:188} INFO - [2025-12-27T14:55:28.893+0000] {dag.py:3096} INFO - Sync 3 DAGs
[2025-12-27T14:55:39.064+0000] {logging_mixin.py:188} INFO - [2025-12-27T14:55:39.008+0000] {dag.py:3954} INFO - Setting next_dagrun for example_subdag_operator to 2022-01-01 00:00:00+00:00, run_after=2022-01-01 00:00:00+00:00
[2025-12-27T14:55:39.983+0000] {logging_mixin.py:188} INFO - [2025-12-27T14:55:39.982+0000] {dag.py:3954} INFO - Setting next_dagrun for example_subdag_operator.section-1 to None, run_after=None
[2025-12-27T14:55:40.033+0000] {logging_mixin.py:188} INFO - [2025-12-27T14:55:40.032+0000] {dag.py:3954} INFO - Setting next_dagrun for example_subdag_operator.section-2 to None, run_after=None
[2025-12-27T14:55:41.655+0000] {logging_mixin.py:188} INFO - [2025-12-27T14:55:41.621+0000] {dag.py:3096} INFO - Sync 2 DAGs
[2025-12-27T14:55:41.782+0000] {logging_mixin.py:188} INFO - [2025-12-27T14:55:41.781+0000] {dag.py:3954} INFO - Setting next_dagrun for example_subdag_operator.section-1 to None, run_after=None
[2025-12-27T14:55:41.788+0000] {logging_mixin.py:188} INFO - [2025-12-27T14:55:41.787+0000] {dag.py:3954} INFO - Setting next_dagrun for example_subdag_operator.section-2 to None, run_after=None
[2025-12-27T14:55:42.149+0000] {processor.py:183} INFO - Processing /home/airflow/.local/lib/python3.12/site-packages/airflow/example_dags/example_subdag_operator.py took 21.557 seconds
