[2025-12-27T14:15:13.272+0000] {processor.py:161} INFO - Started process (PID=125) to work on /home/airflow/.local/lib/python3.12/site-packages/airflow/example_dags/example_latest_only_with_trigger.py
[2025-12-27T14:15:13.277+0000] {processor.py:830} INFO - Processing file /home/airflow/.local/lib/python3.12/site-packages/airflow/example_dags/example_latest_only_with_trigger.py for tasks to queue
[2025-12-27T14:15:13.284+0000] {logging_mixin.py:188} INFO - [2025-12-27T14:15:13.283+0000] {dagbag.py:540} INFO - Filling up the DagBag from /home/airflow/.local/lib/python3.12/site-packages/airflow/example_dags/example_latest_only_with_trigger.py
[2025-12-27T14:15:13.307+0000] {processor.py:840} INFO - DAG(s) 'latest_only_with_trigger' retrieved from /home/airflow/.local/lib/python3.12/site-packages/airflow/example_dags/example_latest_only_with_trigger.py
[2025-12-27T14:15:13.786+0000] {logging_mixin.py:188} INFO - [2025-12-27T14:15:13.786+0000] {dag.py:3096} INFO - Sync 1 DAGs
[2025-12-27T14:15:13.874+0000] {logging_mixin.py:188} INFO - [2025-12-27T14:15:13.873+0000] {dag.py:3954} INFO - Setting next_dagrun for latest_only_with_trigger to 2025-12-27 08:00:00+00:00, run_after=2025-12-27 12:00:00+00:00
[2025-12-27T14:15:13.960+0000] {processor.py:183} INFO - Processing /home/airflow/.local/lib/python3.12/site-packages/airflow/example_dags/example_latest_only_with_trigger.py took 0.728 seconds
[2025-12-27T14:15:44.946+0000] {processor.py:161} INFO - Started process (PID=182) to work on /home/airflow/.local/lib/python3.12/site-packages/airflow/example_dags/example_latest_only_with_trigger.py
[2025-12-27T14:15:44.953+0000] {processor.py:830} INFO - Processing file /home/airflow/.local/lib/python3.12/site-packages/airflow/example_dags/example_latest_only_with_trigger.py for tasks to queue
[2025-12-27T14:15:44.979+0000] {logging_mixin.py:188} INFO - [2025-12-27T14:15:44.976+0000] {dagbag.py:540} INFO - Filling up the DagBag from /home/airflow/.local/lib/python3.12/site-packages/airflow/example_dags/example_latest_only_with_trigger.py
[2025-12-27T14:15:45.022+0000] {processor.py:840} INFO - DAG(s) 'latest_only_with_trigger' retrieved from /home/airflow/.local/lib/python3.12/site-packages/airflow/example_dags/example_latest_only_with_trigger.py
[2025-12-27T14:15:45.159+0000] {logging_mixin.py:188} INFO - [2025-12-27T14:15:45.158+0000] {dag.py:3096} INFO - Sync 1 DAGs
[2025-12-27T14:15:45.263+0000] {logging_mixin.py:188} INFO - [2025-12-27T14:15:45.262+0000] {dag.py:3954} INFO - Setting next_dagrun for latest_only_with_trigger to 2025-12-27 08:00:00+00:00, run_after=2025-12-27 12:00:00+00:00
[2025-12-27T14:15:45.342+0000] {processor.py:183} INFO - Processing /home/airflow/.local/lib/python3.12/site-packages/airflow/example_dags/example_latest_only_with_trigger.py took 0.424 seconds
[2025-12-27T14:16:16.427+0000] {processor.py:161} INFO - Started process (PID=241) to work on /home/airflow/.local/lib/python3.12/site-packages/airflow/example_dags/example_latest_only_with_trigger.py
[2025-12-27T14:16:16.433+0000] {processor.py:830} INFO - Processing file /home/airflow/.local/lib/python3.12/site-packages/airflow/example_dags/example_latest_only_with_trigger.py for tasks to queue
[2025-12-27T14:16:16.443+0000] {logging_mixin.py:188} INFO - [2025-12-27T14:16:16.441+0000] {dagbag.py:540} INFO - Filling up the DagBag from /home/airflow/.local/lib/python3.12/site-packages/airflow/example_dags/example_latest_only_with_trigger.py
[2025-12-27T14:16:16.468+0000] {processor.py:840} INFO - DAG(s) 'latest_only_with_trigger' retrieved from /home/airflow/.local/lib/python3.12/site-packages/airflow/example_dags/example_latest_only_with_trigger.py
[2025-12-27T14:16:16.583+0000] {logging_mixin.py:188} INFO - [2025-12-27T14:16:16.582+0000] {dag.py:3096} INFO - Sync 1 DAGs
[2025-12-27T14:16:16.787+0000] {logging_mixin.py:188} INFO - [2025-12-27T14:16:16.786+0000] {dag.py:3954} INFO - Setting next_dagrun for latest_only_with_trigger to 2025-12-27 08:00:00+00:00, run_after=2025-12-27 12:00:00+00:00
[2025-12-27T14:16:16.939+0000] {processor.py:183} INFO - Processing /home/airflow/.local/lib/python3.12/site-packages/airflow/example_dags/example_latest_only_with_trigger.py took 0.551 seconds
[2025-12-27T14:16:47.817+0000] {processor.py:161} INFO - Started process (PID=305) to work on /home/airflow/.local/lib/python3.12/site-packages/airflow/example_dags/example_latest_only_with_trigger.py
[2025-12-27T14:16:47.825+0000] {processor.py:830} INFO - Processing file /home/airflow/.local/lib/python3.12/site-packages/airflow/example_dags/example_latest_only_with_trigger.py for tasks to queue
[2025-12-27T14:16:47.833+0000] {logging_mixin.py:188} INFO - [2025-12-27T14:16:47.831+0000] {dagbag.py:540} INFO - Filling up the DagBag from /home/airflow/.local/lib/python3.12/site-packages/airflow/example_dags/example_latest_only_with_trigger.py
[2025-12-27T14:16:47.882+0000] {processor.py:840} INFO - DAG(s) 'latest_only_with_trigger' retrieved from /home/airflow/.local/lib/python3.12/site-packages/airflow/example_dags/example_latest_only_with_trigger.py
[2025-12-27T14:16:48.017+0000] {logging_mixin.py:188} INFO - [2025-12-27T14:16:48.016+0000] {dag.py:3096} INFO - Sync 1 DAGs
[2025-12-27T14:16:48.131+0000] {logging_mixin.py:188} INFO - [2025-12-27T14:16:48.130+0000] {dag.py:3954} INFO - Setting next_dagrun for latest_only_with_trigger to 2025-12-27 08:00:00+00:00, run_after=2025-12-27 12:00:00+00:00
[2025-12-27T14:16:48.241+0000] {processor.py:183} INFO - Processing /home/airflow/.local/lib/python3.12/site-packages/airflow/example_dags/example_latest_only_with_trigger.py took 0.447 seconds
[2025-12-27T14:17:52.378+0000] {processor.py:161} INFO - Started process (PID=391) to work on /home/airflow/.local/lib/python3.12/site-packages/airflow/example_dags/example_latest_only_with_trigger.py
[2025-12-27T14:17:52.391+0000] {processor.py:830} INFO - Processing file /home/airflow/.local/lib/python3.12/site-packages/airflow/example_dags/example_latest_only_with_trigger.py for tasks to queue
[2025-12-27T14:17:52.404+0000] {logging_mixin.py:188} INFO - [2025-12-27T14:17:52.400+0000] {dagbag.py:540} INFO - Filling up the DagBag from /home/airflow/.local/lib/python3.12/site-packages/airflow/example_dags/example_latest_only_with_trigger.py
[2025-12-27T14:17:52.472+0000] {processor.py:840} INFO - DAG(s) 'latest_only_with_trigger' retrieved from /home/airflow/.local/lib/python3.12/site-packages/airflow/example_dags/example_latest_only_with_trigger.py
[2025-12-27T14:17:52.620+0000] {logging_mixin.py:188} INFO - [2025-12-27T14:17:52.619+0000] {dag.py:3096} INFO - Sync 1 DAGs
[2025-12-27T14:17:52.858+0000] {logging_mixin.py:188} INFO - [2025-12-27T14:17:52.857+0000] {dag.py:3954} INFO - Setting next_dagrun for latest_only_with_trigger to 2025-12-27 08:00:00+00:00, run_after=2025-12-27 12:00:00+00:00
[2025-12-27T14:17:53.041+0000] {processor.py:183} INFO - Processing /home/airflow/.local/lib/python3.12/site-packages/airflow/example_dags/example_latest_only_with_trigger.py took 0.705 seconds
[2025-12-27T14:18:35.254+0000] {processor.py:161} INFO - Started process (PID=448) to work on /home/airflow/.local/lib/python3.12/site-packages/airflow/example_dags/example_latest_only_with_trigger.py
[2025-12-27T14:18:35.257+0000] {processor.py:830} INFO - Processing file /home/airflow/.local/lib/python3.12/site-packages/airflow/example_dags/example_latest_only_with_trigger.py for tasks to queue
[2025-12-27T14:18:35.263+0000] {logging_mixin.py:188} INFO - [2025-12-27T14:18:35.262+0000] {dagbag.py:540} INFO - Filling up the DagBag from /home/airflow/.local/lib/python3.12/site-packages/airflow/example_dags/example_latest_only_with_trigger.py
[2025-12-27T14:18:35.287+0000] {processor.py:840} INFO - DAG(s) 'latest_only_with_trigger' retrieved from /home/airflow/.local/lib/python3.12/site-packages/airflow/example_dags/example_latest_only_with_trigger.py
[2025-12-27T14:18:35.377+0000] {logging_mixin.py:188} INFO - [2025-12-27T14:18:35.376+0000] {dag.py:3096} INFO - Sync 1 DAGs
[2025-12-27T14:18:35.502+0000] {logging_mixin.py:188} INFO - [2025-12-27T14:18:35.502+0000] {dag.py:3954} INFO - Setting next_dagrun for latest_only_with_trigger to 2025-12-27 08:00:00+00:00, run_after=2025-12-27 12:00:00+00:00
[2025-12-27T14:18:35.621+0000] {processor.py:183} INFO - Processing /home/airflow/.local/lib/python3.12/site-packages/airflow/example_dags/example_latest_only_with_trigger.py took 0.387 seconds
[2025-12-27T14:19:05.778+0000] {processor.py:161} INFO - Started process (PID=506) to work on /home/airflow/.local/lib/python3.12/site-packages/airflow/example_dags/example_latest_only_with_trigger.py
[2025-12-27T14:19:05.781+0000] {processor.py:830} INFO - Processing file /home/airflow/.local/lib/python3.12/site-packages/airflow/example_dags/example_latest_only_with_trigger.py for tasks to queue
[2025-12-27T14:19:05.786+0000] {logging_mixin.py:188} INFO - [2025-12-27T14:19:05.786+0000] {dagbag.py:540} INFO - Filling up the DagBag from /home/airflow/.local/lib/python3.12/site-packages/airflow/example_dags/example_latest_only_with_trigger.py
[2025-12-27T14:19:05.804+0000] {processor.py:840} INFO - DAG(s) 'latest_only_with_trigger' retrieved from /home/airflow/.local/lib/python3.12/site-packages/airflow/example_dags/example_latest_only_with_trigger.py
[2025-12-27T14:19:05.877+0000] {logging_mixin.py:188} INFO - [2025-12-27T14:19:05.876+0000] {dag.py:3096} INFO - Sync 1 DAGs
[2025-12-27T14:19:05.952+0000] {logging_mixin.py:188} INFO - [2025-12-27T14:19:05.951+0000] {dag.py:3954} INFO - Setting next_dagrun for latest_only_with_trigger to 2025-12-27 08:00:00+00:00, run_after=2025-12-27 12:00:00+00:00
[2025-12-27T14:19:06.002+0000] {processor.py:183} INFO - Processing /home/airflow/.local/lib/python3.12/site-packages/airflow/example_dags/example_latest_only_with_trigger.py took 0.240 seconds
[2025-12-27T14:19:39.045+0000] {processor.py:161} INFO - Started process (PID=564) to work on /home/airflow/.local/lib/python3.12/site-packages/airflow/example_dags/example_latest_only_with_trigger.py
[2025-12-27T14:19:39.049+0000] {processor.py:830} INFO - Processing file /home/airflow/.local/lib/python3.12/site-packages/airflow/example_dags/example_latest_only_with_trigger.py for tasks to queue
[2025-12-27T14:19:39.053+0000] {logging_mixin.py:188} INFO - [2025-12-27T14:19:39.053+0000] {dagbag.py:540} INFO - Filling up the DagBag from /home/airflow/.local/lib/python3.12/site-packages/airflow/example_dags/example_latest_only_with_trigger.py
[2025-12-27T14:19:39.070+0000] {processor.py:840} INFO - DAG(s) 'latest_only_with_trigger' retrieved from /home/airflow/.local/lib/python3.12/site-packages/airflow/example_dags/example_latest_only_with_trigger.py
[2025-12-27T14:19:39.150+0000] {logging_mixin.py:188} INFO - [2025-12-27T14:19:39.150+0000] {dag.py:3096} INFO - Sync 1 DAGs
[2025-12-27T14:19:39.223+0000] {logging_mixin.py:188} INFO - [2025-12-27T14:19:39.223+0000] {dag.py:3954} INFO - Setting next_dagrun for latest_only_with_trigger to 2025-12-27 08:00:00+00:00, run_after=2025-12-27 12:00:00+00:00
[2025-12-27T14:19:39.283+0000] {processor.py:183} INFO - Processing /home/airflow/.local/lib/python3.12/site-packages/airflow/example_dags/example_latest_only_with_trigger.py took 0.254 seconds
[2025-12-27T14:20:16.100+0000] {processor.py:161} INFO - Started process (PID=635) to work on /home/airflow/.local/lib/python3.12/site-packages/airflow/example_dags/example_latest_only_with_trigger.py
[2025-12-27T14:20:16.104+0000] {processor.py:830} INFO - Processing file /home/airflow/.local/lib/python3.12/site-packages/airflow/example_dags/example_latest_only_with_trigger.py for tasks to queue
[2025-12-27T14:20:16.112+0000] {logging_mixin.py:188} INFO - [2025-12-27T14:20:16.111+0000] {dagbag.py:540} INFO - Filling up the DagBag from /home/airflow/.local/lib/python3.12/site-packages/airflow/example_dags/example_latest_only_with_trigger.py
[2025-12-27T14:20:16.129+0000] {processor.py:840} INFO - DAG(s) 'latest_only_with_trigger' retrieved from /home/airflow/.local/lib/python3.12/site-packages/airflow/example_dags/example_latest_only_with_trigger.py
[2025-12-27T14:20:16.191+0000] {logging_mixin.py:188} INFO - [2025-12-27T14:20:16.190+0000] {dag.py:3096} INFO - Sync 1 DAGs
[2025-12-27T14:20:16.253+0000] {logging_mixin.py:188} INFO - [2025-12-27T14:20:16.253+0000] {dag.py:3954} INFO - Setting next_dagrun for latest_only_with_trigger to 2025-12-27 08:00:00+00:00, run_after=2025-12-27 12:00:00+00:00
[2025-12-27T14:20:16.314+0000] {processor.py:183} INFO - Processing /home/airflow/.local/lib/python3.12/site-packages/airflow/example_dags/example_latest_only_with_trigger.py took 0.235 seconds
[2025-12-27T14:20:46.885+0000] {processor.py:161} INFO - Started process (PID=693) to work on /home/airflow/.local/lib/python3.12/site-packages/airflow/example_dags/example_latest_only_with_trigger.py
[2025-12-27T14:20:46.888+0000] {processor.py:830} INFO - Processing file /home/airflow/.local/lib/python3.12/site-packages/airflow/example_dags/example_latest_only_with_trigger.py for tasks to queue
[2025-12-27T14:20:46.894+0000] {logging_mixin.py:188} INFO - [2025-12-27T14:20:46.892+0000] {dagbag.py:540} INFO - Filling up the DagBag from /home/airflow/.local/lib/python3.12/site-packages/airflow/example_dags/example_latest_only_with_trigger.py
[2025-12-27T14:20:46.912+0000] {processor.py:840} INFO - DAG(s) 'latest_only_with_trigger' retrieved from /home/airflow/.local/lib/python3.12/site-packages/airflow/example_dags/example_latest_only_with_trigger.py
[2025-12-27T14:20:46.967+0000] {logging_mixin.py:188} INFO - [2025-12-27T14:20:46.966+0000] {dag.py:3096} INFO - Sync 1 DAGs
[2025-12-27T14:20:47.028+0000] {logging_mixin.py:188} INFO - [2025-12-27T14:20:47.027+0000] {dag.py:3954} INFO - Setting next_dagrun for latest_only_with_trigger to 2025-12-27 08:00:00+00:00, run_after=2025-12-27 12:00:00+00:00
[2025-12-27T14:20:47.088+0000] {processor.py:183} INFO - Processing /home/airflow/.local/lib/python3.12/site-packages/airflow/example_dags/example_latest_only_with_trigger.py took 0.219 seconds
[2025-12-27T14:21:37.229+0000] {processor.py:161} INFO - Started process (PID=759) to work on /home/airflow/.local/lib/python3.12/site-packages/airflow/example_dags/example_latest_only_with_trigger.py
[2025-12-27T14:21:37.234+0000] {processor.py:830} INFO - Processing file /home/airflow/.local/lib/python3.12/site-packages/airflow/example_dags/example_latest_only_with_trigger.py for tasks to queue
[2025-12-27T14:21:37.243+0000] {logging_mixin.py:188} INFO - [2025-12-27T14:21:37.241+0000] {dagbag.py:540} INFO - Filling up the DagBag from /home/airflow/.local/lib/python3.12/site-packages/airflow/example_dags/example_latest_only_with_trigger.py
[2025-12-27T14:21:37.268+0000] {processor.py:840} INFO - DAG(s) 'latest_only_with_trigger' retrieved from /home/airflow/.local/lib/python3.12/site-packages/airflow/example_dags/example_latest_only_with_trigger.py
[2025-12-27T14:21:37.360+0000] {logging_mixin.py:188} INFO - [2025-12-27T14:21:37.359+0000] {dag.py:3096} INFO - Sync 1 DAGs
[2025-12-27T14:21:37.451+0000] {logging_mixin.py:188} INFO - [2025-12-27T14:21:37.450+0000] {dag.py:3954} INFO - Setting next_dagrun for latest_only_with_trigger to 2025-12-27 08:00:00+00:00, run_after=2025-12-27 12:00:00+00:00
[2025-12-27T14:21:37.531+0000] {processor.py:183} INFO - Processing /home/airflow/.local/lib/python3.12/site-packages/airflow/example_dags/example_latest_only_with_trigger.py took 0.331 seconds
[2025-12-27T14:22:33.274+0000] {processor.py:161} INFO - Started process (PID=826) to work on /home/airflow/.local/lib/python3.12/site-packages/airflow/example_dags/example_latest_only_with_trigger.py
[2025-12-27T14:22:33.286+0000] {processor.py:830} INFO - Processing file /home/airflow/.local/lib/python3.12/site-packages/airflow/example_dags/example_latest_only_with_trigger.py for tasks to queue
[2025-12-27T14:22:33.301+0000] {logging_mixin.py:188} INFO - [2025-12-27T14:22:33.298+0000] {dagbag.py:540} INFO - Filling up the DagBag from /home/airflow/.local/lib/python3.12/site-packages/airflow/example_dags/example_latest_only_with_trigger.py
[2025-12-27T14:22:33.354+0000] {processor.py:840} INFO - DAG(s) 'latest_only_with_trigger' retrieved from /home/airflow/.local/lib/python3.12/site-packages/airflow/example_dags/example_latest_only_with_trigger.py
[2025-12-27T14:22:33.562+0000] {logging_mixin.py:188} INFO - [2025-12-27T14:22:33.555+0000] {dag.py:3096} INFO - Sync 1 DAGs
[2025-12-27T14:22:33.910+0000] {logging_mixin.py:188} INFO - [2025-12-27T14:22:33.909+0000] {dag.py:3954} INFO - Setting next_dagrun for latest_only_with_trigger to 2025-12-27 08:00:00+00:00, run_after=2025-12-27 12:00:00+00:00
[2025-12-27T14:22:34.272+0000] {processor.py:183} INFO - Processing /home/airflow/.local/lib/python3.12/site-packages/airflow/example_dags/example_latest_only_with_trigger.py took 1.067 seconds
[2025-12-27T14:24:05.852+0000] {processor.py:161} INFO - Started process (PID=902) to work on /home/airflow/.local/lib/python3.12/site-packages/airflow/example_dags/example_latest_only_with_trigger.py
[2025-12-27T14:24:05.869+0000] {processor.py:830} INFO - Processing file /home/airflow/.local/lib/python3.12/site-packages/airflow/example_dags/example_latest_only_with_trigger.py for tasks to queue
[2025-12-27T14:24:05.888+0000] {logging_mixin.py:188} INFO - [2025-12-27T14:24:05.877+0000] {dagbag.py:540} INFO - Filling up the DagBag from /home/airflow/.local/lib/python3.12/site-packages/airflow/example_dags/example_latest_only_with_trigger.py
[2025-12-27T14:24:05.933+0000] {processor.py:840} INFO - DAG(s) 'latest_only_with_trigger' retrieved from /home/airflow/.local/lib/python3.12/site-packages/airflow/example_dags/example_latest_only_with_trigger.py
[2025-12-27T14:24:06.079+0000] {logging_mixin.py:188} INFO - [2025-12-27T14:24:06.078+0000] {dag.py:3096} INFO - Sync 1 DAGs
[2025-12-27T14:24:06.195+0000] {logging_mixin.py:188} INFO - [2025-12-27T14:24:06.194+0000] {dag.py:3954} INFO - Setting next_dagrun for latest_only_with_trigger to 2025-12-27 08:00:00+00:00, run_after=2025-12-27 12:00:00+00:00
[2025-12-27T14:24:06.299+0000] {processor.py:183} INFO - Processing /home/airflow/.local/lib/python3.12/site-packages/airflow/example_dags/example_latest_only_with_trigger.py took 0.482 seconds
[2025-12-27T14:24:37.321+0000] {processor.py:161} INFO - Started process (PID=960) to work on /home/airflow/.local/lib/python3.12/site-packages/airflow/example_dags/example_latest_only_with_trigger.py
[2025-12-27T14:24:37.326+0000] {processor.py:830} INFO - Processing file /home/airflow/.local/lib/python3.12/site-packages/airflow/example_dags/example_latest_only_with_trigger.py for tasks to queue
[2025-12-27T14:24:37.329+0000] {logging_mixin.py:188} INFO - [2025-12-27T14:24:37.327+0000] {dagbag.py:540} INFO - Filling up the DagBag from /home/airflow/.local/lib/python3.12/site-packages/airflow/example_dags/example_latest_only_with_trigger.py
[2025-12-27T14:24:37.355+0000] {processor.py:840} INFO - DAG(s) 'latest_only_with_trigger' retrieved from /home/airflow/.local/lib/python3.12/site-packages/airflow/example_dags/example_latest_only_with_trigger.py
[2025-12-27T14:24:37.481+0000] {logging_mixin.py:188} INFO - [2025-12-27T14:24:37.480+0000] {dag.py:3096} INFO - Sync 1 DAGs
[2025-12-27T14:24:37.583+0000] {logging_mixin.py:188} INFO - [2025-12-27T14:24:37.582+0000] {dag.py:3954} INFO - Setting next_dagrun for latest_only_with_trigger to 2025-12-27 08:00:00+00:00, run_after=2025-12-27 12:00:00+00:00
[2025-12-27T14:24:37.672+0000] {processor.py:183} INFO - Processing /home/airflow/.local/lib/python3.12/site-packages/airflow/example_dags/example_latest_only_with_trigger.py took 0.381 seconds
[2025-12-27T14:25:19.221+0000] {processor.py:161} INFO - Started process (PID=1018) to work on /home/airflow/.local/lib/python3.12/site-packages/airflow/example_dags/example_latest_only_with_trigger.py
[2025-12-27T14:25:19.229+0000] {processor.py:830} INFO - Processing file /home/airflow/.local/lib/python3.12/site-packages/airflow/example_dags/example_latest_only_with_trigger.py for tasks to queue
[2025-12-27T14:25:19.235+0000] {logging_mixin.py:188} INFO - [2025-12-27T14:25:19.234+0000] {dagbag.py:540} INFO - Filling up the DagBag from /home/airflow/.local/lib/python3.12/site-packages/airflow/example_dags/example_latest_only_with_trigger.py
[2025-12-27T14:25:19.336+0000] {processor.py:840} INFO - DAG(s) 'latest_only_with_trigger' retrieved from /home/airflow/.local/lib/python3.12/site-packages/airflow/example_dags/example_latest_only_with_trigger.py
[2025-12-27T14:25:19.497+0000] {logging_mixin.py:188} INFO - [2025-12-27T14:25:19.496+0000] {dag.py:3096} INFO - Sync 1 DAGs
[2025-12-27T14:25:19.617+0000] {logging_mixin.py:188} INFO - [2025-12-27T14:25:19.617+0000] {dag.py:3954} INFO - Setting next_dagrun for latest_only_with_trigger to 2025-12-27 08:00:00+00:00, run_after=2025-12-27 12:00:00+00:00
[2025-12-27T14:25:19.732+0000] {processor.py:183} INFO - Processing /home/airflow/.local/lib/python3.12/site-packages/airflow/example_dags/example_latest_only_with_trigger.py took 0.563 seconds
[2025-12-27T14:26:30.754+0000] {processor.py:161} INFO - Started process (PID=1089) to work on /home/airflow/.local/lib/python3.12/site-packages/airflow/example_dags/example_latest_only_with_trigger.py
[2025-12-27T14:26:30.758+0000] {processor.py:830} INFO - Processing file /home/airflow/.local/lib/python3.12/site-packages/airflow/example_dags/example_latest_only_with_trigger.py for tasks to queue
[2025-12-27T14:26:30.761+0000] {logging_mixin.py:188} INFO - [2025-12-27T14:26:30.760+0000] {dagbag.py:540} INFO - Filling up the DagBag from /home/airflow/.local/lib/python3.12/site-packages/airflow/example_dags/example_latest_only_with_trigger.py
[2025-12-27T14:26:30.782+0000] {processor.py:840} INFO - DAG(s) 'latest_only_with_trigger' retrieved from /home/airflow/.local/lib/python3.12/site-packages/airflow/example_dags/example_latest_only_with_trigger.py
[2025-12-27T14:26:30.855+0000] {logging_mixin.py:188} INFO - [2025-12-27T14:26:30.854+0000] {dag.py:3096} INFO - Sync 1 DAGs
[2025-12-27T14:26:30.936+0000] {logging_mixin.py:188} INFO - [2025-12-27T14:26:30.935+0000] {dag.py:3954} INFO - Setting next_dagrun for latest_only_with_trigger to 2025-12-27 08:00:00+00:00, run_after=2025-12-27 12:00:00+00:00
[2025-12-27T14:26:31.012+0000] {processor.py:183} INFO - Processing /home/airflow/.local/lib/python3.12/site-packages/airflow/example_dags/example_latest_only_with_trigger.py took 0.281 seconds
[2025-12-27T14:27:47.987+0000] {processor.py:161} INFO - Started process (PID=1170) to work on /home/airflow/.local/lib/python3.12/site-packages/airflow/example_dags/example_latest_only_with_trigger.py
[2025-12-27T14:27:47.992+0000] {processor.py:830} INFO - Processing file /home/airflow/.local/lib/python3.12/site-packages/airflow/example_dags/example_latest_only_with_trigger.py for tasks to queue
[2025-12-27T14:27:47.996+0000] {logging_mixin.py:188} INFO - [2025-12-27T14:27:47.994+0000] {dagbag.py:540} INFO - Filling up the DagBag from /home/airflow/.local/lib/python3.12/site-packages/airflow/example_dags/example_latest_only_with_trigger.py
[2025-12-27T14:27:48.023+0000] {processor.py:840} INFO - DAG(s) 'latest_only_with_trigger' retrieved from /home/airflow/.local/lib/python3.12/site-packages/airflow/example_dags/example_latest_only_with_trigger.py
[2025-12-27T14:27:48.093+0000] {logging_mixin.py:188} INFO - [2025-12-27T14:27:48.093+0000] {dag.py:3096} INFO - Sync 1 DAGs
[2025-12-27T14:27:48.197+0000] {logging_mixin.py:188} INFO - [2025-12-27T14:27:48.195+0000] {dag.py:3954} INFO - Setting next_dagrun for latest_only_with_trigger to 2025-12-27 08:00:00+00:00, run_after=2025-12-27 12:00:00+00:00
[2025-12-27T14:27:48.289+0000] {processor.py:183} INFO - Processing /home/airflow/.local/lib/python3.12/site-packages/airflow/example_dags/example_latest_only_with_trigger.py took 0.329 seconds
[2025-12-27T14:28:18.571+0000] {processor.py:161} INFO - Started process (PID=1228) to work on /home/airflow/.local/lib/python3.12/site-packages/airflow/example_dags/example_latest_only_with_trigger.py
[2025-12-27T14:28:18.575+0000] {processor.py:830} INFO - Processing file /home/airflow/.local/lib/python3.12/site-packages/airflow/example_dags/example_latest_only_with_trigger.py for tasks to queue
[2025-12-27T14:28:18.578+0000] {logging_mixin.py:188} INFO - [2025-12-27T14:28:18.577+0000] {dagbag.py:540} INFO - Filling up the DagBag from /home/airflow/.local/lib/python3.12/site-packages/airflow/example_dags/example_latest_only_with_trigger.py
[2025-12-27T14:28:18.595+0000] {processor.py:840} INFO - DAG(s) 'latest_only_with_trigger' retrieved from /home/airflow/.local/lib/python3.12/site-packages/airflow/example_dags/example_latest_only_with_trigger.py
[2025-12-27T14:28:18.657+0000] {logging_mixin.py:188} INFO - [2025-12-27T14:28:18.656+0000] {dag.py:3096} INFO - Sync 1 DAGs
[2025-12-27T14:28:18.716+0000] {logging_mixin.py:188} INFO - [2025-12-27T14:28:18.716+0000] {dag.py:3954} INFO - Setting next_dagrun for latest_only_with_trigger to 2025-12-27 08:00:00+00:00, run_after=2025-12-27 12:00:00+00:00
[2025-12-27T14:28:18.769+0000] {processor.py:183} INFO - Processing /home/airflow/.local/lib/python3.12/site-packages/airflow/example_dags/example_latest_only_with_trigger.py took 0.216 seconds
[2025-12-27T14:28:50.496+0000] {processor.py:161} INFO - Started process (PID=1286) to work on /home/airflow/.local/lib/python3.12/site-packages/airflow/example_dags/example_latest_only_with_trigger.py
[2025-12-27T14:28:50.500+0000] {processor.py:830} INFO - Processing file /home/airflow/.local/lib/python3.12/site-packages/airflow/example_dags/example_latest_only_with_trigger.py for tasks to queue
[2025-12-27T14:28:50.504+0000] {logging_mixin.py:188} INFO - [2025-12-27T14:28:50.503+0000] {dagbag.py:540} INFO - Filling up the DagBag from /home/airflow/.local/lib/python3.12/site-packages/airflow/example_dags/example_latest_only_with_trigger.py
[2025-12-27T14:28:50.531+0000] {processor.py:840} INFO - DAG(s) 'latest_only_with_trigger' retrieved from /home/airflow/.local/lib/python3.12/site-packages/airflow/example_dags/example_latest_only_with_trigger.py
[2025-12-27T14:28:50.615+0000] {logging_mixin.py:188} INFO - [2025-12-27T14:28:50.614+0000] {dag.py:3096} INFO - Sync 1 DAGs
[2025-12-27T14:28:50.709+0000] {logging_mixin.py:188} INFO - [2025-12-27T14:28:50.708+0000] {dag.py:3954} INFO - Setting next_dagrun for latest_only_with_trigger to 2025-12-27 08:00:00+00:00, run_after=2025-12-27 12:00:00+00:00
[2025-12-27T14:28:50.775+0000] {processor.py:183} INFO - Processing /home/airflow/.local/lib/python3.12/site-packages/airflow/example_dags/example_latest_only_with_trigger.py took 0.304 seconds
[2025-12-27T14:29:24.320+0000] {processor.py:161} INFO - Started process (PID=1346) to work on /home/airflow/.local/lib/python3.12/site-packages/airflow/example_dags/example_latest_only_with_trigger.py
[2025-12-27T14:29:24.324+0000] {processor.py:830} INFO - Processing file /home/airflow/.local/lib/python3.12/site-packages/airflow/example_dags/example_latest_only_with_trigger.py for tasks to queue
[2025-12-27T14:29:24.330+0000] {logging_mixin.py:188} INFO - [2025-12-27T14:29:24.329+0000] {dagbag.py:540} INFO - Filling up the DagBag from /home/airflow/.local/lib/python3.12/site-packages/airflow/example_dags/example_latest_only_with_trigger.py
[2025-12-27T14:29:24.362+0000] {processor.py:840} INFO - DAG(s) 'latest_only_with_trigger' retrieved from /home/airflow/.local/lib/python3.12/site-packages/airflow/example_dags/example_latest_only_with_trigger.py
[2025-12-27T14:29:24.458+0000] {logging_mixin.py:188} INFO - [2025-12-27T14:29:24.457+0000] {dag.py:3096} INFO - Sync 1 DAGs
[2025-12-27T14:29:24.676+0000] {logging_mixin.py:188} INFO - [2025-12-27T14:29:24.676+0000] {dag.py:3954} INFO - Setting next_dagrun for latest_only_with_trigger to 2025-12-27 08:00:00+00:00, run_after=2025-12-27 12:00:00+00:00
[2025-12-27T14:29:24.742+0000] {processor.py:183} INFO - Processing /home/airflow/.local/lib/python3.12/site-packages/airflow/example_dags/example_latest_only_with_trigger.py took 0.458 seconds
[2025-12-27T14:30:04.883+0000] {processor.py:161} INFO - Started process (PID=1412) to work on /home/airflow/.local/lib/python3.12/site-packages/airflow/example_dags/example_latest_only_with_trigger.py
[2025-12-27T14:30:04.937+0000] {processor.py:830} INFO - Processing file /home/airflow/.local/lib/python3.12/site-packages/airflow/example_dags/example_latest_only_with_trigger.py for tasks to queue
[2025-12-27T14:30:04.942+0000] {logging_mixin.py:188} INFO - [2025-12-27T14:30:04.941+0000] {dagbag.py:540} INFO - Filling up the DagBag from /home/airflow/.local/lib/python3.12/site-packages/airflow/example_dags/example_latest_only_with_trigger.py
[2025-12-27T14:30:04.998+0000] {processor.py:840} INFO - DAG(s) 'latest_only_with_trigger' retrieved from /home/airflow/.local/lib/python3.12/site-packages/airflow/example_dags/example_latest_only_with_trigger.py
[2025-12-27T14:30:05.275+0000] {logging_mixin.py:188} INFO - [2025-12-27T14:30:05.274+0000] {dag.py:3096} INFO - Sync 1 DAGs
[2025-12-27T14:30:05.602+0000] {logging_mixin.py:188} INFO - [2025-12-27T14:30:05.602+0000] {dag.py:3954} INFO - Setting next_dagrun for latest_only_with_trigger to 2025-12-27 08:00:00+00:00, run_after=2025-12-27 12:00:00+00:00
[2025-12-27T14:30:05.875+0000] {processor.py:183} INFO - Processing /home/airflow/.local/lib/python3.12/site-packages/airflow/example_dags/example_latest_only_with_trigger.py took 1.021 seconds
[2025-12-27T14:30:36.190+0000] {processor.py:161} INFO - Started process (PID=1469) to work on /home/airflow/.local/lib/python3.12/site-packages/airflow/example_dags/example_latest_only_with_trigger.py
[2025-12-27T14:30:36.193+0000] {processor.py:830} INFO - Processing file /home/airflow/.local/lib/python3.12/site-packages/airflow/example_dags/example_latest_only_with_trigger.py for tasks to queue
[2025-12-27T14:30:36.195+0000] {logging_mixin.py:188} INFO - [2025-12-27T14:30:36.194+0000] {dagbag.py:540} INFO - Filling up the DagBag from /home/airflow/.local/lib/python3.12/site-packages/airflow/example_dags/example_latest_only_with_trigger.py
[2025-12-27T14:30:36.217+0000] {processor.py:840} INFO - DAG(s) 'latest_only_with_trigger' retrieved from /home/airflow/.local/lib/python3.12/site-packages/airflow/example_dags/example_latest_only_with_trigger.py
[2025-12-27T14:30:36.291+0000] {logging_mixin.py:188} INFO - [2025-12-27T14:30:36.290+0000] {dag.py:3096} INFO - Sync 1 DAGs
[2025-12-27T14:30:36.364+0000] {logging_mixin.py:188} INFO - [2025-12-27T14:30:36.363+0000] {dag.py:3954} INFO - Setting next_dagrun for latest_only_with_trigger to 2025-12-27 08:00:00+00:00, run_after=2025-12-27 12:00:00+00:00
[2025-12-27T14:30:36.437+0000] {processor.py:183} INFO - Processing /home/airflow/.local/lib/python3.12/site-packages/airflow/example_dags/example_latest_only_with_trigger.py took 0.268 seconds
[2025-12-27T14:31:06.735+0000] {processor.py:161} INFO - Started process (PID=1527) to work on /home/airflow/.local/lib/python3.12/site-packages/airflow/example_dags/example_latest_only_with_trigger.py
[2025-12-27T14:31:06.737+0000] {processor.py:830} INFO - Processing file /home/airflow/.local/lib/python3.12/site-packages/airflow/example_dags/example_latest_only_with_trigger.py for tasks to queue
[2025-12-27T14:31:06.740+0000] {logging_mixin.py:188} INFO - [2025-12-27T14:31:06.739+0000] {dagbag.py:540} INFO - Filling up the DagBag from /home/airflow/.local/lib/python3.12/site-packages/airflow/example_dags/example_latest_only_with_trigger.py
[2025-12-27T14:31:06.756+0000] {processor.py:840} INFO - DAG(s) 'latest_only_with_trigger' retrieved from /home/airflow/.local/lib/python3.12/site-packages/airflow/example_dags/example_latest_only_with_trigger.py
[2025-12-27T14:31:06.813+0000] {logging_mixin.py:188} INFO - [2025-12-27T14:31:06.813+0000] {dag.py:3096} INFO - Sync 1 DAGs
[2025-12-27T14:31:06.868+0000] {logging_mixin.py:188} INFO - [2025-12-27T14:31:06.868+0000] {dag.py:3954} INFO - Setting next_dagrun for latest_only_with_trigger to 2025-12-27 08:00:00+00:00, run_after=2025-12-27 12:00:00+00:00
[2025-12-27T14:31:06.918+0000] {processor.py:183} INFO - Processing /home/airflow/.local/lib/python3.12/site-packages/airflow/example_dags/example_latest_only_with_trigger.py took 0.200 seconds
[2025-12-27T14:31:37.586+0000] {processor.py:161} INFO - Started process (PID=1585) to work on /home/airflow/.local/lib/python3.12/site-packages/airflow/example_dags/example_latest_only_with_trigger.py
[2025-12-27T14:31:37.592+0000] {processor.py:830} INFO - Processing file /home/airflow/.local/lib/python3.12/site-packages/airflow/example_dags/example_latest_only_with_trigger.py for tasks to queue
[2025-12-27T14:31:37.598+0000] {logging_mixin.py:188} INFO - [2025-12-27T14:31:37.596+0000] {dagbag.py:540} INFO - Filling up the DagBag from /home/airflow/.local/lib/python3.12/site-packages/airflow/example_dags/example_latest_only_with_trigger.py
[2025-12-27T14:31:37.633+0000] {processor.py:840} INFO - DAG(s) 'latest_only_with_trigger' retrieved from /home/airflow/.local/lib/python3.12/site-packages/airflow/example_dags/example_latest_only_with_trigger.py
[2025-12-27T14:31:37.722+0000] {logging_mixin.py:188} INFO - [2025-12-27T14:31:37.721+0000] {dag.py:3096} INFO - Sync 1 DAGs
[2025-12-27T14:31:37.817+0000] {logging_mixin.py:188} INFO - [2025-12-27T14:31:37.816+0000] {dag.py:3954} INFO - Setting next_dagrun for latest_only_with_trigger to 2025-12-27 08:00:00+00:00, run_after=2025-12-27 12:00:00+00:00
[2025-12-27T14:31:37.888+0000] {processor.py:183} INFO - Processing /home/airflow/.local/lib/python3.12/site-packages/airflow/example_dags/example_latest_only_with_trigger.py took 0.338 seconds
[2025-12-27T14:32:08.378+0000] {processor.py:161} INFO - Started process (PID=1643) to work on /home/airflow/.local/lib/python3.12/site-packages/airflow/example_dags/example_latest_only_with_trigger.py
[2025-12-27T14:32:08.381+0000] {processor.py:830} INFO - Processing file /home/airflow/.local/lib/python3.12/site-packages/airflow/example_dags/example_latest_only_with_trigger.py for tasks to queue
[2025-12-27T14:32:08.384+0000] {logging_mixin.py:188} INFO - [2025-12-27T14:32:08.383+0000] {dagbag.py:540} INFO - Filling up the DagBag from /home/airflow/.local/lib/python3.12/site-packages/airflow/example_dags/example_latest_only_with_trigger.py
[2025-12-27T14:32:08.401+0000] {processor.py:840} INFO - DAG(s) 'latest_only_with_trigger' retrieved from /home/airflow/.local/lib/python3.12/site-packages/airflow/example_dags/example_latest_only_with_trigger.py
[2025-12-27T14:32:08.464+0000] {logging_mixin.py:188} INFO - [2025-12-27T14:32:08.463+0000] {dag.py:3096} INFO - Sync 1 DAGs
[2025-12-27T14:32:08.531+0000] {logging_mixin.py:188} INFO - [2025-12-27T14:32:08.531+0000] {dag.py:3954} INFO - Setting next_dagrun for latest_only_with_trigger to 2025-12-27 08:00:00+00:00, run_after=2025-12-27 12:00:00+00:00
[2025-12-27T14:32:08.586+0000] {processor.py:183} INFO - Processing /home/airflow/.local/lib/python3.12/site-packages/airflow/example_dags/example_latest_only_with_trigger.py took 0.233 seconds
[2025-12-27T14:32:39.176+0000] {processor.py:161} INFO - Started process (PID=1701) to work on /home/airflow/.local/lib/python3.12/site-packages/airflow/example_dags/example_latest_only_with_trigger.py
[2025-12-27T14:32:39.179+0000] {processor.py:830} INFO - Processing file /home/airflow/.local/lib/python3.12/site-packages/airflow/example_dags/example_latest_only_with_trigger.py for tasks to queue
[2025-12-27T14:32:39.183+0000] {logging_mixin.py:188} INFO - [2025-12-27T14:32:39.182+0000] {dagbag.py:540} INFO - Filling up the DagBag from /home/airflow/.local/lib/python3.12/site-packages/airflow/example_dags/example_latest_only_with_trigger.py
[2025-12-27T14:32:39.201+0000] {processor.py:840} INFO - DAG(s) 'latest_only_with_trigger' retrieved from /home/airflow/.local/lib/python3.12/site-packages/airflow/example_dags/example_latest_only_with_trigger.py
[2025-12-27T14:32:39.331+0000] {logging_mixin.py:188} INFO - [2025-12-27T14:32:39.330+0000] {dag.py:3096} INFO - Sync 1 DAGs
[2025-12-27T14:32:39.644+0000] {logging_mixin.py:188} INFO - [2025-12-27T14:32:39.643+0000] {dag.py:3954} INFO - Setting next_dagrun for latest_only_with_trigger to 2025-12-27 08:00:00+00:00, run_after=2025-12-27 12:00:00+00:00
[2025-12-27T14:32:39.790+0000] {processor.py:183} INFO - Processing /home/airflow/.local/lib/python3.12/site-packages/airflow/example_dags/example_latest_only_with_trigger.py took 0.630 seconds
[2025-12-27T14:33:10.774+0000] {processor.py:161} INFO - Started process (PID=1760) to work on /home/airflow/.local/lib/python3.12/site-packages/airflow/example_dags/example_latest_only_with_trigger.py
[2025-12-27T14:33:10.778+0000] {processor.py:830} INFO - Processing file /home/airflow/.local/lib/python3.12/site-packages/airflow/example_dags/example_latest_only_with_trigger.py for tasks to queue
[2025-12-27T14:33:10.781+0000] {logging_mixin.py:188} INFO - [2025-12-27T14:33:10.780+0000] {dagbag.py:540} INFO - Filling up the DagBag from /home/airflow/.local/lib/python3.12/site-packages/airflow/example_dags/example_latest_only_with_trigger.py
[2025-12-27T14:33:10.798+0000] {processor.py:840} INFO - DAG(s) 'latest_only_with_trigger' retrieved from /home/airflow/.local/lib/python3.12/site-packages/airflow/example_dags/example_latest_only_with_trigger.py
[2025-12-27T14:33:10.853+0000] {logging_mixin.py:188} INFO - [2025-12-27T14:33:10.852+0000] {dag.py:3096} INFO - Sync 1 DAGs
[2025-12-27T14:33:10.915+0000] {logging_mixin.py:188} INFO - [2025-12-27T14:33:10.914+0000] {dag.py:3954} INFO - Setting next_dagrun for latest_only_with_trigger to 2025-12-27 08:00:00+00:00, run_after=2025-12-27 12:00:00+00:00
[2025-12-27T14:33:10.967+0000] {processor.py:183} INFO - Processing /home/airflow/.local/lib/python3.12/site-packages/airflow/example_dags/example_latest_only_with_trigger.py took 0.221 seconds
[2025-12-27T14:33:41.324+0000] {processor.py:161} INFO - Started process (PID=1818) to work on /home/airflow/.local/lib/python3.12/site-packages/airflow/example_dags/example_latest_only_with_trigger.py
[2025-12-27T14:33:41.326+0000] {processor.py:830} INFO - Processing file /home/airflow/.local/lib/python3.12/site-packages/airflow/example_dags/example_latest_only_with_trigger.py for tasks to queue
[2025-12-27T14:33:41.329+0000] {logging_mixin.py:188} INFO - [2025-12-27T14:33:41.328+0000] {dagbag.py:540} INFO - Filling up the DagBag from /home/airflow/.local/lib/python3.12/site-packages/airflow/example_dags/example_latest_only_with_trigger.py
[2025-12-27T14:33:41.345+0000] {processor.py:840} INFO - DAG(s) 'latest_only_with_trigger' retrieved from /home/airflow/.local/lib/python3.12/site-packages/airflow/example_dags/example_latest_only_with_trigger.py
[2025-12-27T14:33:41.399+0000] {logging_mixin.py:188} INFO - [2025-12-27T14:33:41.399+0000] {dag.py:3096} INFO - Sync 1 DAGs
[2025-12-27T14:33:41.453+0000] {logging_mixin.py:188} INFO - [2025-12-27T14:33:41.452+0000] {dag.py:3954} INFO - Setting next_dagrun for latest_only_with_trigger to 2025-12-27 08:00:00+00:00, run_after=2025-12-27 12:00:00+00:00
[2025-12-27T14:33:41.507+0000] {processor.py:183} INFO - Processing /home/airflow/.local/lib/python3.12/site-packages/airflow/example_dags/example_latest_only_with_trigger.py took 0.202 seconds
[2025-12-27T14:34:11.949+0000] {processor.py:161} INFO - Started process (PID=1876) to work on /home/airflow/.local/lib/python3.12/site-packages/airflow/example_dags/example_latest_only_with_trigger.py
[2025-12-27T14:34:11.952+0000] {processor.py:830} INFO - Processing file /home/airflow/.local/lib/python3.12/site-packages/airflow/example_dags/example_latest_only_with_trigger.py for tasks to queue
[2025-12-27T14:34:11.955+0000] {logging_mixin.py:188} INFO - [2025-12-27T14:34:11.954+0000] {dagbag.py:540} INFO - Filling up the DagBag from /home/airflow/.local/lib/python3.12/site-packages/airflow/example_dags/example_latest_only_with_trigger.py
[2025-12-27T14:34:11.972+0000] {processor.py:840} INFO - DAG(s) 'latest_only_with_trigger' retrieved from /home/airflow/.local/lib/python3.12/site-packages/airflow/example_dags/example_latest_only_with_trigger.py
[2025-12-27T14:34:12.137+0000] {logging_mixin.py:188} INFO - [2025-12-27T14:34:12.137+0000] {dag.py:3096} INFO - Sync 1 DAGs
[2025-12-27T14:34:12.241+0000] {logging_mixin.py:188} INFO - [2025-12-27T14:34:12.240+0000] {dag.py:3954} INFO - Setting next_dagrun for latest_only_with_trigger to 2025-12-27 08:00:00+00:00, run_after=2025-12-27 12:00:00+00:00
[2025-12-27T14:34:12.350+0000] {processor.py:183} INFO - Processing /home/airflow/.local/lib/python3.12/site-packages/airflow/example_dags/example_latest_only_with_trigger.py took 0.462 seconds
[2025-12-27T14:34:43.110+0000] {processor.py:161} INFO - Started process (PID=1934) to work on /home/airflow/.local/lib/python3.12/site-packages/airflow/example_dags/example_latest_only_with_trigger.py
[2025-12-27T14:34:43.113+0000] {processor.py:830} INFO - Processing file /home/airflow/.local/lib/python3.12/site-packages/airflow/example_dags/example_latest_only_with_trigger.py for tasks to queue
[2025-12-27T14:34:43.117+0000] {logging_mixin.py:188} INFO - [2025-12-27T14:34:43.116+0000] {dagbag.py:540} INFO - Filling up the DagBag from /home/airflow/.local/lib/python3.12/site-packages/airflow/example_dags/example_latest_only_with_trigger.py
[2025-12-27T14:34:43.142+0000] {processor.py:840} INFO - DAG(s) 'latest_only_with_trigger' retrieved from /home/airflow/.local/lib/python3.12/site-packages/airflow/example_dags/example_latest_only_with_trigger.py
[2025-12-27T14:34:43.201+0000] {logging_mixin.py:188} INFO - [2025-12-27T14:34:43.200+0000] {dag.py:3096} INFO - Sync 1 DAGs
[2025-12-27T14:34:43.273+0000] {logging_mixin.py:188} INFO - [2025-12-27T14:34:43.273+0000] {dag.py:3954} INFO - Setting next_dagrun for latest_only_with_trigger to 2025-12-27 08:00:00+00:00, run_after=2025-12-27 12:00:00+00:00
[2025-12-27T14:34:43.335+0000] {processor.py:183} INFO - Processing /home/airflow/.local/lib/python3.12/site-packages/airflow/example_dags/example_latest_only_with_trigger.py took 0.242 seconds
[2025-12-27T14:35:13.626+0000] {processor.py:161} INFO - Started process (PID=1993) to work on /home/airflow/.local/lib/python3.12/site-packages/airflow/example_dags/example_latest_only_with_trigger.py
[2025-12-27T14:35:13.688+0000] {processor.py:830} INFO - Processing file /home/airflow/.local/lib/python3.12/site-packages/airflow/example_dags/example_latest_only_with_trigger.py for tasks to queue
[2025-12-27T14:35:13.695+0000] {logging_mixin.py:188} INFO - [2025-12-27T14:35:13.692+0000] {dagbag.py:540} INFO - Filling up the DagBag from /home/airflow/.local/lib/python3.12/site-packages/airflow/example_dags/example_latest_only_with_trigger.py
[2025-12-27T14:35:14.289+0000] {processor.py:840} INFO - DAG(s) 'latest_only_with_trigger' retrieved from /home/airflow/.local/lib/python3.12/site-packages/airflow/example_dags/example_latest_only_with_trigger.py
[2025-12-27T14:35:14.526+0000] {logging_mixin.py:188} INFO - [2025-12-27T14:35:14.525+0000] {dag.py:3096} INFO - Sync 1 DAGs
[2025-12-27T14:35:14.933+0000] {logging_mixin.py:188} INFO - [2025-12-27T14:35:14.932+0000] {dag.py:3954} INFO - Setting next_dagrun for latest_only_with_trigger to 2025-12-27 08:00:00+00:00, run_after=2025-12-27 12:00:00+00:00
[2025-12-27T14:35:15.285+0000] {processor.py:183} INFO - Processing /home/airflow/.local/lib/python3.12/site-packages/airflow/example_dags/example_latest_only_with_trigger.py took 1.690 seconds
[2025-12-27T14:35:45.516+0000] {processor.py:161} INFO - Started process (PID=2051) to work on /home/airflow/.local/lib/python3.12/site-packages/airflow/example_dags/example_latest_only_with_trigger.py
[2025-12-27T14:35:45.519+0000] {processor.py:830} INFO - Processing file /home/airflow/.local/lib/python3.12/site-packages/airflow/example_dags/example_latest_only_with_trigger.py for tasks to queue
[2025-12-27T14:35:45.522+0000] {logging_mixin.py:188} INFO - [2025-12-27T14:35:45.521+0000] {dagbag.py:540} INFO - Filling up the DagBag from /home/airflow/.local/lib/python3.12/site-packages/airflow/example_dags/example_latest_only_with_trigger.py
[2025-12-27T14:35:45.541+0000] {processor.py:840} INFO - DAG(s) 'latest_only_with_trigger' retrieved from /home/airflow/.local/lib/python3.12/site-packages/airflow/example_dags/example_latest_only_with_trigger.py
[2025-12-27T14:35:45.601+0000] {logging_mixin.py:188} INFO - [2025-12-27T14:35:45.601+0000] {dag.py:3096} INFO - Sync 1 DAGs
[2025-12-27T14:35:45.664+0000] {logging_mixin.py:188} INFO - [2025-12-27T14:35:45.663+0000] {dag.py:3954} INFO - Setting next_dagrun for latest_only_with_trigger to 2025-12-27 08:00:00+00:00, run_after=2025-12-27 12:00:00+00:00
[2025-12-27T14:35:45.718+0000] {processor.py:183} INFO - Processing /home/airflow/.local/lib/python3.12/site-packages/airflow/example_dags/example_latest_only_with_trigger.py took 0.220 seconds
[2025-12-27T14:36:28.258+0000] {processor.py:161} INFO - Started process (PID=2115) to work on /home/airflow/.local/lib/python3.12/site-packages/airflow/example_dags/example_latest_only_with_trigger.py
[2025-12-27T14:36:28.265+0000] {processor.py:830} INFO - Processing file /home/airflow/.local/lib/python3.12/site-packages/airflow/example_dags/example_latest_only_with_trigger.py for tasks to queue
[2025-12-27T14:36:28.268+0000] {logging_mixin.py:188} INFO - [2025-12-27T14:36:28.267+0000] {dagbag.py:540} INFO - Filling up the DagBag from /home/airflow/.local/lib/python3.12/site-packages/airflow/example_dags/example_latest_only_with_trigger.py
[2025-12-27T14:36:28.375+0000] {processor.py:840} INFO - DAG(s) 'latest_only_with_trigger' retrieved from /home/airflow/.local/lib/python3.12/site-packages/airflow/example_dags/example_latest_only_with_trigger.py
[2025-12-27T14:36:28.484+0000] {logging_mixin.py:188} INFO - [2025-12-27T14:36:28.483+0000] {dag.py:3096} INFO - Sync 1 DAGs
[2025-12-27T14:36:28.598+0000] {logging_mixin.py:188} INFO - [2025-12-27T14:36:28.598+0000] {dag.py:3954} INFO - Setting next_dagrun for latest_only_with_trigger to 2025-12-27 08:00:00+00:00, run_after=2025-12-27 12:00:00+00:00
[2025-12-27T14:36:28.695+0000] {processor.py:183} INFO - Processing /home/airflow/.local/lib/python3.12/site-packages/airflow/example_dags/example_latest_only_with_trigger.py took 0.473 seconds
[2025-12-27T14:36:59.015+0000] {processor.py:161} INFO - Started process (PID=2172) to work on /home/airflow/.local/lib/python3.12/site-packages/airflow/example_dags/example_latest_only_with_trigger.py
[2025-12-27T14:36:59.021+0000] {processor.py:830} INFO - Processing file /home/airflow/.local/lib/python3.12/site-packages/airflow/example_dags/example_latest_only_with_trigger.py for tasks to queue
[2025-12-27T14:36:59.026+0000] {logging_mixin.py:188} INFO - [2025-12-27T14:36:59.024+0000] {dagbag.py:540} INFO - Filling up the DagBag from /home/airflow/.local/lib/python3.12/site-packages/airflow/example_dags/example_latest_only_with_trigger.py
[2025-12-27T14:36:59.054+0000] {processor.py:840} INFO - DAG(s) 'latest_only_with_trigger' retrieved from /home/airflow/.local/lib/python3.12/site-packages/airflow/example_dags/example_latest_only_with_trigger.py
[2025-12-27T14:36:59.126+0000] {logging_mixin.py:188} INFO - [2025-12-27T14:36:59.125+0000] {dag.py:3096} INFO - Sync 1 DAGs
[2025-12-27T14:36:59.202+0000] {logging_mixin.py:188} INFO - [2025-12-27T14:36:59.201+0000] {dag.py:3954} INFO - Setting next_dagrun for latest_only_with_trigger to 2025-12-27 08:00:00+00:00, run_after=2025-12-27 12:00:00+00:00
[2025-12-27T14:36:59.277+0000] {processor.py:183} INFO - Processing /home/airflow/.local/lib/python3.12/site-packages/airflow/example_dags/example_latest_only_with_trigger.py took 0.286 seconds
[2025-12-27T14:37:31.548+0000] {processor.py:161} INFO - Started process (PID=2231) to work on /home/airflow/.local/lib/python3.12/site-packages/airflow/example_dags/example_latest_only_with_trigger.py
[2025-12-27T14:37:31.552+0000] {processor.py:830} INFO - Processing file /home/airflow/.local/lib/python3.12/site-packages/airflow/example_dags/example_latest_only_with_trigger.py for tasks to queue
[2025-12-27T14:37:31.557+0000] {logging_mixin.py:188} INFO - [2025-12-27T14:37:31.556+0000] {dagbag.py:540} INFO - Filling up the DagBag from /home/airflow/.local/lib/python3.12/site-packages/airflow/example_dags/example_latest_only_with_trigger.py
[2025-12-27T14:37:31.589+0000] {processor.py:840} INFO - DAG(s) 'latest_only_with_trigger' retrieved from /home/airflow/.local/lib/python3.12/site-packages/airflow/example_dags/example_latest_only_with_trigger.py
[2025-12-27T14:37:31.694+0000] {logging_mixin.py:188} INFO - [2025-12-27T14:37:31.693+0000] {dag.py:3096} INFO - Sync 1 DAGs
[2025-12-27T14:37:31.786+0000] {logging_mixin.py:188} INFO - [2025-12-27T14:37:31.785+0000] {dag.py:3954} INFO - Setting next_dagrun for latest_only_with_trigger to 2025-12-27 08:00:00+00:00, run_after=2025-12-27 12:00:00+00:00
[2025-12-27T14:37:31.860+0000] {processor.py:183} INFO - Processing /home/airflow/.local/lib/python3.12/site-packages/airflow/example_dags/example_latest_only_with_trigger.py took 0.346 seconds
[2025-12-27T14:38:02.438+0000] {processor.py:161} INFO - Started process (PID=2289) to work on /home/airflow/.local/lib/python3.12/site-packages/airflow/example_dags/example_latest_only_with_trigger.py
[2025-12-27T14:38:02.441+0000] {processor.py:830} INFO - Processing file /home/airflow/.local/lib/python3.12/site-packages/airflow/example_dags/example_latest_only_with_trigger.py for tasks to queue
[2025-12-27T14:38:02.444+0000] {logging_mixin.py:188} INFO - [2025-12-27T14:38:02.443+0000] {dagbag.py:540} INFO - Filling up the DagBag from /home/airflow/.local/lib/python3.12/site-packages/airflow/example_dags/example_latest_only_with_trigger.py
[2025-12-27T14:38:02.463+0000] {processor.py:840} INFO - DAG(s) 'latest_only_with_trigger' retrieved from /home/airflow/.local/lib/python3.12/site-packages/airflow/example_dags/example_latest_only_with_trigger.py
[2025-12-27T14:38:02.527+0000] {logging_mixin.py:188} INFO - [2025-12-27T14:38:02.526+0000] {dag.py:3096} INFO - Sync 1 DAGs
[2025-12-27T14:38:02.585+0000] {logging_mixin.py:188} INFO - [2025-12-27T14:38:02.585+0000] {dag.py:3954} INFO - Setting next_dagrun for latest_only_with_trigger to 2025-12-27 08:00:00+00:00, run_after=2025-12-27 12:00:00+00:00
[2025-12-27T14:38:02.640+0000] {processor.py:183} INFO - Processing /home/airflow/.local/lib/python3.12/site-packages/airflow/example_dags/example_latest_only_with_trigger.py took 0.220 seconds
[2025-12-27T14:38:33.851+0000] {processor.py:161} INFO - Started process (PID=2347) to work on /home/airflow/.local/lib/python3.12/site-packages/airflow/example_dags/example_latest_only_with_trigger.py
[2025-12-27T14:38:33.855+0000] {processor.py:830} INFO - Processing file /home/airflow/.local/lib/python3.12/site-packages/airflow/example_dags/example_latest_only_with_trigger.py for tasks to queue
[2025-12-27T14:38:33.857+0000] {logging_mixin.py:188} INFO - [2025-12-27T14:38:33.857+0000] {dagbag.py:540} INFO - Filling up the DagBag from /home/airflow/.local/lib/python3.12/site-packages/airflow/example_dags/example_latest_only_with_trigger.py
[2025-12-27T14:38:33.880+0000] {processor.py:840} INFO - DAG(s) 'latest_only_with_trigger' retrieved from /home/airflow/.local/lib/python3.12/site-packages/airflow/example_dags/example_latest_only_with_trigger.py
[2025-12-27T14:38:33.955+0000] {logging_mixin.py:188} INFO - [2025-12-27T14:38:33.954+0000] {dag.py:3096} INFO - Sync 1 DAGs
[2025-12-27T14:38:34.051+0000] {logging_mixin.py:188} INFO - [2025-12-27T14:38:34.050+0000] {dag.py:3954} INFO - Setting next_dagrun for latest_only_with_trigger to 2025-12-27 08:00:00+00:00, run_after=2025-12-27 12:00:00+00:00
[2025-12-27T14:38:34.138+0000] {processor.py:183} INFO - Processing /home/airflow/.local/lib/python3.12/site-packages/airflow/example_dags/example_latest_only_with_trigger.py took 0.311 seconds
[2025-12-27T14:39:04.528+0000] {processor.py:161} INFO - Started process (PID=2404) to work on /home/airflow/.local/lib/python3.12/site-packages/airflow/example_dags/example_latest_only_with_trigger.py
[2025-12-27T14:39:04.530+0000] {processor.py:830} INFO - Processing file /home/airflow/.local/lib/python3.12/site-packages/airflow/example_dags/example_latest_only_with_trigger.py for tasks to queue
[2025-12-27T14:39:04.533+0000] {logging_mixin.py:188} INFO - [2025-12-27T14:39:04.532+0000] {dagbag.py:540} INFO - Filling up the DagBag from /home/airflow/.local/lib/python3.12/site-packages/airflow/example_dags/example_latest_only_with_trigger.py
[2025-12-27T14:39:04.549+0000] {processor.py:840} INFO - DAG(s) 'latest_only_with_trigger' retrieved from /home/airflow/.local/lib/python3.12/site-packages/airflow/example_dags/example_latest_only_with_trigger.py
[2025-12-27T14:39:04.617+0000] {logging_mixin.py:188} INFO - [2025-12-27T14:39:04.616+0000] {dag.py:3096} INFO - Sync 1 DAGs
[2025-12-27T14:39:04.693+0000] {logging_mixin.py:188} INFO - [2025-12-27T14:39:04.693+0000] {dag.py:3954} INFO - Setting next_dagrun for latest_only_with_trigger to 2025-12-27 08:00:00+00:00, run_after=2025-12-27 12:00:00+00:00
[2025-12-27T14:39:04.759+0000] {processor.py:183} INFO - Processing /home/airflow/.local/lib/python3.12/site-packages/airflow/example_dags/example_latest_only_with_trigger.py took 0.249 seconds
[2025-12-27T14:39:35.920+0000] {processor.py:161} INFO - Started process (PID=2462) to work on /home/airflow/.local/lib/python3.12/site-packages/airflow/example_dags/example_latest_only_with_trigger.py
[2025-12-27T14:39:35.932+0000] {processor.py:830} INFO - Processing file /home/airflow/.local/lib/python3.12/site-packages/airflow/example_dags/example_latest_only_with_trigger.py for tasks to queue
[2025-12-27T14:39:35.939+0000] {logging_mixin.py:188} INFO - [2025-12-27T14:39:35.936+0000] {dagbag.py:540} INFO - Filling up the DagBag from /home/airflow/.local/lib/python3.12/site-packages/airflow/example_dags/example_latest_only_with_trigger.py
[2025-12-27T14:39:35.984+0000] {processor.py:840} INFO - DAG(s) 'latest_only_with_trigger' retrieved from /home/airflow/.local/lib/python3.12/site-packages/airflow/example_dags/example_latest_only_with_trigger.py
[2025-12-27T14:39:36.104+0000] {logging_mixin.py:188} INFO - [2025-12-27T14:39:36.103+0000] {dag.py:3096} INFO - Sync 1 DAGs
[2025-12-27T14:39:36.268+0000] {logging_mixin.py:188} INFO - [2025-12-27T14:39:36.267+0000] {dag.py:3954} INFO - Setting next_dagrun for latest_only_with_trigger to 2025-12-27 08:00:00+00:00, run_after=2025-12-27 12:00:00+00:00
[2025-12-27T14:39:36.371+0000] {processor.py:183} INFO - Processing /home/airflow/.local/lib/python3.12/site-packages/airflow/example_dags/example_latest_only_with_trigger.py took 0.483 seconds
[2025-12-27T14:40:06.720+0000] {processor.py:161} INFO - Started process (PID=2520) to work on /home/airflow/.local/lib/python3.12/site-packages/airflow/example_dags/example_latest_only_with_trigger.py
[2025-12-27T14:40:06.723+0000] {processor.py:830} INFO - Processing file /home/airflow/.local/lib/python3.12/site-packages/airflow/example_dags/example_latest_only_with_trigger.py for tasks to queue
[2025-12-27T14:40:06.726+0000] {logging_mixin.py:188} INFO - [2025-12-27T14:40:06.725+0000] {dagbag.py:540} INFO - Filling up the DagBag from /home/airflow/.local/lib/python3.12/site-packages/airflow/example_dags/example_latest_only_with_trigger.py
[2025-12-27T14:40:06.748+0000] {processor.py:840} INFO - DAG(s) 'latest_only_with_trigger' retrieved from /home/airflow/.local/lib/python3.12/site-packages/airflow/example_dags/example_latest_only_with_trigger.py
[2025-12-27T14:40:06.824+0000] {logging_mixin.py:188} INFO - [2025-12-27T14:40:06.824+0000] {dag.py:3096} INFO - Sync 1 DAGs
[2025-12-27T14:40:06.888+0000] {logging_mixin.py:188} INFO - [2025-12-27T14:40:06.887+0000] {dag.py:3954} INFO - Setting next_dagrun for latest_only_with_trigger to 2025-12-27 08:00:00+00:00, run_after=2025-12-27 12:00:00+00:00
[2025-12-27T14:40:06.942+0000] {processor.py:183} INFO - Processing /home/airflow/.local/lib/python3.12/site-packages/airflow/example_dags/example_latest_only_with_trigger.py took 0.241 seconds
[2025-12-27T14:40:37.310+0000] {processor.py:161} INFO - Started process (PID=2578) to work on /home/airflow/.local/lib/python3.12/site-packages/airflow/example_dags/example_latest_only_with_trigger.py
[2025-12-27T14:40:37.313+0000] {processor.py:830} INFO - Processing file /home/airflow/.local/lib/python3.12/site-packages/airflow/example_dags/example_latest_only_with_trigger.py for tasks to queue
[2025-12-27T14:40:37.315+0000] {logging_mixin.py:188} INFO - [2025-12-27T14:40:37.314+0000] {dagbag.py:540} INFO - Filling up the DagBag from /home/airflow/.local/lib/python3.12/site-packages/airflow/example_dags/example_latest_only_with_trigger.py
[2025-12-27T14:40:37.341+0000] {processor.py:840} INFO - DAG(s) 'latest_only_with_trigger' retrieved from /home/airflow/.local/lib/python3.12/site-packages/airflow/example_dags/example_latest_only_with_trigger.py
[2025-12-27T14:40:37.418+0000] {logging_mixin.py:188} INFO - [2025-12-27T14:40:37.417+0000] {dag.py:3096} INFO - Sync 1 DAGs
[2025-12-27T14:40:37.489+0000] {logging_mixin.py:188} INFO - [2025-12-27T14:40:37.488+0000] {dag.py:3954} INFO - Setting next_dagrun for latest_only_with_trigger to 2025-12-27 08:00:00+00:00, run_after=2025-12-27 12:00:00+00:00
[2025-12-27T14:40:37.546+0000] {processor.py:183} INFO - Processing /home/airflow/.local/lib/python3.12/site-packages/airflow/example_dags/example_latest_only_with_trigger.py took 0.255 seconds
[2025-12-27T14:41:07.674+0000] {processor.py:161} INFO - Started process (PID=2635) to work on /home/airflow/.local/lib/python3.12/site-packages/airflow/example_dags/example_latest_only_with_trigger.py
[2025-12-27T14:41:07.677+0000] {processor.py:830} INFO - Processing file /home/airflow/.local/lib/python3.12/site-packages/airflow/example_dags/example_latest_only_with_trigger.py for tasks to queue
[2025-12-27T14:41:07.680+0000] {logging_mixin.py:188} INFO - [2025-12-27T14:41:07.679+0000] {dagbag.py:540} INFO - Filling up the DagBag from /home/airflow/.local/lib/python3.12/site-packages/airflow/example_dags/example_latest_only_with_trigger.py
[2025-12-27T14:41:07.698+0000] {processor.py:840} INFO - DAG(s) 'latest_only_with_trigger' retrieved from /home/airflow/.local/lib/python3.12/site-packages/airflow/example_dags/example_latest_only_with_trigger.py
[2025-12-27T14:41:07.753+0000] {logging_mixin.py:188} INFO - [2025-12-27T14:41:07.753+0000] {dag.py:3096} INFO - Sync 1 DAGs
[2025-12-27T14:41:07.814+0000] {logging_mixin.py:188} INFO - [2025-12-27T14:41:07.813+0000] {dag.py:3954} INFO - Setting next_dagrun for latest_only_with_trigger to 2025-12-27 08:00:00+00:00, run_after=2025-12-27 12:00:00+00:00
[2025-12-27T14:41:07.865+0000] {processor.py:183} INFO - Processing /home/airflow/.local/lib/python3.12/site-packages/airflow/example_dags/example_latest_only_with_trigger.py took 0.206 seconds
[2025-12-27T14:41:38.212+0000] {processor.py:161} INFO - Started process (PID=2693) to work on /home/airflow/.local/lib/python3.12/site-packages/airflow/example_dags/example_latest_only_with_trigger.py
[2025-12-27T14:41:38.215+0000] {processor.py:830} INFO - Processing file /home/airflow/.local/lib/python3.12/site-packages/airflow/example_dags/example_latest_only_with_trigger.py for tasks to queue
[2025-12-27T14:41:38.218+0000] {logging_mixin.py:188} INFO - [2025-12-27T14:41:38.217+0000] {dagbag.py:540} INFO - Filling up the DagBag from /home/airflow/.local/lib/python3.12/site-packages/airflow/example_dags/example_latest_only_with_trigger.py
[2025-12-27T14:41:38.236+0000] {processor.py:840} INFO - DAG(s) 'latest_only_with_trigger' retrieved from /home/airflow/.local/lib/python3.12/site-packages/airflow/example_dags/example_latest_only_with_trigger.py
[2025-12-27T14:41:38.291+0000] {logging_mixin.py:188} INFO - [2025-12-27T14:41:38.291+0000] {dag.py:3096} INFO - Sync 1 DAGs
[2025-12-27T14:41:38.345+0000] {logging_mixin.py:188} INFO - [2025-12-27T14:41:38.345+0000] {dag.py:3954} INFO - Setting next_dagrun for latest_only_with_trigger to 2025-12-27 08:00:00+00:00, run_after=2025-12-27 12:00:00+00:00
[2025-12-27T14:41:38.396+0000] {processor.py:183} INFO - Processing /home/airflow/.local/lib/python3.12/site-packages/airflow/example_dags/example_latest_only_with_trigger.py took 0.201 seconds
[2025-12-27T14:42:08.578+0000] {processor.py:161} INFO - Started process (PID=2751) to work on /home/airflow/.local/lib/python3.12/site-packages/airflow/example_dags/example_latest_only_with_trigger.py
[2025-12-27T14:42:08.581+0000] {processor.py:830} INFO - Processing file /home/airflow/.local/lib/python3.12/site-packages/airflow/example_dags/example_latest_only_with_trigger.py for tasks to queue
[2025-12-27T14:42:08.585+0000] {logging_mixin.py:188} INFO - [2025-12-27T14:42:08.584+0000] {dagbag.py:540} INFO - Filling up the DagBag from /home/airflow/.local/lib/python3.12/site-packages/airflow/example_dags/example_latest_only_with_trigger.py
[2025-12-27T14:42:08.604+0000] {processor.py:840} INFO - DAG(s) 'latest_only_with_trigger' retrieved from /home/airflow/.local/lib/python3.12/site-packages/airflow/example_dags/example_latest_only_with_trigger.py
[2025-12-27T14:42:08.681+0000] {logging_mixin.py:188} INFO - [2025-12-27T14:42:08.681+0000] {dag.py:3096} INFO - Sync 1 DAGs
[2025-12-27T14:42:08.739+0000] {logging_mixin.py:188} INFO - [2025-12-27T14:42:08.739+0000] {dag.py:3954} INFO - Setting next_dagrun for latest_only_with_trigger to 2025-12-27 08:00:00+00:00, run_after=2025-12-27 12:00:00+00:00
[2025-12-27T14:42:08.790+0000] {processor.py:183} INFO - Processing /home/airflow/.local/lib/python3.12/site-packages/airflow/example_dags/example_latest_only_with_trigger.py took 0.229 seconds
[2025-12-27T14:42:39.127+0000] {processor.py:161} INFO - Started process (PID=2809) to work on /home/airflow/.local/lib/python3.12/site-packages/airflow/example_dags/example_latest_only_with_trigger.py
[2025-12-27T14:42:39.129+0000] {processor.py:830} INFO - Processing file /home/airflow/.local/lib/python3.12/site-packages/airflow/example_dags/example_latest_only_with_trigger.py for tasks to queue
[2025-12-27T14:42:39.132+0000] {logging_mixin.py:188} INFO - [2025-12-27T14:42:39.131+0000] {dagbag.py:540} INFO - Filling up the DagBag from /home/airflow/.local/lib/python3.12/site-packages/airflow/example_dags/example_latest_only_with_trigger.py
[2025-12-27T14:42:39.149+0000] {processor.py:840} INFO - DAG(s) 'latest_only_with_trigger' retrieved from /home/airflow/.local/lib/python3.12/site-packages/airflow/example_dags/example_latest_only_with_trigger.py
[2025-12-27T14:42:39.216+0000] {logging_mixin.py:188} INFO - [2025-12-27T14:42:39.215+0000] {dag.py:3096} INFO - Sync 1 DAGs
[2025-12-27T14:42:39.274+0000] {logging_mixin.py:188} INFO - [2025-12-27T14:42:39.274+0000] {dag.py:3954} INFO - Setting next_dagrun for latest_only_with_trigger to 2025-12-27 08:00:00+00:00, run_after=2025-12-27 12:00:00+00:00
[2025-12-27T14:42:39.328+0000] {processor.py:183} INFO - Processing /home/airflow/.local/lib/python3.12/site-packages/airflow/example_dags/example_latest_only_with_trigger.py took 0.218 seconds
[2025-12-27T14:43:10.244+0000] {processor.py:161} INFO - Started process (PID=2868) to work on /home/airflow/.local/lib/python3.12/site-packages/airflow/example_dags/example_latest_only_with_trigger.py
[2025-12-27T14:43:10.248+0000] {processor.py:830} INFO - Processing file /home/airflow/.local/lib/python3.12/site-packages/airflow/example_dags/example_latest_only_with_trigger.py for tasks to queue
[2025-12-27T14:43:10.251+0000] {logging_mixin.py:188} INFO - [2025-12-27T14:43:10.250+0000] {dagbag.py:540} INFO - Filling up the DagBag from /home/airflow/.local/lib/python3.12/site-packages/airflow/example_dags/example_latest_only_with_trigger.py
[2025-12-27T14:43:10.278+0000] {processor.py:840} INFO - DAG(s) 'latest_only_with_trigger' retrieved from /home/airflow/.local/lib/python3.12/site-packages/airflow/example_dags/example_latest_only_with_trigger.py
[2025-12-27T14:43:10.339+0000] {logging_mixin.py:188} INFO - [2025-12-27T14:43:10.338+0000] {dag.py:3096} INFO - Sync 1 DAGs
[2025-12-27T14:43:10.414+0000] {logging_mixin.py:188} INFO - [2025-12-27T14:43:10.410+0000] {dag.py:3954} INFO - Setting next_dagrun for latest_only_with_trigger to 2025-12-27 08:00:00+00:00, run_after=2025-12-27 12:00:00+00:00
[2025-12-27T14:43:10.485+0000] {processor.py:183} INFO - Processing /home/airflow/.local/lib/python3.12/site-packages/airflow/example_dags/example_latest_only_with_trigger.py took 0.262 seconds
[2025-12-27T14:43:40.916+0000] {processor.py:161} INFO - Started process (PID=2926) to work on /home/airflow/.local/lib/python3.12/site-packages/airflow/example_dags/example_latest_only_with_trigger.py
[2025-12-27T14:43:40.921+0000] {processor.py:830} INFO - Processing file /home/airflow/.local/lib/python3.12/site-packages/airflow/example_dags/example_latest_only_with_trigger.py for tasks to queue
[2025-12-27T14:43:40.924+0000] {logging_mixin.py:188} INFO - [2025-12-27T14:43:40.923+0000] {dagbag.py:540} INFO - Filling up the DagBag from /home/airflow/.local/lib/python3.12/site-packages/airflow/example_dags/example_latest_only_with_trigger.py
[2025-12-27T14:43:40.955+0000] {processor.py:840} INFO - DAG(s) 'latest_only_with_trigger' retrieved from /home/airflow/.local/lib/python3.12/site-packages/airflow/example_dags/example_latest_only_with_trigger.py
[2025-12-27T14:43:41.067+0000] {logging_mixin.py:188} INFO - [2025-12-27T14:43:41.066+0000] {dag.py:3096} INFO - Sync 1 DAGs
[2025-12-27T14:43:41.247+0000] {logging_mixin.py:188} INFO - [2025-12-27T14:43:41.246+0000] {dag.py:3954} INFO - Setting next_dagrun for latest_only_with_trigger to 2025-12-27 08:00:00+00:00, run_after=2025-12-27 12:00:00+00:00
[2025-12-27T14:43:41.301+0000] {processor.py:183} INFO - Processing /home/airflow/.local/lib/python3.12/site-packages/airflow/example_dags/example_latest_only_with_trigger.py took 0.415 seconds
[2025-12-27T14:44:11.516+0000] {processor.py:161} INFO - Started process (PID=2985) to work on /home/airflow/.local/lib/python3.12/site-packages/airflow/example_dags/example_latest_only_with_trigger.py
[2025-12-27T14:44:11.519+0000] {processor.py:830} INFO - Processing file /home/airflow/.local/lib/python3.12/site-packages/airflow/example_dags/example_latest_only_with_trigger.py for tasks to queue
[2025-12-27T14:44:11.523+0000] {logging_mixin.py:188} INFO - [2025-12-27T14:44:11.522+0000] {dagbag.py:540} INFO - Filling up the DagBag from /home/airflow/.local/lib/python3.12/site-packages/airflow/example_dags/example_latest_only_with_trigger.py
[2025-12-27T14:44:11.544+0000] {processor.py:840} INFO - DAG(s) 'latest_only_with_trigger' retrieved from /home/airflow/.local/lib/python3.12/site-packages/airflow/example_dags/example_latest_only_with_trigger.py
[2025-12-27T14:44:11.607+0000] {logging_mixin.py:188} INFO - [2025-12-27T14:44:11.607+0000] {dag.py:3096} INFO - Sync 1 DAGs
[2025-12-27T14:44:11.674+0000] {logging_mixin.py:188} INFO - [2025-12-27T14:44:11.673+0000] {dag.py:3954} INFO - Setting next_dagrun for latest_only_with_trigger to 2025-12-27 08:00:00+00:00, run_after=2025-12-27 12:00:00+00:00
[2025-12-27T14:44:11.725+0000] {processor.py:183} INFO - Processing /home/airflow/.local/lib/python3.12/site-packages/airflow/example_dags/example_latest_only_with_trigger.py took 0.232 seconds
[2025-12-27T14:44:42.444+0000] {processor.py:161} INFO - Started process (PID=3044) to work on /home/airflow/.local/lib/python3.12/site-packages/airflow/example_dags/example_latest_only_with_trigger.py
[2025-12-27T14:44:42.447+0000] {processor.py:830} INFO - Processing file /home/airflow/.local/lib/python3.12/site-packages/airflow/example_dags/example_latest_only_with_trigger.py for tasks to queue
[2025-12-27T14:44:42.450+0000] {logging_mixin.py:188} INFO - [2025-12-27T14:44:42.449+0000] {dagbag.py:540} INFO - Filling up the DagBag from /home/airflow/.local/lib/python3.12/site-packages/airflow/example_dags/example_latest_only_with_trigger.py
[2025-12-27T14:44:42.483+0000] {processor.py:840} INFO - DAG(s) 'latest_only_with_trigger' retrieved from /home/airflow/.local/lib/python3.12/site-packages/airflow/example_dags/example_latest_only_with_trigger.py
[2025-12-27T14:44:42.591+0000] {logging_mixin.py:188} INFO - [2025-12-27T14:44:42.591+0000] {dag.py:3096} INFO - Sync 1 DAGs
[2025-12-27T14:44:42.697+0000] {logging_mixin.py:188} INFO - [2025-12-27T14:44:42.696+0000] {dag.py:3954} INFO - Setting next_dagrun for latest_only_with_trigger to 2025-12-27 08:00:00+00:00, run_after=2025-12-27 12:00:00+00:00
[2025-12-27T14:44:42.908+0000] {processor.py:183} INFO - Processing /home/airflow/.local/lib/python3.12/site-packages/airflow/example_dags/example_latest_only_with_trigger.py took 0.486 seconds
[2025-12-27T14:45:13.212+0000] {processor.py:161} INFO - Started process (PID=3102) to work on /home/airflow/.local/lib/python3.12/site-packages/airflow/example_dags/example_latest_only_with_trigger.py
[2025-12-27T14:45:13.217+0000] {processor.py:830} INFO - Processing file /home/airflow/.local/lib/python3.12/site-packages/airflow/example_dags/example_latest_only_with_trigger.py for tasks to queue
[2025-12-27T14:45:13.222+0000] {logging_mixin.py:188} INFO - [2025-12-27T14:45:13.219+0000] {dagbag.py:540} INFO - Filling up the DagBag from /home/airflow/.local/lib/python3.12/site-packages/airflow/example_dags/example_latest_only_with_trigger.py
[2025-12-27T14:45:13.250+0000] {processor.py:840} INFO - DAG(s) 'latest_only_with_trigger' retrieved from /home/airflow/.local/lib/python3.12/site-packages/airflow/example_dags/example_latest_only_with_trigger.py
[2025-12-27T14:45:13.356+0000] {logging_mixin.py:188} INFO - [2025-12-27T14:45:13.355+0000] {dag.py:3096} INFO - Sync 1 DAGs
[2025-12-27T14:45:13.472+0000] {logging_mixin.py:188} INFO - [2025-12-27T14:45:13.471+0000] {dag.py:3954} INFO - Setting next_dagrun for latest_only_with_trigger to 2025-12-27 08:00:00+00:00, run_after=2025-12-27 12:00:00+00:00
[2025-12-27T14:45:13.652+0000] {processor.py:183} INFO - Processing /home/airflow/.local/lib/python3.12/site-packages/airflow/example_dags/example_latest_only_with_trigger.py took 0.464 seconds
[2025-12-27T14:45:43.775+0000] {processor.py:161} INFO - Started process (PID=3160) to work on /home/airflow/.local/lib/python3.12/site-packages/airflow/example_dags/example_latest_only_with_trigger.py
[2025-12-27T14:45:43.778+0000] {processor.py:830} INFO - Processing file /home/airflow/.local/lib/python3.12/site-packages/airflow/example_dags/example_latest_only_with_trigger.py for tasks to queue
[2025-12-27T14:45:43.783+0000] {logging_mixin.py:188} INFO - [2025-12-27T14:45:43.782+0000] {dagbag.py:540} INFO - Filling up the DagBag from /home/airflow/.local/lib/python3.12/site-packages/airflow/example_dags/example_latest_only_with_trigger.py
[2025-12-27T14:45:43.799+0000] {processor.py:840} INFO - DAG(s) 'latest_only_with_trigger' retrieved from /home/airflow/.local/lib/python3.12/site-packages/airflow/example_dags/example_latest_only_with_trigger.py
[2025-12-27T14:45:43.892+0000] {logging_mixin.py:188} INFO - [2025-12-27T14:45:43.892+0000] {dag.py:3096} INFO - Sync 1 DAGs
[2025-12-27T14:45:43.971+0000] {logging_mixin.py:188} INFO - [2025-12-27T14:45:43.971+0000] {dag.py:3954} INFO - Setting next_dagrun for latest_only_with_trigger to 2025-12-27 08:00:00+00:00, run_after=2025-12-27 12:00:00+00:00
[2025-12-27T14:45:44.035+0000] {processor.py:183} INFO - Processing /home/airflow/.local/lib/python3.12/site-packages/airflow/example_dags/example_latest_only_with_trigger.py took 0.281 seconds
[2025-12-27T14:46:14.176+0000] {processor.py:161} INFO - Started process (PID=3216) to work on /home/airflow/.local/lib/python3.12/site-packages/airflow/example_dags/example_latest_only_with_trigger.py
[2025-12-27T14:46:14.178+0000] {processor.py:830} INFO - Processing file /home/airflow/.local/lib/python3.12/site-packages/airflow/example_dags/example_latest_only_with_trigger.py for tasks to queue
[2025-12-27T14:46:14.181+0000] {logging_mixin.py:188} INFO - [2025-12-27T14:46:14.180+0000] {dagbag.py:540} INFO - Filling up the DagBag from /home/airflow/.local/lib/python3.12/site-packages/airflow/example_dags/example_latest_only_with_trigger.py
[2025-12-27T14:46:14.197+0000] {processor.py:840} INFO - DAG(s) 'latest_only_with_trigger' retrieved from /home/airflow/.local/lib/python3.12/site-packages/airflow/example_dags/example_latest_only_with_trigger.py
[2025-12-27T14:46:14.251+0000] {logging_mixin.py:188} INFO - [2025-12-27T14:46:14.251+0000] {dag.py:3096} INFO - Sync 1 DAGs
[2025-12-27T14:46:14.305+0000] {logging_mixin.py:188} INFO - [2025-12-27T14:46:14.304+0000] {dag.py:3954} INFO - Setting next_dagrun for latest_only_with_trigger to 2025-12-27 08:00:00+00:00, run_after=2025-12-27 12:00:00+00:00
[2025-12-27T14:46:14.354+0000] {processor.py:183} INFO - Processing /home/airflow/.local/lib/python3.12/site-packages/airflow/example_dags/example_latest_only_with_trigger.py took 0.195 seconds
[2025-12-27T14:46:44.715+0000] {processor.py:161} INFO - Started process (PID=3275) to work on /home/airflow/.local/lib/python3.12/site-packages/airflow/example_dags/example_latest_only_with_trigger.py
[2025-12-27T14:46:44.718+0000] {processor.py:830} INFO - Processing file /home/airflow/.local/lib/python3.12/site-packages/airflow/example_dags/example_latest_only_with_trigger.py for tasks to queue
[2025-12-27T14:46:44.720+0000] {logging_mixin.py:188} INFO - [2025-12-27T14:46:44.719+0000] {dagbag.py:540} INFO - Filling up the DagBag from /home/airflow/.local/lib/python3.12/site-packages/airflow/example_dags/example_latest_only_with_trigger.py
[2025-12-27T14:46:44.737+0000] {processor.py:840} INFO - DAG(s) 'latest_only_with_trigger' retrieved from /home/airflow/.local/lib/python3.12/site-packages/airflow/example_dags/example_latest_only_with_trigger.py
[2025-12-27T14:46:44.812+0000] {logging_mixin.py:188} INFO - [2025-12-27T14:46:44.811+0000] {dag.py:3096} INFO - Sync 1 DAGs
[2025-12-27T14:46:44.872+0000] {logging_mixin.py:188} INFO - [2025-12-27T14:46:44.871+0000] {dag.py:3954} INFO - Setting next_dagrun for latest_only_with_trigger to 2025-12-27 08:00:00+00:00, run_after=2025-12-27 12:00:00+00:00
[2025-12-27T14:46:44.921+0000] {processor.py:183} INFO - Processing /home/airflow/.local/lib/python3.12/site-packages/airflow/example_dags/example_latest_only_with_trigger.py took 0.224 seconds
[2025-12-27T14:47:15.168+0000] {processor.py:161} INFO - Started process (PID=3333) to work on /home/airflow/.local/lib/python3.12/site-packages/airflow/example_dags/example_latest_only_with_trigger.py
[2025-12-27T14:47:15.171+0000] {processor.py:830} INFO - Processing file /home/airflow/.local/lib/python3.12/site-packages/airflow/example_dags/example_latest_only_with_trigger.py for tasks to queue
[2025-12-27T14:47:15.174+0000] {logging_mixin.py:188} INFO - [2025-12-27T14:47:15.173+0000] {dagbag.py:540} INFO - Filling up the DagBag from /home/airflow/.local/lib/python3.12/site-packages/airflow/example_dags/example_latest_only_with_trigger.py
[2025-12-27T14:47:15.190+0000] {processor.py:840} INFO - DAG(s) 'latest_only_with_trigger' retrieved from /home/airflow/.local/lib/python3.12/site-packages/airflow/example_dags/example_latest_only_with_trigger.py
[2025-12-27T14:47:15.244+0000] {logging_mixin.py:188} INFO - [2025-12-27T14:47:15.244+0000] {dag.py:3096} INFO - Sync 1 DAGs
[2025-12-27T14:47:15.299+0000] {logging_mixin.py:188} INFO - [2025-12-27T14:47:15.298+0000] {dag.py:3954} INFO - Setting next_dagrun for latest_only_with_trigger to 2025-12-27 08:00:00+00:00, run_after=2025-12-27 12:00:00+00:00
[2025-12-27T14:47:15.350+0000] {processor.py:183} INFO - Processing /home/airflow/.local/lib/python3.12/site-packages/airflow/example_dags/example_latest_only_with_trigger.py took 0.197 seconds
[2025-12-27T14:47:45.670+0000] {processor.py:161} INFO - Started process (PID=3391) to work on /home/airflow/.local/lib/python3.12/site-packages/airflow/example_dags/example_latest_only_with_trigger.py
[2025-12-27T14:47:45.673+0000] {processor.py:830} INFO - Processing file /home/airflow/.local/lib/python3.12/site-packages/airflow/example_dags/example_latest_only_with_trigger.py for tasks to queue
[2025-12-27T14:47:45.675+0000] {logging_mixin.py:188} INFO - [2025-12-27T14:47:45.674+0000] {dagbag.py:540} INFO - Filling up the DagBag from /home/airflow/.local/lib/python3.12/site-packages/airflow/example_dags/example_latest_only_with_trigger.py
[2025-12-27T14:47:45.691+0000] {processor.py:840} INFO - DAG(s) 'latest_only_with_trigger' retrieved from /home/airflow/.local/lib/python3.12/site-packages/airflow/example_dags/example_latest_only_with_trigger.py
[2025-12-27T14:47:45.745+0000] {logging_mixin.py:188} INFO - [2025-12-27T14:47:45.744+0000] {dag.py:3096} INFO - Sync 1 DAGs
[2025-12-27T14:47:45.799+0000] {logging_mixin.py:188} INFO - [2025-12-27T14:47:45.799+0000] {dag.py:3954} INFO - Setting next_dagrun for latest_only_with_trigger to 2025-12-27 08:00:00+00:00, run_after=2025-12-27 12:00:00+00:00
[2025-12-27T14:47:45.850+0000] {processor.py:183} INFO - Processing /home/airflow/.local/lib/python3.12/site-packages/airflow/example_dags/example_latest_only_with_trigger.py took 0.198 seconds
[2025-12-27T14:48:16.640+0000] {processor.py:161} INFO - Started process (PID=3450) to work on /home/airflow/.local/lib/python3.12/site-packages/airflow/example_dags/example_latest_only_with_trigger.py
[2025-12-27T14:48:16.644+0000] {processor.py:830} INFO - Processing file /home/airflow/.local/lib/python3.12/site-packages/airflow/example_dags/example_latest_only_with_trigger.py for tasks to queue
[2025-12-27T14:48:16.650+0000] {logging_mixin.py:188} INFO - [2025-12-27T14:48:16.648+0000] {dagbag.py:540} INFO - Filling up the DagBag from /home/airflow/.local/lib/python3.12/site-packages/airflow/example_dags/example_latest_only_with_trigger.py
[2025-12-27T14:48:16.683+0000] {processor.py:840} INFO - DAG(s) 'latest_only_with_trigger' retrieved from /home/airflow/.local/lib/python3.12/site-packages/airflow/example_dags/example_latest_only_with_trigger.py
[2025-12-27T14:48:16.777+0000] {logging_mixin.py:188} INFO - [2025-12-27T14:48:16.775+0000] {dag.py:3096} INFO - Sync 1 DAGs
[2025-12-27T14:48:16.947+0000] {logging_mixin.py:188} INFO - [2025-12-27T14:48:16.946+0000] {dag.py:3954} INFO - Setting next_dagrun for latest_only_with_trigger to 2025-12-27 08:00:00+00:00, run_after=2025-12-27 12:00:00+00:00
[2025-12-27T14:48:17.065+0000] {processor.py:183} INFO - Processing /home/airflow/.local/lib/python3.12/site-packages/airflow/example_dags/example_latest_only_with_trigger.py took 0.462 seconds
[2025-12-27T14:48:47.407+0000] {processor.py:161} INFO - Started process (PID=3508) to work on /home/airflow/.local/lib/python3.12/site-packages/airflow/example_dags/example_latest_only_with_trigger.py
[2025-12-27T14:48:47.414+0000] {processor.py:830} INFO - Processing file /home/airflow/.local/lib/python3.12/site-packages/airflow/example_dags/example_latest_only_with_trigger.py for tasks to queue
[2025-12-27T14:48:47.419+0000] {logging_mixin.py:188} INFO - [2025-12-27T14:48:47.418+0000] {dagbag.py:540} INFO - Filling up the DagBag from /home/airflow/.local/lib/python3.12/site-packages/airflow/example_dags/example_latest_only_with_trigger.py
[2025-12-27T14:48:47.442+0000] {processor.py:840} INFO - DAG(s) 'latest_only_with_trigger' retrieved from /home/airflow/.local/lib/python3.12/site-packages/airflow/example_dags/example_latest_only_with_trigger.py
[2025-12-27T14:48:47.519+0000] {logging_mixin.py:188} INFO - [2025-12-27T14:48:47.518+0000] {dag.py:3096} INFO - Sync 1 DAGs
[2025-12-27T14:48:47.589+0000] {logging_mixin.py:188} INFO - [2025-12-27T14:48:47.588+0000] {dag.py:3954} INFO - Setting next_dagrun for latest_only_with_trigger to 2025-12-27 08:00:00+00:00, run_after=2025-12-27 12:00:00+00:00
[2025-12-27T14:48:47.684+0000] {processor.py:183} INFO - Processing /home/airflow/.local/lib/python3.12/site-packages/airflow/example_dags/example_latest_only_with_trigger.py took 0.305 seconds
[2025-12-27T14:49:18.049+0000] {processor.py:161} INFO - Started process (PID=3566) to work on /home/airflow/.local/lib/python3.12/site-packages/airflow/example_dags/example_latest_only_with_trigger.py
[2025-12-27T14:49:18.052+0000] {processor.py:830} INFO - Processing file /home/airflow/.local/lib/python3.12/site-packages/airflow/example_dags/example_latest_only_with_trigger.py for tasks to queue
[2025-12-27T14:49:18.056+0000] {logging_mixin.py:188} INFO - [2025-12-27T14:49:18.055+0000] {dagbag.py:540} INFO - Filling up the DagBag from /home/airflow/.local/lib/python3.12/site-packages/airflow/example_dags/example_latest_only_with_trigger.py
[2025-12-27T14:49:18.075+0000] {processor.py:840} INFO - DAG(s) 'latest_only_with_trigger' retrieved from /home/airflow/.local/lib/python3.12/site-packages/airflow/example_dags/example_latest_only_with_trigger.py
[2025-12-27T14:49:18.145+0000] {logging_mixin.py:188} INFO - [2025-12-27T14:49:18.145+0000] {dag.py:3096} INFO - Sync 1 DAGs
[2025-12-27T14:49:18.211+0000] {logging_mixin.py:188} INFO - [2025-12-27T14:49:18.210+0000] {dag.py:3954} INFO - Setting next_dagrun for latest_only_with_trigger to 2025-12-27 08:00:00+00:00, run_after=2025-12-27 12:00:00+00:00
[2025-12-27T14:49:18.287+0000] {processor.py:183} INFO - Processing /home/airflow/.local/lib/python3.12/site-packages/airflow/example_dags/example_latest_only_with_trigger.py took 0.260 seconds
[2025-12-27T14:49:49.257+0000] {processor.py:161} INFO - Started process (PID=3623) to work on /home/airflow/.local/lib/python3.12/site-packages/airflow/example_dags/example_latest_only_with_trigger.py
[2025-12-27T14:49:49.261+0000] {processor.py:830} INFO - Processing file /home/airflow/.local/lib/python3.12/site-packages/airflow/example_dags/example_latest_only_with_trigger.py for tasks to queue
[2025-12-27T14:49:49.265+0000] {logging_mixin.py:188} INFO - [2025-12-27T14:49:49.264+0000] {dagbag.py:540} INFO - Filling up the DagBag from /home/airflow/.local/lib/python3.12/site-packages/airflow/example_dags/example_latest_only_with_trigger.py
[2025-12-27T14:49:49.304+0000] {processor.py:840} INFO - DAG(s) 'latest_only_with_trigger' retrieved from /home/airflow/.local/lib/python3.12/site-packages/airflow/example_dags/example_latest_only_with_trigger.py
[2025-12-27T14:49:49.424+0000] {logging_mixin.py:188} INFO - [2025-12-27T14:49:49.423+0000] {dag.py:3096} INFO - Sync 1 DAGs
[2025-12-27T14:49:49.536+0000] {logging_mixin.py:188} INFO - [2025-12-27T14:49:49.535+0000] {dag.py:3954} INFO - Setting next_dagrun for latest_only_with_trigger to 2025-12-27 08:00:00+00:00, run_after=2025-12-27 12:00:00+00:00
[2025-12-27T14:49:49.652+0000] {processor.py:183} INFO - Processing /home/airflow/.local/lib/python3.12/site-packages/airflow/example_dags/example_latest_only_with_trigger.py took 0.429 seconds
[2025-12-27T14:50:25.983+0000] {processor.py:161} INFO - Started process (PID=3681) to work on /home/airflow/.local/lib/python3.12/site-packages/airflow/example_dags/example_latest_only_with_trigger.py
[2025-12-27T14:50:25.994+0000] {processor.py:830} INFO - Processing file /home/airflow/.local/lib/python3.12/site-packages/airflow/example_dags/example_latest_only_with_trigger.py for tasks to queue
[2025-12-27T14:50:25.998+0000] {logging_mixin.py:188} INFO - [2025-12-27T14:50:25.996+0000] {dagbag.py:540} INFO - Filling up the DagBag from /home/airflow/.local/lib/python3.12/site-packages/airflow/example_dags/example_latest_only_with_trigger.py
[2025-12-27T14:50:26.034+0000] {processor.py:840} INFO - DAG(s) 'latest_only_with_trigger' retrieved from /home/airflow/.local/lib/python3.12/site-packages/airflow/example_dags/example_latest_only_with_trigger.py
[2025-12-27T14:50:26.139+0000] {logging_mixin.py:188} INFO - [2025-12-27T14:50:26.137+0000] {dag.py:3096} INFO - Sync 1 DAGs
[2025-12-27T14:50:26.264+0000] {logging_mixin.py:188} INFO - [2025-12-27T14:50:26.263+0000] {dag.py:3954} INFO - Setting next_dagrun for latest_only_with_trigger to 2025-12-27 08:00:00+00:00, run_after=2025-12-27 12:00:00+00:00
[2025-12-27T14:50:26.387+0000] {processor.py:183} INFO - Processing /home/airflow/.local/lib/python3.12/site-packages/airflow/example_dags/example_latest_only_with_trigger.py took 0.445 seconds
[2025-12-27T14:50:59.503+0000] {processor.py:161} INFO - Started process (PID=3740) to work on /home/airflow/.local/lib/python3.12/site-packages/airflow/example_dags/example_latest_only_with_trigger.py
[2025-12-27T14:50:59.507+0000] {processor.py:830} INFO - Processing file /home/airflow/.local/lib/python3.12/site-packages/airflow/example_dags/example_latest_only_with_trigger.py for tasks to queue
[2025-12-27T14:50:59.511+0000] {logging_mixin.py:188} INFO - [2025-12-27T14:50:59.510+0000] {dagbag.py:540} INFO - Filling up the DagBag from /home/airflow/.local/lib/python3.12/site-packages/airflow/example_dags/example_latest_only_with_trigger.py
[2025-12-27T14:50:59.541+0000] {processor.py:840} INFO - DAG(s) 'latest_only_with_trigger' retrieved from /home/airflow/.local/lib/python3.12/site-packages/airflow/example_dags/example_latest_only_with_trigger.py
[2025-12-27T14:50:59.637+0000] {logging_mixin.py:188} INFO - [2025-12-27T14:50:59.636+0000] {dag.py:3096} INFO - Sync 1 DAGs
[2025-12-27T14:50:59.784+0000] {logging_mixin.py:188} INFO - [2025-12-27T14:50:59.783+0000] {dag.py:3954} INFO - Setting next_dagrun for latest_only_with_trigger to 2025-12-27 08:00:00+00:00, run_after=2025-12-27 12:00:00+00:00
[2025-12-27T14:50:59.947+0000] {processor.py:183} INFO - Processing /home/airflow/.local/lib/python3.12/site-packages/airflow/example_dags/example_latest_only_with_trigger.py took 0.466 seconds
[2025-12-27T14:52:04.298+0000] {processor.py:161} INFO - Started process (PID=3801) to work on /home/airflow/.local/lib/python3.12/site-packages/airflow/example_dags/example_latest_only_with_trigger.py
[2025-12-27T14:52:04.311+0000] {processor.py:830} INFO - Processing file /home/airflow/.local/lib/python3.12/site-packages/airflow/example_dags/example_latest_only_with_trigger.py for tasks to queue
[2025-12-27T14:52:04.325+0000] {logging_mixin.py:188} INFO - [2025-12-27T14:52:04.323+0000] {dagbag.py:540} INFO - Filling up the DagBag from /home/airflow/.local/lib/python3.12/site-packages/airflow/example_dags/example_latest_only_with_trigger.py
[2025-12-27T14:52:04.446+0000] {processor.py:840} INFO - DAG(s) 'latest_only_with_trigger' retrieved from /home/airflow/.local/lib/python3.12/site-packages/airflow/example_dags/example_latest_only_with_trigger.py
[2025-12-27T14:52:05.180+0000] {logging_mixin.py:188} INFO - [2025-12-27T14:52:05.179+0000] {dag.py:3096} INFO - Sync 1 DAGs
[2025-12-27T14:52:05.560+0000] {logging_mixin.py:188} INFO - [2025-12-27T14:52:05.559+0000] {dag.py:3954} INFO - Setting next_dagrun for latest_only_with_trigger to 2025-12-27 08:00:00+00:00, run_after=2025-12-27 12:00:00+00:00
[2025-12-27T14:52:06.066+0000] {processor.py:183} INFO - Processing /home/airflow/.local/lib/python3.12/site-packages/airflow/example_dags/example_latest_only_with_trigger.py took 1.835 seconds
[2025-12-27T15:11:29.890+0000] {processor.py:161} INFO - Started process (PID=3917) to work on /home/airflow/.local/lib/python3.12/site-packages/airflow/example_dags/example_latest_only_with_trigger.py
[2025-12-27T15:11:29.916+0000] {processor.py:830} INFO - Processing file /home/airflow/.local/lib/python3.12/site-packages/airflow/example_dags/example_latest_only_with_trigger.py for tasks to queue
[2025-12-27T15:11:29.995+0000] {logging_mixin.py:188} INFO - [2025-12-27T15:11:29.945+0000] {dagbag.py:540} INFO - Filling up the DagBag from /home/airflow/.local/lib/python3.12/site-packages/airflow/example_dags/example_latest_only_with_trigger.py
[2025-12-27T15:11:30.598+0000] {processor.py:840} INFO - DAG(s) 'latest_only_with_trigger' retrieved from /home/airflow/.local/lib/python3.12/site-packages/airflow/example_dags/example_latest_only_with_trigger.py
[2025-12-27T15:15:36.922+0000] {processor.py:186} ERROR - Got an exception! Propagating...
Traceback (most recent call last):
  File "/home/airflow/.local/lib/python3.12/site-packages/sqlalchemy/engine/base.py", line 3371, in _wrap_pool_connect
    return fn()
           ^^^^
  File "/home/airflow/.local/lib/python3.12/site-packages/sqlalchemy/pool/base.py", line 327, in connect
    return _ConnectionFairy._checkout(self)
           ^^^^^^^^^^^^^^^^^^^^^^^^^^^^^^^^
  File "/home/airflow/.local/lib/python3.12/site-packages/sqlalchemy/pool/base.py", line 894, in _checkout
    fairy = _ConnectionRecord.checkout(pool)
            ^^^^^^^^^^^^^^^^^^^^^^^^^^^^^^^^
  File "/home/airflow/.local/lib/python3.12/site-packages/sqlalchemy/pool/base.py", line 493, in checkout
    rec = pool._do_get()
          ^^^^^^^^^^^^^^
  File "/home/airflow/.local/lib/python3.12/site-packages/sqlalchemy/pool/impl.py", line 145, in _do_get
    with util.safe_reraise():
  File "/home/airflow/.local/lib/python3.12/site-packages/sqlalchemy/util/langhelpers.py", line 70, in __exit__
    compat.raise_(
  File "/home/airflow/.local/lib/python3.12/site-packages/sqlalchemy/util/compat.py", line 211, in raise_
    raise exception
  File "/home/airflow/.local/lib/python3.12/site-packages/sqlalchemy/pool/impl.py", line 143, in _do_get
    return self._create_connection()
           ^^^^^^^^^^^^^^^^^^^^^^^^^
  File "/home/airflow/.local/lib/python3.12/site-packages/sqlalchemy/pool/base.py", line 273, in _create_connection
    return _ConnectionRecord(self)
           ^^^^^^^^^^^^^^^^^^^^^^^
  File "/home/airflow/.local/lib/python3.12/site-packages/sqlalchemy/pool/base.py", line 388, in __init__
    self.__connect()
  File "/home/airflow/.local/lib/python3.12/site-packages/sqlalchemy/pool/base.py", line 690, in __connect
    with util.safe_reraise():
  File "/home/airflow/.local/lib/python3.12/site-packages/sqlalchemy/util/langhelpers.py", line 70, in __exit__
    compat.raise_(
  File "/home/airflow/.local/lib/python3.12/site-packages/sqlalchemy/util/compat.py", line 211, in raise_
    raise exception
  File "/home/airflow/.local/lib/python3.12/site-packages/sqlalchemy/pool/base.py", line 686, in __connect
    self.dbapi_connection = connection = pool._invoke_creator(self)
                                         ^^^^^^^^^^^^^^^^^^^^^^^^^^
  File "/home/airflow/.local/lib/python3.12/site-packages/sqlalchemy/engine/create.py", line 574, in connect
    return dialect.connect(*cargs, **cparams)
           ^^^^^^^^^^^^^^^^^^^^^^^^^^^^^^^^^^
  File "/home/airflow/.local/lib/python3.12/site-packages/sqlalchemy/engine/default.py", line 598, in connect
    return self.dbapi.connect(*cargs, **cparams)
           ^^^^^^^^^^^^^^^^^^^^^^^^^^^^^^^^^^^^^
  File "/home/airflow/.local/lib/python3.12/site-packages/psycopg2/__init__.py", line 122, in connect
    conn = _connect(dsn, connection_factory=connection_factory, **kwasync)
           ^^^^^^^^^^^^^^^^^^^^^^^^^^^^^^^^^^^^^^^^^^^^^^^^^^^^^^^^^^^^^^^
psycopg2.OperationalError: could not translate host name "postgres" to address: Temporary failure in name resolution


The above exception was the direct cause of the following exception:

Traceback (most recent call last):
  File "/home/airflow/.local/lib/python3.12/site-packages/airflow/dag_processing/processor.py", line 182, in _run_file_processor
    _handle_dag_file_processing()
  File "/home/airflow/.local/lib/python3.12/site-packages/airflow/dag_processing/processor.py", line 163, in _handle_dag_file_processing
    result: tuple[int, int] = dag_file_processor.process_file(
                              ^^^^^^^^^^^^^^^^^^^^^^^^^^^^^^^^
  File "/home/airflow/.local/lib/python3.12/site-packages/airflow/utils/session.py", line 79, in wrapper
    return func(*args, session=session, **kwargs)
           ^^^^^^^^^^^^^^^^^^^^^^^^^^^^^^^^^^^^^^
  File "/home/airflow/.local/lib/python3.12/site-packages/airflow/dag_processing/processor.py", line 859, in process_file
    serialize_errors = DagFileProcessor.save_dag_to_db(
                       ^^^^^^^^^^^^^^^^^^^^^^^^^^^^^^^^
  File "/home/airflow/.local/lib/python3.12/site-packages/airflow/api_internal/internal_api_call.py", line 115, in wrapper
    return func(*args, **kwargs)
           ^^^^^^^^^^^^^^^^^^^^^
  File "/home/airflow/.local/lib/python3.12/site-packages/airflow/utils/session.py", line 79, in wrapper
    return func(*args, session=session, **kwargs)
           ^^^^^^^^^^^^^^^^^^^^^^^^^^^^^^^^^^^^^^
  File "/home/airflow/.local/lib/python3.12/site-packages/airflow/dag_processing/processor.py", line 895, in save_dag_to_db
    import_errors = DagBag._sync_to_db(dags=dags, processor_subdir=dag_directory, session=session)
                    ^^^^^^^^^^^^^^^^^^^^^^^^^^^^^^^^^^^^^^^^^^^^^^^^^^^^^^^^^^^^^^^^^^^^^^^^^^^^^^
  File "/home/airflow/.local/lib/python3.12/site-packages/airflow/utils/session.py", line 76, in wrapper
    return func(*args, **kwargs)
           ^^^^^^^^^^^^^^^^^^^^^
  File "/home/airflow/.local/lib/python3.12/site-packages/airflow/models/dagbag.py", line 659, in _sync_to_db
    for attempt in run_with_db_retries(logger=log):
  File "/home/airflow/.local/lib/python3.12/site-packages/tenacity/__init__.py", line 347, in __iter__
    do = self.iter(retry_state=retry_state)
         ^^^^^^^^^^^^^^^^^^^^^^^^^^^^^^^^^^
  File "/home/airflow/.local/lib/python3.12/site-packages/tenacity/__init__.py", line 325, in iter
    raise retry_exc.reraise()
          ^^^^^^^^^^^^^^^^^^^
  File "/home/airflow/.local/lib/python3.12/site-packages/tenacity/__init__.py", line 158, in reraise
    raise self.last_attempt.result()
          ^^^^^^^^^^^^^^^^^^^^^^^^^^
  File "/usr/local/lib/python3.12/concurrent/futures/_base.py", line 449, in result
    return self.__get_result()
           ^^^^^^^^^^^^^^^^^^^
  File "/usr/local/lib/python3.12/concurrent/futures/_base.py", line 401, in __get_result
    raise self._exception
  File "/home/airflow/.local/lib/python3.12/site-packages/airflow/models/dagbag.py", line 672, in _sync_to_db
    _serialize_dag_capturing_errors(dag, session, processor_subdir)
  File "/home/airflow/.local/lib/python3.12/site-packages/airflow/models/dagbag.py", line 637, in _serialize_dag_capturing_errors
    dag_was_updated = SerializedDagModel.write_dag(
                      ^^^^^^^^^^^^^^^^^^^^^^^^^^^^^
  File "/home/airflow/.local/lib/python3.12/site-packages/airflow/utils/session.py", line 76, in wrapper
    return func(*args, **kwargs)
           ^^^^^^^^^^^^^^^^^^^^^
  File "/home/airflow/.local/lib/python3.12/site-packages/airflow/models/serialized_dag.py", line 158, in write_dag
    if session.scalar(
       ^^^^^^^^^^^^^^^
  File "/home/airflow/.local/lib/python3.12/site-packages/sqlalchemy/orm/session.py", line 1747, in scalar
    return self.execute(
           ^^^^^^^^^^^^^
  File "/home/airflow/.local/lib/python3.12/site-packages/sqlalchemy/orm/session.py", line 1716, in execute
    conn = self._connection_for_bind(bind)
           ^^^^^^^^^^^^^^^^^^^^^^^^^^^^^^^
  File "/home/airflow/.local/lib/python3.12/site-packages/sqlalchemy/orm/session.py", line 1555, in _connection_for_bind
    return self._transaction._connection_for_bind(
           ^^^^^^^^^^^^^^^^^^^^^^^^^^^^^^^^^^^^^^^
  File "/home/airflow/.local/lib/python3.12/site-packages/sqlalchemy/orm/session.py", line 750, in _connection_for_bind
    conn = bind.connect()
           ^^^^^^^^^^^^^^
  File "/home/airflow/.local/lib/python3.12/site-packages/sqlalchemy/future/engine.py", line 412, in connect
    return super(Engine, self).connect()
           ^^^^^^^^^^^^^^^^^^^^^^^^^^^^^
  File "/home/airflow/.local/lib/python3.12/site-packages/sqlalchemy/engine/base.py", line 3325, in connect
    return self._connection_cls(self, close_with_result=close_with_result)
           ^^^^^^^^^^^^^^^^^^^^^^^^^^^^^^^^^^^^^^^^^^^^^^^^^^^^^^^^^^^^^^^
  File "/home/airflow/.local/lib/python3.12/site-packages/sqlalchemy/engine/base.py", line 96, in __init__
    else engine.raw_connection()
         ^^^^^^^^^^^^^^^^^^^^^^^
  File "/home/airflow/.local/lib/python3.12/site-packages/sqlalchemy/engine/base.py", line 3404, in raw_connection
    return self._wrap_pool_connect(self.pool.connect, _connection)
           ^^^^^^^^^^^^^^^^^^^^^^^^^^^^^^^^^^^^^^^^^^^^^^^^^^^^^^^
  File "/home/airflow/.local/lib/python3.12/site-packages/sqlalchemy/engine/base.py", line 3374, in _wrap_pool_connect
    Connection._handle_dbapi_exception_noconnection(
  File "/home/airflow/.local/lib/python3.12/site-packages/sqlalchemy/engine/base.py", line 2208, in _handle_dbapi_exception_noconnection
    util.raise_(
  File "/home/airflow/.local/lib/python3.12/site-packages/sqlalchemy/util/compat.py", line 211, in raise_
    raise exception
  File "/home/airflow/.local/lib/python3.12/site-packages/sqlalchemy/engine/base.py", line 3371, in _wrap_pool_connect
    return fn()
           ^^^^
  File "/home/airflow/.local/lib/python3.12/site-packages/sqlalchemy/pool/base.py", line 327, in connect
    return _ConnectionFairy._checkout(self)
           ^^^^^^^^^^^^^^^^^^^^^^^^^^^^^^^^
  File "/home/airflow/.local/lib/python3.12/site-packages/sqlalchemy/pool/base.py", line 894, in _checkout
    fairy = _ConnectionRecord.checkout(pool)
            ^^^^^^^^^^^^^^^^^^^^^^^^^^^^^^^^
  File "/home/airflow/.local/lib/python3.12/site-packages/sqlalchemy/pool/base.py", line 493, in checkout
    rec = pool._do_get()
          ^^^^^^^^^^^^^^
  File "/home/airflow/.local/lib/python3.12/site-packages/sqlalchemy/pool/impl.py", line 145, in _do_get
    with util.safe_reraise():
  File "/home/airflow/.local/lib/python3.12/site-packages/sqlalchemy/util/langhelpers.py", line 70, in __exit__
    compat.raise_(
  File "/home/airflow/.local/lib/python3.12/site-packages/sqlalchemy/util/compat.py", line 211, in raise_
    raise exception
  File "/home/airflow/.local/lib/python3.12/site-packages/sqlalchemy/pool/impl.py", line 143, in _do_get
    return self._create_connection()
           ^^^^^^^^^^^^^^^^^^^^^^^^^
  File "/home/airflow/.local/lib/python3.12/site-packages/sqlalchemy/pool/base.py", line 273, in _create_connection
    return _ConnectionRecord(self)
           ^^^^^^^^^^^^^^^^^^^^^^^
  File "/home/airflow/.local/lib/python3.12/site-packages/sqlalchemy/pool/base.py", line 388, in __init__
    self.__connect()
  File "/home/airflow/.local/lib/python3.12/site-packages/sqlalchemy/pool/base.py", line 690, in __connect
    with util.safe_reraise():
  File "/home/airflow/.local/lib/python3.12/site-packages/sqlalchemy/util/langhelpers.py", line 70, in __exit__
    compat.raise_(
  File "/home/airflow/.local/lib/python3.12/site-packages/sqlalchemy/util/compat.py", line 211, in raise_
    raise exception
  File "/home/airflow/.local/lib/python3.12/site-packages/sqlalchemy/pool/base.py", line 686, in __connect
    self.dbapi_connection = connection = pool._invoke_creator(self)
                                         ^^^^^^^^^^^^^^^^^^^^^^^^^^
  File "/home/airflow/.local/lib/python3.12/site-packages/sqlalchemy/engine/create.py", line 574, in connect
    return dialect.connect(*cargs, **cparams)
           ^^^^^^^^^^^^^^^^^^^^^^^^^^^^^^^^^^
  File "/home/airflow/.local/lib/python3.12/site-packages/sqlalchemy/engine/default.py", line 598, in connect
    return self.dbapi.connect(*cargs, **cparams)
           ^^^^^^^^^^^^^^^^^^^^^^^^^^^^^^^^^^^^^
  File "/home/airflow/.local/lib/python3.12/site-packages/psycopg2/__init__.py", line 122, in connect
    conn = _connect(dsn, connection_factory=connection_factory, **kwasync)
           ^^^^^^^^^^^^^^^^^^^^^^^^^^^^^^^^^^^^^^^^^^^^^^^^^^^^^^^^^^^^^^^
sqlalchemy.exc.OperationalError: (psycopg2.OperationalError) could not translate host name "postgres" to address: Temporary failure in name resolution

(Background on this error at: https://sqlalche.me/e/14/e3q8)
