[2025-12-27T14:14:34.187+0000] {processor.py:161} INFO - Started process (PID=87) to work on /home/airflow/.local/lib/python3.12/site-packages/airflow/example_dags/example_datasets.py
[2025-12-27T14:14:34.237+0000] {processor.py:830} INFO - Processing file /home/airflow/.local/lib/python3.12/site-packages/airflow/example_dags/example_datasets.py for tasks to queue
[2025-12-27T14:14:34.297+0000] {logging_mixin.py:188} INFO - [2025-12-27T14:14:34.295+0000] {dagbag.py:540} INFO - Filling up the DagBag from /home/airflow/.local/lib/python3.12/site-packages/airflow/example_dags/example_datasets.py
[2025-12-27T14:14:34.717+0000] {processor.py:840} INFO - DAG(s) 'dataset_produces_1', 'conditional_dataset_and_time_based_timetable', 'dataset_consumes_1_and_2', 'dataset_produces_2', 'dataset_consumes_unknown_never_scheduled', 'consume_1_and_2_with_dataset_expressions', 'consume_1_or_2_with_dataset_expressions', 'consume_1_or_both_2_and_3_with_dataset_expressions', 'dataset_consumes_1', 'dataset_consumes_1_never_scheduled' retrieved from /home/airflow/.local/lib/python3.12/site-packages/airflow/example_dags/example_datasets.py
[2025-12-27T14:14:39.033+0000] {logging_mixin.py:188} INFO - [2025-12-27T14:14:39.032+0000] {dag.py:3096} INFO - Sync 10 DAGs
[2025-12-27T14:14:39.351+0000] {logging_mixin.py:188} INFO - [2025-12-27T14:14:39.349+0000] {dag.py:3954} INFO - Setting next_dagrun for conditional_dataset_and_time_based_timetable to 2025-12-24 01:00:00+00:00, run_after=2025-12-24 01:00:00+00:00
[2025-12-27T14:14:39.377+0000] {logging_mixin.py:188} INFO - [2025-12-27T14:14:39.376+0000] {dag.py:3954} INFO - Setting next_dagrun for consume_1_and_2_with_dataset_expressions to None, run_after=None
[2025-12-27T14:14:39.383+0000] {logging_mixin.py:188} INFO - [2025-12-27T14:14:39.382+0000] {dag.py:3954} INFO - Setting next_dagrun for consume_1_or_2_with_dataset_expressions to None, run_after=None
[2025-12-27T14:14:39.393+0000] {logging_mixin.py:188} INFO - [2025-12-27T14:14:39.393+0000] {dag.py:3954} INFO - Setting next_dagrun for consume_1_or_both_2_and_3_with_dataset_expressions to None, run_after=None
[2025-12-27T14:14:39.399+0000] {logging_mixin.py:188} INFO - [2025-12-27T14:14:39.399+0000] {dag.py:3954} INFO - Setting next_dagrun for dataset_consumes_1 to None, run_after=None
[2025-12-27T14:14:39.408+0000] {logging_mixin.py:188} INFO - [2025-12-27T14:14:39.408+0000] {dag.py:3954} INFO - Setting next_dagrun for dataset_consumes_1_and_2 to None, run_after=None
[2025-12-27T14:14:39.416+0000] {logging_mixin.py:188} INFO - [2025-12-27T14:14:39.415+0000] {dag.py:3954} INFO - Setting next_dagrun for dataset_consumes_1_never_scheduled to None, run_after=None
[2025-12-27T14:14:39.422+0000] {logging_mixin.py:188} INFO - [2025-12-27T14:14:39.421+0000] {dag.py:3954} INFO - Setting next_dagrun for dataset_consumes_unknown_never_scheduled to None, run_after=None
[2025-12-27T14:14:39.436+0000] {logging_mixin.py:188} INFO - [2025-12-27T14:14:39.435+0000] {dag.py:3954} INFO - Setting next_dagrun for dataset_produces_1 to 2025-12-26 00:00:00+00:00, run_after=2025-12-27 00:00:00+00:00
[2025-12-27T14:14:39.441+0000] {logging_mixin.py:188} INFO - [2025-12-27T14:14:39.441+0000] {dag.py:3954} INFO - Setting next_dagrun for dataset_produces_2 to None, run_after=None
[2025-12-27T14:14:39.723+0000] {processor.py:183} INFO - Processing /home/airflow/.local/lib/python3.12/site-packages/airflow/example_dags/example_datasets.py took 5.794 seconds
[2025-12-27T14:15:22.424+0000] {processor.py:161} INFO - Started process (PID=150) to work on /home/airflow/.local/lib/python3.12/site-packages/airflow/example_dags/example_datasets.py
[2025-12-27T14:15:22.428+0000] {processor.py:830} INFO - Processing file /home/airflow/.local/lib/python3.12/site-packages/airflow/example_dags/example_datasets.py for tasks to queue
[2025-12-27T14:15:22.436+0000] {logging_mixin.py:188} INFO - [2025-12-27T14:15:22.435+0000] {dagbag.py:540} INFO - Filling up the DagBag from /home/airflow/.local/lib/python3.12/site-packages/airflow/example_dags/example_datasets.py
[2025-12-27T14:15:22.496+0000] {processor.py:840} INFO - DAG(s) 'conditional_dataset_and_time_based_timetable', 'dataset_produces_1', 'consume_1_and_2_with_dataset_expressions', 'consume_1_or_both_2_and_3_with_dataset_expressions', 'dataset_produces_2', 'consume_1_or_2_with_dataset_expressions', 'dataset_consumes_1_never_scheduled', 'dataset_consumes_1', 'dataset_consumes_unknown_never_scheduled', 'dataset_consumes_1_and_2' retrieved from /home/airflow/.local/lib/python3.12/site-packages/airflow/example_dags/example_datasets.py
[2025-12-27T14:15:22.662+0000] {logging_mixin.py:188} INFO - [2025-12-27T14:15:22.661+0000] {dag.py:3096} INFO - Sync 10 DAGs
[2025-12-27T14:15:22.741+0000] {logging_mixin.py:188} INFO - [2025-12-27T14:15:22.741+0000] {dag.py:3954} INFO - Setting next_dagrun for conditional_dataset_and_time_based_timetable to 2025-12-24 01:00:00+00:00, run_after=2025-12-24 01:00:00+00:00
[2025-12-27T14:15:22.756+0000] {logging_mixin.py:188} INFO - [2025-12-27T14:15:22.755+0000] {dag.py:3954} INFO - Setting next_dagrun for consume_1_and_2_with_dataset_expressions to None, run_after=None
[2025-12-27T14:15:22.760+0000] {logging_mixin.py:188} INFO - [2025-12-27T14:15:22.759+0000] {dag.py:3954} INFO - Setting next_dagrun for consume_1_or_2_with_dataset_expressions to None, run_after=None
[2025-12-27T14:15:22.764+0000] {logging_mixin.py:188} INFO - [2025-12-27T14:15:22.763+0000] {dag.py:3954} INFO - Setting next_dagrun for consume_1_or_both_2_and_3_with_dataset_expressions to None, run_after=None
[2025-12-27T14:15:22.769+0000] {logging_mixin.py:188} INFO - [2025-12-27T14:15:22.769+0000] {dag.py:3954} INFO - Setting next_dagrun for dataset_consumes_1 to None, run_after=None
[2025-12-27T14:15:22.773+0000] {logging_mixin.py:188} INFO - [2025-12-27T14:15:22.773+0000] {dag.py:3954} INFO - Setting next_dagrun for dataset_consumes_1_and_2 to None, run_after=None
[2025-12-27T14:15:22.778+0000] {logging_mixin.py:188} INFO - [2025-12-27T14:15:22.778+0000] {dag.py:3954} INFO - Setting next_dagrun for dataset_consumes_1_never_scheduled to None, run_after=None
[2025-12-27T14:15:22.784+0000] {logging_mixin.py:188} INFO - [2025-12-27T14:15:22.783+0000] {dag.py:3954} INFO - Setting next_dagrun for dataset_consumes_unknown_never_scheduled to None, run_after=None
[2025-12-27T14:15:22.794+0000] {logging_mixin.py:188} INFO - [2025-12-27T14:15:22.793+0000] {dag.py:3954} INFO - Setting next_dagrun for dataset_produces_1 to 2025-12-26 00:00:00+00:00, run_after=2025-12-27 00:00:00+00:00
[2025-12-27T14:15:22.799+0000] {logging_mixin.py:188} INFO - [2025-12-27T14:15:22.798+0000] {dag.py:3954} INFO - Setting next_dagrun for dataset_produces_2 to None, run_after=None
[2025-12-27T14:15:22.922+0000] {processor.py:183} INFO - Processing /home/airflow/.local/lib/python3.12/site-packages/airflow/example_dags/example_datasets.py took 0.524 seconds
[2025-12-27T14:15:53.107+0000] {processor.py:161} INFO - Started process (PID=207) to work on /home/airflow/.local/lib/python3.12/site-packages/airflow/example_dags/example_datasets.py
[2025-12-27T14:15:53.113+0000] {processor.py:830} INFO - Processing file /home/airflow/.local/lib/python3.12/site-packages/airflow/example_dags/example_datasets.py for tasks to queue
[2025-12-27T14:15:53.120+0000] {logging_mixin.py:188} INFO - [2025-12-27T14:15:53.119+0000] {dagbag.py:540} INFO - Filling up the DagBag from /home/airflow/.local/lib/python3.12/site-packages/airflow/example_dags/example_datasets.py
[2025-12-27T14:15:53.167+0000] {processor.py:840} INFO - DAG(s) 'dataset_consumes_1_and_2', 'dataset_consumes_1', 'dataset_produces_2', 'consume_1_or_both_2_and_3_with_dataset_expressions', 'conditional_dataset_and_time_based_timetable', 'consume_1_and_2_with_dataset_expressions', 'dataset_produces_1', 'dataset_consumes_1_never_scheduled', 'consume_1_or_2_with_dataset_expressions', 'dataset_consumes_unknown_never_scheduled' retrieved from /home/airflow/.local/lib/python3.12/site-packages/airflow/example_dags/example_datasets.py
[2025-12-27T14:15:53.342+0000] {logging_mixin.py:188} INFO - [2025-12-27T14:15:53.341+0000] {dag.py:3096} INFO - Sync 10 DAGs
[2025-12-27T14:15:53.416+0000] {logging_mixin.py:188} INFO - [2025-12-27T14:15:53.416+0000] {dag.py:3954} INFO - Setting next_dagrun for conditional_dataset_and_time_based_timetable to 2025-12-24 01:00:00+00:00, run_after=2025-12-24 01:00:00+00:00
[2025-12-27T14:15:53.428+0000] {logging_mixin.py:188} INFO - [2025-12-27T14:15:53.428+0000] {dag.py:3954} INFO - Setting next_dagrun for consume_1_and_2_with_dataset_expressions to None, run_after=None
[2025-12-27T14:15:53.434+0000] {logging_mixin.py:188} INFO - [2025-12-27T14:15:53.433+0000] {dag.py:3954} INFO - Setting next_dagrun for consume_1_or_2_with_dataset_expressions to None, run_after=None
[2025-12-27T14:15:53.440+0000] {logging_mixin.py:188} INFO - [2025-12-27T14:15:53.440+0000] {dag.py:3954} INFO - Setting next_dagrun for consume_1_or_both_2_and_3_with_dataset_expressions to None, run_after=None
[2025-12-27T14:15:53.445+0000] {logging_mixin.py:188} INFO - [2025-12-27T14:15:53.445+0000] {dag.py:3954} INFO - Setting next_dagrun for dataset_consumes_1 to None, run_after=None
[2025-12-27T14:15:53.450+0000] {logging_mixin.py:188} INFO - [2025-12-27T14:15:53.450+0000] {dag.py:3954} INFO - Setting next_dagrun for dataset_consumes_1_and_2 to None, run_after=None
[2025-12-27T14:15:53.455+0000] {logging_mixin.py:188} INFO - [2025-12-27T14:15:53.454+0000] {dag.py:3954} INFO - Setting next_dagrun for dataset_consumes_1_never_scheduled to None, run_after=None
[2025-12-27T14:15:53.461+0000] {logging_mixin.py:188} INFO - [2025-12-27T14:15:53.460+0000] {dag.py:3954} INFO - Setting next_dagrun for dataset_consumes_unknown_never_scheduled to None, run_after=None
[2025-12-27T14:15:53.470+0000] {logging_mixin.py:188} INFO - [2025-12-27T14:15:53.469+0000] {dag.py:3954} INFO - Setting next_dagrun for dataset_produces_1 to 2025-12-26 00:00:00+00:00, run_after=2025-12-27 00:00:00+00:00
[2025-12-27T14:15:53.476+0000] {logging_mixin.py:188} INFO - [2025-12-27T14:15:53.475+0000] {dag.py:3954} INFO - Setting next_dagrun for dataset_produces_2 to None, run_after=None
[2025-12-27T14:15:53.586+0000] {processor.py:183} INFO - Processing /home/airflow/.local/lib/python3.12/site-packages/airflow/example_dags/example_datasets.py took 0.508 seconds
[2025-12-27T14:16:24.880+0000] {processor.py:161} INFO - Started process (PID=265) to work on /home/airflow/.local/lib/python3.12/site-packages/airflow/example_dags/example_datasets.py
[2025-12-27T14:16:24.890+0000] {processor.py:830} INFO - Processing file /home/airflow/.local/lib/python3.12/site-packages/airflow/example_dags/example_datasets.py for tasks to queue
[2025-12-27T14:16:24.899+0000] {logging_mixin.py:188} INFO - [2025-12-27T14:16:24.896+0000] {dagbag.py:540} INFO - Filling up the DagBag from /home/airflow/.local/lib/python3.12/site-packages/airflow/example_dags/example_datasets.py
[2025-12-27T14:16:24.981+0000] {processor.py:840} INFO - DAG(s) 'dataset_consumes_1_never_scheduled', 'dataset_produces_1', 'dataset_consumes_unknown_never_scheduled', 'consume_1_and_2_with_dataset_expressions', 'conditional_dataset_and_time_based_timetable', 'consume_1_or_2_with_dataset_expressions', 'dataset_consumes_1_and_2', 'dataset_produces_2', 'consume_1_or_both_2_and_3_with_dataset_expressions', 'dataset_consumes_1' retrieved from /home/airflow/.local/lib/python3.12/site-packages/airflow/example_dags/example_datasets.py
[2025-12-27T14:16:25.398+0000] {logging_mixin.py:188} INFO - [2025-12-27T14:16:25.397+0000] {dag.py:3096} INFO - Sync 10 DAGs
[2025-12-27T14:16:25.601+0000] {logging_mixin.py:188} INFO - [2025-12-27T14:16:25.600+0000] {dag.py:3954} INFO - Setting next_dagrun for conditional_dataset_and_time_based_timetable to 2025-12-24 01:00:00+00:00, run_after=2025-12-24 01:00:00+00:00
[2025-12-27T14:16:25.628+0000] {logging_mixin.py:188} INFO - [2025-12-27T14:16:25.628+0000] {dag.py:3954} INFO - Setting next_dagrun for consume_1_and_2_with_dataset_expressions to None, run_after=None
[2025-12-27T14:16:25.636+0000] {logging_mixin.py:188} INFO - [2025-12-27T14:16:25.636+0000] {dag.py:3954} INFO - Setting next_dagrun for consume_1_or_2_with_dataset_expressions to None, run_after=None
[2025-12-27T14:16:25.642+0000] {logging_mixin.py:188} INFO - [2025-12-27T14:16:25.642+0000] {dag.py:3954} INFO - Setting next_dagrun for consume_1_or_both_2_and_3_with_dataset_expressions to None, run_after=None
[2025-12-27T14:16:25.650+0000] {logging_mixin.py:188} INFO - [2025-12-27T14:16:25.649+0000] {dag.py:3954} INFO - Setting next_dagrun for dataset_consumes_1 to None, run_after=None
[2025-12-27T14:16:25.655+0000] {logging_mixin.py:188} INFO - [2025-12-27T14:16:25.654+0000] {dag.py:3954} INFO - Setting next_dagrun for dataset_consumes_1_and_2 to None, run_after=None
[2025-12-27T14:16:25.661+0000] {logging_mixin.py:188} INFO - [2025-12-27T14:16:25.660+0000] {dag.py:3954} INFO - Setting next_dagrun for dataset_consumes_1_never_scheduled to None, run_after=None
[2025-12-27T14:16:25.666+0000] {logging_mixin.py:188} INFO - [2025-12-27T14:16:25.665+0000] {dag.py:3954} INFO - Setting next_dagrun for dataset_consumes_unknown_never_scheduled to None, run_after=None
[2025-12-27T14:16:25.680+0000] {logging_mixin.py:188} INFO - [2025-12-27T14:16:25.680+0000] {dag.py:3954} INFO - Setting next_dagrun for dataset_produces_1 to 2025-12-26 00:00:00+00:00, run_after=2025-12-27 00:00:00+00:00
[2025-12-27T14:16:25.687+0000] {logging_mixin.py:188} INFO - [2025-12-27T14:16:25.687+0000] {dag.py:3954} INFO - Setting next_dagrun for dataset_produces_2 to None, run_after=None
[2025-12-27T14:16:25.922+0000] {processor.py:183} INFO - Processing /home/airflow/.local/lib/python3.12/site-packages/airflow/example_dags/example_datasets.py took 1.077 seconds
[2025-12-27T14:16:56.635+0000] {processor.py:161} INFO - Started process (PID=323) to work on /home/airflow/.local/lib/python3.12/site-packages/airflow/example_dags/example_datasets.py
[2025-12-27T14:16:56.649+0000] {processor.py:830} INFO - Processing file /home/airflow/.local/lib/python3.12/site-packages/airflow/example_dags/example_datasets.py for tasks to queue
[2025-12-27T14:16:56.663+0000] {logging_mixin.py:188} INFO - [2025-12-27T14:16:56.661+0000] {dagbag.py:540} INFO - Filling up the DagBag from /home/airflow/.local/lib/python3.12/site-packages/airflow/example_dags/example_datasets.py
[2025-12-27T14:16:56.794+0000] {processor.py:840} INFO - DAG(s) 'dataset_produces_1', 'dataset_consumes_unknown_never_scheduled', 'consume_1_or_both_2_and_3_with_dataset_expressions', 'dataset_consumes_1_never_scheduled', 'consume_1_and_2_with_dataset_expressions', 'dataset_produces_2', 'conditional_dataset_and_time_based_timetable', 'consume_1_or_2_with_dataset_expressions', 'dataset_consumes_1', 'dataset_consumes_1_and_2' retrieved from /home/airflow/.local/lib/python3.12/site-packages/airflow/example_dags/example_datasets.py
[2025-12-27T14:16:57.214+0000] {logging_mixin.py:188} INFO - [2025-12-27T14:16:57.213+0000] {dag.py:3096} INFO - Sync 10 DAGs
[2025-12-27T14:16:57.393+0000] {logging_mixin.py:188} INFO - [2025-12-27T14:16:57.392+0000] {dag.py:3954} INFO - Setting next_dagrun for conditional_dataset_and_time_based_timetable to 2025-12-24 01:00:00+00:00, run_after=2025-12-24 01:00:00+00:00
[2025-12-27T14:16:57.408+0000] {logging_mixin.py:188} INFO - [2025-12-27T14:16:57.408+0000] {dag.py:3954} INFO - Setting next_dagrun for consume_1_and_2_with_dataset_expressions to None, run_after=None
[2025-12-27T14:16:57.414+0000] {logging_mixin.py:188} INFO - [2025-12-27T14:16:57.413+0000] {dag.py:3954} INFO - Setting next_dagrun for consume_1_or_2_with_dataset_expressions to None, run_after=None
[2025-12-27T14:16:57.419+0000] {logging_mixin.py:188} INFO - [2025-12-27T14:16:57.418+0000] {dag.py:3954} INFO - Setting next_dagrun for consume_1_or_both_2_and_3_with_dataset_expressions to None, run_after=None
[2025-12-27T14:16:57.424+0000] {logging_mixin.py:188} INFO - [2025-12-27T14:16:57.423+0000] {dag.py:3954} INFO - Setting next_dagrun for dataset_consumes_1 to None, run_after=None
[2025-12-27T14:16:57.430+0000] {logging_mixin.py:188} INFO - [2025-12-27T14:16:57.429+0000] {dag.py:3954} INFO - Setting next_dagrun for dataset_consumes_1_and_2 to None, run_after=None
[2025-12-27T14:16:57.435+0000] {logging_mixin.py:188} INFO - [2025-12-27T14:16:57.435+0000] {dag.py:3954} INFO - Setting next_dagrun for dataset_consumes_1_never_scheduled to None, run_after=None
[2025-12-27T14:16:57.440+0000] {logging_mixin.py:188} INFO - [2025-12-27T14:16:57.439+0000] {dag.py:3954} INFO - Setting next_dagrun for dataset_consumes_unknown_never_scheduled to None, run_after=None
[2025-12-27T14:16:57.453+0000] {logging_mixin.py:188} INFO - [2025-12-27T14:16:57.452+0000] {dag.py:3954} INFO - Setting next_dagrun for dataset_produces_1 to 2025-12-26 00:00:00+00:00, run_after=2025-12-27 00:00:00+00:00
[2025-12-27T14:16:57.460+0000] {logging_mixin.py:188} INFO - [2025-12-27T14:16:57.459+0000] {dag.py:3954} INFO - Setting next_dagrun for dataset_produces_2 to None, run_after=None
[2025-12-27T14:16:57.586+0000] {processor.py:183} INFO - Processing /home/airflow/.local/lib/python3.12/site-packages/airflow/example_dags/example_datasets.py took 0.994 seconds
[2025-12-27T14:17:43.433+0000] {processor.py:161} INFO - Started process (PID=371) to work on /home/airflow/.local/lib/python3.12/site-packages/airflow/example_dags/example_datasets.py
[2025-12-27T14:17:43.439+0000] {processor.py:830} INFO - Processing file /home/airflow/.local/lib/python3.12/site-packages/airflow/example_dags/example_datasets.py for tasks to queue
[2025-12-27T14:17:43.464+0000] {logging_mixin.py:188} INFO - [2025-12-27T14:17:43.461+0000] {dagbag.py:540} INFO - Filling up the DagBag from /home/airflow/.local/lib/python3.12/site-packages/airflow/example_dags/example_datasets.py
[2025-12-27T14:17:43.872+0000] {processor.py:840} INFO - DAG(s) 'conditional_dataset_and_time_based_timetable', 'dataset_consumes_unknown_never_scheduled', 'dataset_produces_1', 'consume_1_and_2_with_dataset_expressions', 'dataset_consumes_1', 'consume_1_or_both_2_and_3_with_dataset_expressions', 'consume_1_or_2_with_dataset_expressions', 'dataset_consumes_1_never_scheduled', 'dataset_consumes_1_and_2', 'dataset_produces_2' retrieved from /home/airflow/.local/lib/python3.12/site-packages/airflow/example_dags/example_datasets.py
[2025-12-27T14:17:44.422+0000] {logging_mixin.py:188} INFO - [2025-12-27T14:17:44.421+0000] {dag.py:3096} INFO - Sync 10 DAGs
[2025-12-27T14:17:44.921+0000] {logging_mixin.py:188} INFO - [2025-12-27T14:17:44.920+0000] {dag.py:3954} INFO - Setting next_dagrun for conditional_dataset_and_time_based_timetable to 2025-12-24 01:00:00+00:00, run_after=2025-12-24 01:00:00+00:00
[2025-12-27T14:17:44.994+0000] {logging_mixin.py:188} INFO - [2025-12-27T14:17:44.993+0000] {dag.py:3954} INFO - Setting next_dagrun for consume_1_and_2_with_dataset_expressions to None, run_after=None
[2025-12-27T14:17:45.012+0000] {logging_mixin.py:188} INFO - [2025-12-27T14:17:45.011+0000] {dag.py:3954} INFO - Setting next_dagrun for consume_1_or_2_with_dataset_expressions to None, run_after=None
[2025-12-27T14:17:45.024+0000] {logging_mixin.py:188} INFO - [2025-12-27T14:17:45.023+0000] {dag.py:3954} INFO - Setting next_dagrun for consume_1_or_both_2_and_3_with_dataset_expressions to None, run_after=None
[2025-12-27T14:17:45.035+0000] {logging_mixin.py:188} INFO - [2025-12-27T14:17:45.034+0000] {dag.py:3954} INFO - Setting next_dagrun for dataset_consumes_1 to None, run_after=None
[2025-12-27T14:17:45.041+0000] {logging_mixin.py:188} INFO - [2025-12-27T14:17:45.041+0000] {dag.py:3954} INFO - Setting next_dagrun for dataset_consumes_1_and_2 to None, run_after=None
[2025-12-27T14:17:45.053+0000] {logging_mixin.py:188} INFO - [2025-12-27T14:17:45.047+0000] {dag.py:3954} INFO - Setting next_dagrun for dataset_consumes_1_never_scheduled to None, run_after=None
[2025-12-27T14:17:45.061+0000] {logging_mixin.py:188} INFO - [2025-12-27T14:17:45.059+0000] {dag.py:3954} INFO - Setting next_dagrun for dataset_consumes_unknown_never_scheduled to None, run_after=None
[2025-12-27T14:17:45.139+0000] {logging_mixin.py:188} INFO - [2025-12-27T14:17:45.137+0000] {dag.py:3954} INFO - Setting next_dagrun for dataset_produces_1 to 2025-12-26 00:00:00+00:00, run_after=2025-12-27 00:00:00+00:00
[2025-12-27T14:17:45.145+0000] {logging_mixin.py:188} INFO - [2025-12-27T14:17:45.144+0000] {dag.py:3954} INFO - Setting next_dagrun for dataset_produces_2 to None, run_after=None
[2025-12-27T14:17:46.294+0000] {processor.py:183} INFO - Processing /home/airflow/.local/lib/python3.12/site-packages/airflow/example_dags/example_datasets.py took 2.893 seconds
[2025-12-27T14:18:29.297+0000] {processor.py:161} INFO - Started process (PID=432) to work on /home/airflow/.local/lib/python3.12/site-packages/airflow/example_dags/example_datasets.py
[2025-12-27T14:18:29.301+0000] {processor.py:830} INFO - Processing file /home/airflow/.local/lib/python3.12/site-packages/airflow/example_dags/example_datasets.py for tasks to queue
[2025-12-27T14:18:29.309+0000] {logging_mixin.py:188} INFO - [2025-12-27T14:18:29.307+0000] {dagbag.py:540} INFO - Filling up the DagBag from /home/airflow/.local/lib/python3.12/site-packages/airflow/example_dags/example_datasets.py
[2025-12-27T14:18:29.529+0000] {processor.py:840} INFO - DAG(s) 'dataset_consumes_1', 'dataset_consumes_unknown_never_scheduled', 'dataset_consumes_1_never_scheduled', 'consume_1_or_both_2_and_3_with_dataset_expressions', 'conditional_dataset_and_time_based_timetable', 'dataset_consumes_1_and_2', 'consume_1_and_2_with_dataset_expressions', 'consume_1_or_2_with_dataset_expressions', 'dataset_produces_2', 'dataset_produces_1' retrieved from /home/airflow/.local/lib/python3.12/site-packages/airflow/example_dags/example_datasets.py
[2025-12-27T14:18:29.847+0000] {logging_mixin.py:188} INFO - [2025-12-27T14:18:29.846+0000] {dag.py:3096} INFO - Sync 10 DAGs
[2025-12-27T14:18:30.024+0000] {logging_mixin.py:188} INFO - [2025-12-27T14:18:30.022+0000] {dag.py:3954} INFO - Setting next_dagrun for conditional_dataset_and_time_based_timetable to 2025-12-24 01:00:00+00:00, run_after=2025-12-24 01:00:00+00:00
[2025-12-27T14:18:30.057+0000] {logging_mixin.py:188} INFO - [2025-12-27T14:18:30.057+0000] {dag.py:3954} INFO - Setting next_dagrun for consume_1_and_2_with_dataset_expressions to None, run_after=None
[2025-12-27T14:18:30.067+0000] {logging_mixin.py:188} INFO - [2025-12-27T14:18:30.066+0000] {dag.py:3954} INFO - Setting next_dagrun for consume_1_or_2_with_dataset_expressions to None, run_after=None
[2025-12-27T14:18:30.073+0000] {logging_mixin.py:188} INFO - [2025-12-27T14:18:30.072+0000] {dag.py:3954} INFO - Setting next_dagrun for consume_1_or_both_2_and_3_with_dataset_expressions to None, run_after=None
[2025-12-27T14:18:30.081+0000] {logging_mixin.py:188} INFO - [2025-12-27T14:18:30.080+0000] {dag.py:3954} INFO - Setting next_dagrun for dataset_consumes_1 to None, run_after=None
[2025-12-27T14:18:30.099+0000] {logging_mixin.py:188} INFO - [2025-12-27T14:18:30.099+0000] {dag.py:3954} INFO - Setting next_dagrun for dataset_consumes_1_and_2 to None, run_after=None
[2025-12-27T14:18:30.112+0000] {logging_mixin.py:188} INFO - [2025-12-27T14:18:30.111+0000] {dag.py:3954} INFO - Setting next_dagrun for dataset_consumes_1_never_scheduled to None, run_after=None
[2025-12-27T14:18:30.126+0000] {logging_mixin.py:188} INFO - [2025-12-27T14:18:30.125+0000] {dag.py:3954} INFO - Setting next_dagrun for dataset_consumes_unknown_never_scheduled to None, run_after=None
[2025-12-27T14:18:30.147+0000] {logging_mixin.py:188} INFO - [2025-12-27T14:18:30.146+0000] {dag.py:3954} INFO - Setting next_dagrun for dataset_produces_1 to 2025-12-26 00:00:00+00:00, run_after=2025-12-27 00:00:00+00:00
[2025-12-27T14:18:30.163+0000] {logging_mixin.py:188} INFO - [2025-12-27T14:18:30.162+0000] {dag.py:3954} INFO - Setting next_dagrun for dataset_produces_2 to None, run_after=None
[2025-12-27T14:18:30.416+0000] {processor.py:183} INFO - Processing /home/airflow/.local/lib/python3.12/site-packages/airflow/example_dags/example_datasets.py took 1.142 seconds
[2025-12-27T14:19:01.876+0000] {processor.py:161} INFO - Started process (PID=490) to work on /home/airflow/.local/lib/python3.12/site-packages/airflow/example_dags/example_datasets.py
[2025-12-27T14:19:01.879+0000] {processor.py:830} INFO - Processing file /home/airflow/.local/lib/python3.12/site-packages/airflow/example_dags/example_datasets.py for tasks to queue
[2025-12-27T14:19:01.885+0000] {logging_mixin.py:188} INFO - [2025-12-27T14:19:01.884+0000] {dagbag.py:540} INFO - Filling up the DagBag from /home/airflow/.local/lib/python3.12/site-packages/airflow/example_dags/example_datasets.py
[2025-12-27T14:19:01.946+0000] {processor.py:840} INFO - DAG(s) 'dataset_produces_2', 'dataset_consumes_1', 'consume_1_or_both_2_and_3_with_dataset_expressions', 'consume_1_and_2_with_dataset_expressions', 'consume_1_or_2_with_dataset_expressions', 'dataset_consumes_unknown_never_scheduled', 'conditional_dataset_and_time_based_timetable', 'dataset_produces_1', 'dataset_consumes_1_and_2', 'dataset_consumes_1_never_scheduled' retrieved from /home/airflow/.local/lib/python3.12/site-packages/airflow/example_dags/example_datasets.py
[2025-12-27T14:19:02.127+0000] {logging_mixin.py:188} INFO - [2025-12-27T14:19:02.126+0000] {dag.py:3096} INFO - Sync 10 DAGs
[2025-12-27T14:19:02.229+0000] {logging_mixin.py:188} INFO - [2025-12-27T14:19:02.228+0000] {dag.py:3954} INFO - Setting next_dagrun for conditional_dataset_and_time_based_timetable to 2025-12-24 01:00:00+00:00, run_after=2025-12-24 01:00:00+00:00
[2025-12-27T14:19:02.241+0000] {logging_mixin.py:188} INFO - [2025-12-27T14:19:02.240+0000] {dag.py:3954} INFO - Setting next_dagrun for consume_1_and_2_with_dataset_expressions to None, run_after=None
[2025-12-27T14:19:02.247+0000] {logging_mixin.py:188} INFO - [2025-12-27T14:19:02.246+0000] {dag.py:3954} INFO - Setting next_dagrun for consume_1_or_2_with_dataset_expressions to None, run_after=None
[2025-12-27T14:19:02.252+0000] {logging_mixin.py:188} INFO - [2025-12-27T14:19:02.251+0000] {dag.py:3954} INFO - Setting next_dagrun for consume_1_or_both_2_and_3_with_dataset_expressions to None, run_after=None
[2025-12-27T14:19:02.256+0000] {logging_mixin.py:188} INFO - [2025-12-27T14:19:02.255+0000] {dag.py:3954} INFO - Setting next_dagrun for dataset_consumes_1 to None, run_after=None
[2025-12-27T14:19:02.260+0000] {logging_mixin.py:188} INFO - [2025-12-27T14:19:02.259+0000] {dag.py:3954} INFO - Setting next_dagrun for dataset_consumes_1_and_2 to None, run_after=None
[2025-12-27T14:19:02.265+0000] {logging_mixin.py:188} INFO - [2025-12-27T14:19:02.264+0000] {dag.py:3954} INFO - Setting next_dagrun for dataset_consumes_1_never_scheduled to None, run_after=None
[2025-12-27T14:19:02.271+0000] {logging_mixin.py:188} INFO - [2025-12-27T14:19:02.270+0000] {dag.py:3954} INFO - Setting next_dagrun for dataset_consumes_unknown_never_scheduled to None, run_after=None
[2025-12-27T14:19:02.281+0000] {logging_mixin.py:188} INFO - [2025-12-27T14:19:02.280+0000] {dag.py:3954} INFO - Setting next_dagrun for dataset_produces_1 to 2025-12-26 00:00:00+00:00, run_after=2025-12-27 00:00:00+00:00
[2025-12-27T14:19:02.285+0000] {logging_mixin.py:188} INFO - [2025-12-27T14:19:02.284+0000] {dag.py:3954} INFO - Setting next_dagrun for dataset_produces_2 to None, run_after=None
[2025-12-27T14:19:02.417+0000] {processor.py:183} INFO - Processing /home/airflow/.local/lib/python3.12/site-packages/airflow/example_dags/example_datasets.py took 0.563 seconds
[2025-12-27T14:19:34.851+0000] {processor.py:161} INFO - Started process (PID=548) to work on /home/airflow/.local/lib/python3.12/site-packages/airflow/example_dags/example_datasets.py
[2025-12-27T14:19:34.857+0000] {processor.py:830} INFO - Processing file /home/airflow/.local/lib/python3.12/site-packages/airflow/example_dags/example_datasets.py for tasks to queue
[2025-12-27T14:19:34.868+0000] {logging_mixin.py:188} INFO - [2025-12-27T14:19:34.866+0000] {dagbag.py:540} INFO - Filling up the DagBag from /home/airflow/.local/lib/python3.12/site-packages/airflow/example_dags/example_datasets.py
[2025-12-27T14:19:34.933+0000] {processor.py:840} INFO - DAG(s) 'consume_1_or_both_2_and_3_with_dataset_expressions', 'conditional_dataset_and_time_based_timetable', 'consume_1_and_2_with_dataset_expressions', 'dataset_consumes_unknown_never_scheduled', 'dataset_produces_2', 'consume_1_or_2_with_dataset_expressions', 'dataset_consumes_1', 'dataset_consumes_1_and_2', 'dataset_produces_1', 'dataset_consumes_1_never_scheduled' retrieved from /home/airflow/.local/lib/python3.12/site-packages/airflow/example_dags/example_datasets.py
[2025-12-27T14:19:35.076+0000] {logging_mixin.py:188} INFO - [2025-12-27T14:19:35.076+0000] {dag.py:3096} INFO - Sync 10 DAGs
[2025-12-27T14:19:35.147+0000] {logging_mixin.py:188} INFO - [2025-12-27T14:19:35.147+0000] {dag.py:3954} INFO - Setting next_dagrun for conditional_dataset_and_time_based_timetable to 2025-12-24 01:00:00+00:00, run_after=2025-12-24 01:00:00+00:00
[2025-12-27T14:19:35.159+0000] {logging_mixin.py:188} INFO - [2025-12-27T14:19:35.158+0000] {dag.py:3954} INFO - Setting next_dagrun for consume_1_and_2_with_dataset_expressions to None, run_after=None
[2025-12-27T14:19:35.163+0000] {logging_mixin.py:188} INFO - [2025-12-27T14:19:35.163+0000] {dag.py:3954} INFO - Setting next_dagrun for consume_1_or_2_with_dataset_expressions to None, run_after=None
[2025-12-27T14:19:35.168+0000] {logging_mixin.py:188} INFO - [2025-12-27T14:19:35.167+0000] {dag.py:3954} INFO - Setting next_dagrun for consume_1_or_both_2_and_3_with_dataset_expressions to None, run_after=None
[2025-12-27T14:19:35.172+0000] {logging_mixin.py:188} INFO - [2025-12-27T14:19:35.171+0000] {dag.py:3954} INFO - Setting next_dagrun for dataset_consumes_1 to None, run_after=None
[2025-12-27T14:19:35.176+0000] {logging_mixin.py:188} INFO - [2025-12-27T14:19:35.176+0000] {dag.py:3954} INFO - Setting next_dagrun for dataset_consumes_1_and_2 to None, run_after=None
[2025-12-27T14:19:35.179+0000] {logging_mixin.py:188} INFO - [2025-12-27T14:19:35.179+0000] {dag.py:3954} INFO - Setting next_dagrun for dataset_consumes_1_never_scheduled to None, run_after=None
[2025-12-27T14:19:35.182+0000] {logging_mixin.py:188} INFO - [2025-12-27T14:19:35.182+0000] {dag.py:3954} INFO - Setting next_dagrun for dataset_consumes_unknown_never_scheduled to None, run_after=None
[2025-12-27T14:19:35.190+0000] {logging_mixin.py:188} INFO - [2025-12-27T14:19:35.190+0000] {dag.py:3954} INFO - Setting next_dagrun for dataset_produces_1 to 2025-12-26 00:00:00+00:00, run_after=2025-12-27 00:00:00+00:00
[2025-12-27T14:19:35.199+0000] {logging_mixin.py:188} INFO - [2025-12-27T14:19:35.198+0000] {dag.py:3954} INFO - Setting next_dagrun for dataset_produces_2 to None, run_after=None
[2025-12-27T14:19:35.527+0000] {processor.py:183} INFO - Processing /home/airflow/.local/lib/python3.12/site-packages/airflow/example_dags/example_datasets.py took 0.696 seconds
[2025-12-27T14:20:06.992+0000] {processor.py:161} INFO - Started process (PID=606) to work on /home/airflow/.local/lib/python3.12/site-packages/airflow/example_dags/example_datasets.py
[2025-12-27T14:20:07.066+0000] {processor.py:830} INFO - Processing file /home/airflow/.local/lib/python3.12/site-packages/airflow/example_dags/example_datasets.py for tasks to queue
[2025-12-27T14:20:07.084+0000] {logging_mixin.py:188} INFO - [2025-12-27T14:20:07.077+0000] {dagbag.py:540} INFO - Filling up the DagBag from /home/airflow/.local/lib/python3.12/site-packages/airflow/example_dags/example_datasets.py
[2025-12-27T14:20:07.199+0000] {processor.py:840} INFO - DAG(s) 'conditional_dataset_and_time_based_timetable', 'dataset_produces_2', 'consume_1_or_2_with_dataset_expressions', 'dataset_consumes_1', 'consume_1_or_both_2_and_3_with_dataset_expressions', 'dataset_consumes_unknown_never_scheduled', 'dataset_produces_1', 'consume_1_and_2_with_dataset_expressions', 'dataset_consumes_1_and_2', 'dataset_consumes_1_never_scheduled' retrieved from /home/airflow/.local/lib/python3.12/site-packages/airflow/example_dags/example_datasets.py
[2025-12-27T14:20:07.360+0000] {logging_mixin.py:188} INFO - [2025-12-27T14:20:07.359+0000] {dag.py:3096} INFO - Sync 10 DAGs
[2025-12-27T14:20:07.524+0000] {logging_mixin.py:188} INFO - [2025-12-27T14:20:07.523+0000] {dag.py:3954} INFO - Setting next_dagrun for conditional_dataset_and_time_based_timetable to 2025-12-24 01:00:00+00:00, run_after=2025-12-24 01:00:00+00:00
[2025-12-27T14:20:07.545+0000] {logging_mixin.py:188} INFO - [2025-12-27T14:20:07.544+0000] {dag.py:3954} INFO - Setting next_dagrun for consume_1_and_2_with_dataset_expressions to None, run_after=None
[2025-12-27T14:20:07.552+0000] {logging_mixin.py:188} INFO - [2025-12-27T14:20:07.551+0000] {dag.py:3954} INFO - Setting next_dagrun for consume_1_or_2_with_dataset_expressions to None, run_after=None
[2025-12-27T14:20:07.557+0000] {logging_mixin.py:188} INFO - [2025-12-27T14:20:07.556+0000] {dag.py:3954} INFO - Setting next_dagrun for consume_1_or_both_2_and_3_with_dataset_expressions to None, run_after=None
[2025-12-27T14:20:07.564+0000] {logging_mixin.py:188} INFO - [2025-12-27T14:20:07.564+0000] {dag.py:3954} INFO - Setting next_dagrun for dataset_consumes_1 to None, run_after=None
[2025-12-27T14:20:07.569+0000] {logging_mixin.py:188} INFO - [2025-12-27T14:20:07.568+0000] {dag.py:3954} INFO - Setting next_dagrun for dataset_consumes_1_and_2 to None, run_after=None
[2025-12-27T14:20:07.573+0000] {logging_mixin.py:188} INFO - [2025-12-27T14:20:07.573+0000] {dag.py:3954} INFO - Setting next_dagrun for dataset_consumes_1_never_scheduled to None, run_after=None
[2025-12-27T14:20:07.579+0000] {logging_mixin.py:188} INFO - [2025-12-27T14:20:07.578+0000] {dag.py:3954} INFO - Setting next_dagrun for dataset_consumes_unknown_never_scheduled to None, run_after=None
[2025-12-27T14:20:07.588+0000] {logging_mixin.py:188} INFO - [2025-12-27T14:20:07.587+0000] {dag.py:3954} INFO - Setting next_dagrun for dataset_produces_1 to 2025-12-26 00:00:00+00:00, run_after=2025-12-27 00:00:00+00:00
[2025-12-27T14:20:07.594+0000] {logging_mixin.py:188} INFO - [2025-12-27T14:20:07.594+0000] {dag.py:3954} INFO - Setting next_dagrun for dataset_produces_2 to None, run_after=None
[2025-12-27T14:20:07.925+0000] {processor.py:183} INFO - Processing /home/airflow/.local/lib/python3.12/site-packages/airflow/example_dags/example_datasets.py took 0.951 seconds
[2025-12-27T14:20:38.822+0000] {processor.py:161} INFO - Started process (PID=662) to work on /home/airflow/.local/lib/python3.12/site-packages/airflow/example_dags/example_datasets.py
[2025-12-27T14:20:38.825+0000] {processor.py:830} INFO - Processing file /home/airflow/.local/lib/python3.12/site-packages/airflow/example_dags/example_datasets.py for tasks to queue
[2025-12-27T14:20:38.833+0000] {logging_mixin.py:188} INFO - [2025-12-27T14:20:38.831+0000] {dagbag.py:540} INFO - Filling up the DagBag from /home/airflow/.local/lib/python3.12/site-packages/airflow/example_dags/example_datasets.py
[2025-12-27T14:20:38.886+0000] {processor.py:840} INFO - DAG(s) 'conditional_dataset_and_time_based_timetable', 'dataset_consumes_1', 'dataset_produces_2', 'consume_1_or_2_with_dataset_expressions', 'dataset_consumes_unknown_never_scheduled', 'dataset_consumes_1_and_2', 'consume_1_and_2_with_dataset_expressions', 'dataset_consumes_1_never_scheduled', 'consume_1_or_both_2_and_3_with_dataset_expressions', 'dataset_produces_1' retrieved from /home/airflow/.local/lib/python3.12/site-packages/airflow/example_dags/example_datasets.py
[2025-12-27T14:20:39.047+0000] {logging_mixin.py:188} INFO - [2025-12-27T14:20:39.046+0000] {dag.py:3096} INFO - Sync 10 DAGs
[2025-12-27T14:20:39.137+0000] {logging_mixin.py:188} INFO - [2025-12-27T14:20:39.136+0000] {dag.py:3954} INFO - Setting next_dagrun for conditional_dataset_and_time_based_timetable to 2025-12-24 01:00:00+00:00, run_after=2025-12-24 01:00:00+00:00
[2025-12-27T14:20:39.153+0000] {logging_mixin.py:188} INFO - [2025-12-27T14:20:39.152+0000] {dag.py:3954} INFO - Setting next_dagrun for consume_1_and_2_with_dataset_expressions to None, run_after=None
[2025-12-27T14:20:39.159+0000] {logging_mixin.py:188} INFO - [2025-12-27T14:20:39.158+0000] {dag.py:3954} INFO - Setting next_dagrun for consume_1_or_2_with_dataset_expressions to None, run_after=None
[2025-12-27T14:20:39.165+0000] {logging_mixin.py:188} INFO - [2025-12-27T14:20:39.164+0000] {dag.py:3954} INFO - Setting next_dagrun for consume_1_or_both_2_and_3_with_dataset_expressions to None, run_after=None
[2025-12-27T14:20:39.169+0000] {logging_mixin.py:188} INFO - [2025-12-27T14:20:39.169+0000] {dag.py:3954} INFO - Setting next_dagrun for dataset_consumes_1 to None, run_after=None
[2025-12-27T14:20:39.174+0000] {logging_mixin.py:188} INFO - [2025-12-27T14:20:39.174+0000] {dag.py:3954} INFO - Setting next_dagrun for dataset_consumes_1_and_2 to None, run_after=None
[2025-12-27T14:20:39.178+0000] {logging_mixin.py:188} INFO - [2025-12-27T14:20:39.177+0000] {dag.py:3954} INFO - Setting next_dagrun for dataset_consumes_1_never_scheduled to None, run_after=None
[2025-12-27T14:20:39.181+0000] {logging_mixin.py:188} INFO - [2025-12-27T14:20:39.180+0000] {dag.py:3954} INFO - Setting next_dagrun for dataset_consumes_unknown_never_scheduled to None, run_after=None
[2025-12-27T14:20:39.187+0000] {logging_mixin.py:188} INFO - [2025-12-27T14:20:39.186+0000] {dag.py:3954} INFO - Setting next_dagrun for dataset_produces_1 to 2025-12-26 00:00:00+00:00, run_after=2025-12-27 00:00:00+00:00
[2025-12-27T14:20:39.190+0000] {logging_mixin.py:188} INFO - [2025-12-27T14:20:39.190+0000] {dag.py:3954} INFO - Setting next_dagrun for dataset_produces_2 to None, run_after=None
[2025-12-27T14:20:39.284+0000] {processor.py:183} INFO - Processing /home/airflow/.local/lib/python3.12/site-packages/airflow/example_dags/example_datasets.py took 0.485 seconds
[2025-12-27T14:21:09.801+0000] {processor.py:161} INFO - Started process (PID=720) to work on /home/airflow/.local/lib/python3.12/site-packages/airflow/example_dags/example_datasets.py
[2025-12-27T14:21:09.808+0000] {processor.py:830} INFO - Processing file /home/airflow/.local/lib/python3.12/site-packages/airflow/example_dags/example_datasets.py for tasks to queue
[2025-12-27T14:21:09.828+0000] {logging_mixin.py:188} INFO - [2025-12-27T14:21:09.824+0000] {dagbag.py:540} INFO - Filling up the DagBag from /home/airflow/.local/lib/python3.12/site-packages/airflow/example_dags/example_datasets.py
[2025-12-27T14:21:09.938+0000] {processor.py:840} INFO - DAG(s) 'dataset_produces_2', 'dataset_produces_1', 'dataset_consumes_1_never_scheduled', 'dataset_consumes_1_and_2', 'dataset_consumes_unknown_never_scheduled', 'consume_1_or_both_2_and_3_with_dataset_expressions', 'consume_1_or_2_with_dataset_expressions', 'consume_1_and_2_with_dataset_expressions', 'conditional_dataset_and_time_based_timetable', 'dataset_consumes_1' retrieved from /home/airflow/.local/lib/python3.12/site-packages/airflow/example_dags/example_datasets.py
[2025-12-27T14:21:10.330+0000] {logging_mixin.py:188} INFO - [2025-12-27T14:21:10.329+0000] {dag.py:3096} INFO - Sync 10 DAGs
[2025-12-27T14:21:10.501+0000] {logging_mixin.py:188} INFO - [2025-12-27T14:21:10.500+0000] {dag.py:3954} INFO - Setting next_dagrun for conditional_dataset_and_time_based_timetable to 2025-12-24 01:00:00+00:00, run_after=2025-12-24 01:00:00+00:00
[2025-12-27T14:21:10.532+0000] {logging_mixin.py:188} INFO - [2025-12-27T14:21:10.531+0000] {dag.py:3954} INFO - Setting next_dagrun for consume_1_and_2_with_dataset_expressions to None, run_after=None
[2025-12-27T14:21:10.542+0000] {logging_mixin.py:188} INFO - [2025-12-27T14:21:10.540+0000] {dag.py:3954} INFO - Setting next_dagrun for consume_1_or_2_with_dataset_expressions to None, run_after=None
[2025-12-27T14:21:10.552+0000] {logging_mixin.py:188} INFO - [2025-12-27T14:21:10.551+0000] {dag.py:3954} INFO - Setting next_dagrun for consume_1_or_both_2_and_3_with_dataset_expressions to None, run_after=None
[2025-12-27T14:21:10.564+0000] {logging_mixin.py:188} INFO - [2025-12-27T14:21:10.562+0000] {dag.py:3954} INFO - Setting next_dagrun for dataset_consumes_1 to None, run_after=None
[2025-12-27T14:21:10.570+0000] {logging_mixin.py:188} INFO - [2025-12-27T14:21:10.570+0000] {dag.py:3954} INFO - Setting next_dagrun for dataset_consumes_1_and_2 to None, run_after=None
[2025-12-27T14:21:10.585+0000] {logging_mixin.py:188} INFO - [2025-12-27T14:21:10.584+0000] {dag.py:3954} INFO - Setting next_dagrun for dataset_consumes_1_never_scheduled to None, run_after=None
[2025-12-27T14:21:10.591+0000] {logging_mixin.py:188} INFO - [2025-12-27T14:21:10.591+0000] {dag.py:3954} INFO - Setting next_dagrun for dataset_consumes_unknown_never_scheduled to None, run_after=None
[2025-12-27T14:21:10.603+0000] {logging_mixin.py:188} INFO - [2025-12-27T14:21:10.602+0000] {dag.py:3954} INFO - Setting next_dagrun for dataset_produces_1 to 2025-12-26 00:00:00+00:00, run_after=2025-12-27 00:00:00+00:00
[2025-12-27T14:21:10.611+0000] {logging_mixin.py:188} INFO - [2025-12-27T14:21:10.610+0000] {dag.py:3954} INFO - Setting next_dagrun for dataset_produces_2 to None, run_after=None
[2025-12-27T14:21:10.790+0000] {processor.py:183} INFO - Processing /home/airflow/.local/lib/python3.12/site-packages/airflow/example_dags/example_datasets.py took 1.053 seconds
[2025-12-27T14:21:46.091+0000] {processor.py:161} INFO - Started process (PID=777) to work on /home/airflow/.local/lib/python3.12/site-packages/airflow/example_dags/example_datasets.py
[2025-12-27T14:21:46.095+0000] {processor.py:830} INFO - Processing file /home/airflow/.local/lib/python3.12/site-packages/airflow/example_dags/example_datasets.py for tasks to queue
[2025-12-27T14:21:46.107+0000] {logging_mixin.py:188} INFO - [2025-12-27T14:21:46.103+0000] {dagbag.py:540} INFO - Filling up the DagBag from /home/airflow/.local/lib/python3.12/site-packages/airflow/example_dags/example_datasets.py
[2025-12-27T14:21:46.330+0000] {processor.py:840} INFO - DAG(s) 'conditional_dataset_and_time_based_timetable', 'dataset_consumes_1_never_scheduled', 'dataset_produces_2', 'consume_1_or_2_with_dataset_expressions', 'consume_1_or_both_2_and_3_with_dataset_expressions', 'dataset_consumes_1', 'consume_1_and_2_with_dataset_expressions', 'dataset_consumes_1_and_2', 'dataset_consumes_unknown_never_scheduled', 'dataset_produces_1' retrieved from /home/airflow/.local/lib/python3.12/site-packages/airflow/example_dags/example_datasets.py
[2025-12-27T14:21:46.717+0000] {logging_mixin.py:188} INFO - [2025-12-27T14:21:46.715+0000] {dag.py:3096} INFO - Sync 10 DAGs
[2025-12-27T14:21:47.199+0000] {logging_mixin.py:188} INFO - [2025-12-27T14:21:47.198+0000] {dag.py:3954} INFO - Setting next_dagrun for conditional_dataset_and_time_based_timetable to 2025-12-24 01:00:00+00:00, run_after=2025-12-24 01:00:00+00:00
[2025-12-27T14:21:47.249+0000] {logging_mixin.py:188} INFO - [2025-12-27T14:21:47.239+0000] {dag.py:3954} INFO - Setting next_dagrun for consume_1_and_2_with_dataset_expressions to None, run_after=None
[2025-12-27T14:21:47.263+0000] {logging_mixin.py:188} INFO - [2025-12-27T14:21:47.262+0000] {dag.py:3954} INFO - Setting next_dagrun for consume_1_or_2_with_dataset_expressions to None, run_after=None
[2025-12-27T14:21:47.282+0000] {logging_mixin.py:188} INFO - [2025-12-27T14:21:47.281+0000] {dag.py:3954} INFO - Setting next_dagrun for consume_1_or_both_2_and_3_with_dataset_expressions to None, run_after=None
[2025-12-27T14:21:47.294+0000] {logging_mixin.py:188} INFO - [2025-12-27T14:21:47.291+0000] {dag.py:3954} INFO - Setting next_dagrun for dataset_consumes_1 to None, run_after=None
[2025-12-27T14:21:47.302+0000] {logging_mixin.py:188} INFO - [2025-12-27T14:21:47.301+0000] {dag.py:3954} INFO - Setting next_dagrun for dataset_consumes_1_and_2 to None, run_after=None
[2025-12-27T14:21:47.320+0000] {logging_mixin.py:188} INFO - [2025-12-27T14:21:47.319+0000] {dag.py:3954} INFO - Setting next_dagrun for dataset_consumes_1_never_scheduled to None, run_after=None
[2025-12-27T14:21:47.337+0000] {logging_mixin.py:188} INFO - [2025-12-27T14:21:47.336+0000] {dag.py:3954} INFO - Setting next_dagrun for dataset_consumes_unknown_never_scheduled to None, run_after=None
[2025-12-27T14:21:47.375+0000] {logging_mixin.py:188} INFO - [2025-12-27T14:21:47.374+0000] {dag.py:3954} INFO - Setting next_dagrun for dataset_produces_1 to 2025-12-26 00:00:00+00:00, run_after=2025-12-27 00:00:00+00:00
[2025-12-27T14:21:47.392+0000] {logging_mixin.py:188} INFO - [2025-12-27T14:21:47.391+0000] {dag.py:3954} INFO - Setting next_dagrun for dataset_produces_2 to None, run_after=None
[2025-12-27T14:21:47.767+0000] {processor.py:183} INFO - Processing /home/airflow/.local/lib/python3.12/site-packages/airflow/example_dags/example_datasets.py took 1.713 seconds
[2025-12-27T14:22:44.563+0000] {processor.py:161} INFO - Started process (PID=842) to work on /home/airflow/.local/lib/python3.12/site-packages/airflow/example_dags/example_datasets.py
[2025-12-27T14:22:44.571+0000] {processor.py:830} INFO - Processing file /home/airflow/.local/lib/python3.12/site-packages/airflow/example_dags/example_datasets.py for tasks to queue
[2025-12-27T14:22:44.588+0000] {logging_mixin.py:188} INFO - [2025-12-27T14:22:44.587+0000] {dagbag.py:540} INFO - Filling up the DagBag from /home/airflow/.local/lib/python3.12/site-packages/airflow/example_dags/example_datasets.py
[2025-12-27T14:22:44.978+0000] {processor.py:840} INFO - DAG(s) 'dataset_consumes_1_never_scheduled', 'dataset_produces_1', 'consume_1_and_2_with_dataset_expressions', 'dataset_consumes_1', 'conditional_dataset_and_time_based_timetable', 'consume_1_or_both_2_and_3_with_dataset_expressions', 'consume_1_or_2_with_dataset_expressions', 'dataset_produces_2', 'dataset_consumes_1_and_2', 'dataset_consumes_unknown_never_scheduled' retrieved from /home/airflow/.local/lib/python3.12/site-packages/airflow/example_dags/example_datasets.py
[2025-12-27T14:22:45.416+0000] {logging_mixin.py:188} INFO - [2025-12-27T14:22:45.415+0000] {dag.py:3096} INFO - Sync 10 DAGs
[2025-12-27T14:22:45.845+0000] {logging_mixin.py:188} INFO - [2025-12-27T14:22:45.845+0000] {dag.py:3954} INFO - Setting next_dagrun for conditional_dataset_and_time_based_timetable to 2025-12-24 01:00:00+00:00, run_after=2025-12-24 01:00:00+00:00
[2025-12-27T14:22:45.930+0000] {logging_mixin.py:188} INFO - [2025-12-27T14:22:45.929+0000] {dag.py:3954} INFO - Setting next_dagrun for consume_1_and_2_with_dataset_expressions to None, run_after=None
[2025-12-27T14:22:45.960+0000] {logging_mixin.py:188} INFO - [2025-12-27T14:22:45.959+0000] {dag.py:3954} INFO - Setting next_dagrun for consume_1_or_2_with_dataset_expressions to None, run_after=None
[2025-12-27T14:22:45.999+0000] {logging_mixin.py:188} INFO - [2025-12-27T14:22:45.998+0000] {dag.py:3954} INFO - Setting next_dagrun for consume_1_or_both_2_and_3_with_dataset_expressions to None, run_after=None
[2025-12-27T14:22:46.033+0000] {logging_mixin.py:188} INFO - [2025-12-27T14:22:46.023+0000] {dag.py:3954} INFO - Setting next_dagrun for dataset_consumes_1 to None, run_after=None
[2025-12-27T14:22:46.063+0000] {logging_mixin.py:188} INFO - [2025-12-27T14:22:46.062+0000] {dag.py:3954} INFO - Setting next_dagrun for dataset_consumes_1_and_2 to None, run_after=None
[2025-12-27T14:22:46.078+0000] {logging_mixin.py:188} INFO - [2025-12-27T14:22:46.078+0000] {dag.py:3954} INFO - Setting next_dagrun for dataset_consumes_1_never_scheduled to None, run_after=None
[2025-12-27T14:22:46.096+0000] {logging_mixin.py:188} INFO - [2025-12-27T14:22:46.095+0000] {dag.py:3954} INFO - Setting next_dagrun for dataset_consumes_unknown_never_scheduled to None, run_after=None
[2025-12-27T14:22:46.162+0000] {logging_mixin.py:188} INFO - [2025-12-27T14:22:46.161+0000] {dag.py:3954} INFO - Setting next_dagrun for dataset_produces_1 to 2025-12-26 00:00:00+00:00, run_after=2025-12-27 00:00:00+00:00
[2025-12-27T14:22:46.169+0000] {logging_mixin.py:188} INFO - [2025-12-27T14:22:46.168+0000] {dag.py:3954} INFO - Setting next_dagrun for dataset_produces_2 to None, run_after=None
[2025-12-27T14:24:22.112+0000] {processor.py:161} INFO - Started process (PID=921) to work on /home/airflow/.local/lib/python3.12/site-packages/airflow/example_dags/example_datasets.py
[2025-12-27T14:24:22.120+0000] {processor.py:830} INFO - Processing file /home/airflow/.local/lib/python3.12/site-packages/airflow/example_dags/example_datasets.py for tasks to queue
[2025-12-27T14:24:22.126+0000] {logging_mixin.py:188} INFO - [2025-12-27T14:24:22.124+0000] {dagbag.py:540} INFO - Filling up the DagBag from /home/airflow/.local/lib/python3.12/site-packages/airflow/example_dags/example_datasets.py
[2025-12-27T14:24:22.228+0000] {processor.py:840} INFO - DAG(s) 'consume_1_and_2_with_dataset_expressions', 'dataset_consumes_unknown_never_scheduled', 'dataset_produces_1', 'dataset_produces_2', 'consume_1_or_both_2_and_3_with_dataset_expressions', 'dataset_consumes_1', 'dataset_consumes_1_and_2', 'dataset_consumes_1_never_scheduled', 'consume_1_or_2_with_dataset_expressions', 'conditional_dataset_and_time_based_timetable' retrieved from /home/airflow/.local/lib/python3.12/site-packages/airflow/example_dags/example_datasets.py
[2025-12-27T14:24:24.050+0000] {logging_mixin.py:188} INFO - [2025-12-27T14:24:24.049+0000] {dag.py:3096} INFO - Sync 10 DAGs
[2025-12-27T14:24:24.119+0000] {logging_mixin.py:188} INFO - [2025-12-27T14:24:24.118+0000] {dag.py:3954} INFO - Setting next_dagrun for conditional_dataset_and_time_based_timetable to 2025-12-24 01:00:00+00:00, run_after=2025-12-24 01:00:00+00:00
[2025-12-27T14:24:24.129+0000] {logging_mixin.py:188} INFO - [2025-12-27T14:24:24.129+0000] {dag.py:3954} INFO - Setting next_dagrun for consume_1_and_2_with_dataset_expressions to None, run_after=None
[2025-12-27T14:24:24.137+0000] {logging_mixin.py:188} INFO - [2025-12-27T14:24:24.137+0000] {dag.py:3954} INFO - Setting next_dagrun for consume_1_or_2_with_dataset_expressions to None, run_after=None
[2025-12-27T14:24:24.142+0000] {logging_mixin.py:188} INFO - [2025-12-27T14:24:24.141+0000] {dag.py:3954} INFO - Setting next_dagrun for consume_1_or_both_2_and_3_with_dataset_expressions to None, run_after=None
[2025-12-27T14:24:24.146+0000] {logging_mixin.py:188} INFO - [2025-12-27T14:24:24.146+0000] {dag.py:3954} INFO - Setting next_dagrun for dataset_consumes_1 to None, run_after=None
[2025-12-27T14:24:24.151+0000] {logging_mixin.py:188} INFO - [2025-12-27T14:24:24.150+0000] {dag.py:3954} INFO - Setting next_dagrun for dataset_consumes_1_and_2 to None, run_after=None
[2025-12-27T14:24:24.156+0000] {logging_mixin.py:188} INFO - [2025-12-27T14:24:24.155+0000] {dag.py:3954} INFO - Setting next_dagrun for dataset_consumes_1_never_scheduled to None, run_after=None
[2025-12-27T14:24:24.160+0000] {logging_mixin.py:188} INFO - [2025-12-27T14:24:24.159+0000] {dag.py:3954} INFO - Setting next_dagrun for dataset_consumes_unknown_never_scheduled to None, run_after=None
[2025-12-27T14:24:24.169+0000] {logging_mixin.py:188} INFO - [2025-12-27T14:24:24.168+0000] {dag.py:3954} INFO - Setting next_dagrun for dataset_produces_1 to 2025-12-26 00:00:00+00:00, run_after=2025-12-27 00:00:00+00:00
[2025-12-27T14:24:24.175+0000] {logging_mixin.py:188} INFO - [2025-12-27T14:24:24.174+0000] {dag.py:3954} INFO - Setting next_dagrun for dataset_produces_2 to None, run_after=None
[2025-12-27T14:24:24.323+0000] {processor.py:183} INFO - Processing /home/airflow/.local/lib/python3.12/site-packages/airflow/example_dags/example_datasets.py took 2.239 seconds
[2025-12-27T14:25:05.361+0000] {processor.py:161} INFO - Started process (PID=989) to work on /home/airflow/.local/lib/python3.12/site-packages/airflow/example_dags/example_datasets.py
[2025-12-27T14:25:05.374+0000] {processor.py:830} INFO - Processing file /home/airflow/.local/lib/python3.12/site-packages/airflow/example_dags/example_datasets.py for tasks to queue
[2025-12-27T14:25:05.378+0000] {logging_mixin.py:188} INFO - [2025-12-27T14:25:05.377+0000] {dagbag.py:540} INFO - Filling up the DagBag from /home/airflow/.local/lib/python3.12/site-packages/airflow/example_dags/example_datasets.py
[2025-12-27T14:25:05.648+0000] {processor.py:840} INFO - DAG(s) 'conditional_dataset_and_time_based_timetable', 'dataset_consumes_unknown_never_scheduled', 'dataset_consumes_1_and_2', 'consume_1_or_2_with_dataset_expressions', 'dataset_consumes_1', 'dataset_consumes_1_never_scheduled', 'dataset_produces_1', 'consume_1_and_2_with_dataset_expressions', 'consume_1_or_both_2_and_3_with_dataset_expressions', 'dataset_produces_2' retrieved from /home/airflow/.local/lib/python3.12/site-packages/airflow/example_dags/example_datasets.py
[2025-12-27T14:25:05.979+0000] {logging_mixin.py:188} INFO - [2025-12-27T14:25:05.978+0000] {dag.py:3096} INFO - Sync 10 DAGs
[2025-12-27T14:25:06.228+0000] {logging_mixin.py:188} INFO - [2025-12-27T14:25:06.227+0000] {dag.py:3954} INFO - Setting next_dagrun for conditional_dataset_and_time_based_timetable to 2025-12-24 01:00:00+00:00, run_after=2025-12-24 01:00:00+00:00
[2025-12-27T14:25:06.252+0000] {logging_mixin.py:188} INFO - [2025-12-27T14:25:06.251+0000] {dag.py:3954} INFO - Setting next_dagrun for consume_1_and_2_with_dataset_expressions to None, run_after=None
[2025-12-27T14:25:06.262+0000] {logging_mixin.py:188} INFO - [2025-12-27T14:25:06.258+0000] {dag.py:3954} INFO - Setting next_dagrun for consume_1_or_2_with_dataset_expressions to None, run_after=None
[2025-12-27T14:25:06.271+0000] {logging_mixin.py:188} INFO - [2025-12-27T14:25:06.270+0000] {dag.py:3954} INFO - Setting next_dagrun for consume_1_or_both_2_and_3_with_dataset_expressions to None, run_after=None
[2025-12-27T14:25:06.278+0000] {logging_mixin.py:188} INFO - [2025-12-27T14:25:06.277+0000] {dag.py:3954} INFO - Setting next_dagrun for dataset_consumes_1 to None, run_after=None
[2025-12-27T14:25:06.291+0000] {logging_mixin.py:188} INFO - [2025-12-27T14:25:06.290+0000] {dag.py:3954} INFO - Setting next_dagrun for dataset_consumes_1_and_2 to None, run_after=None
[2025-12-27T14:25:06.306+0000] {logging_mixin.py:188} INFO - [2025-12-27T14:25:06.298+0000] {dag.py:3954} INFO - Setting next_dagrun for dataset_consumes_1_never_scheduled to None, run_after=None
[2025-12-27T14:25:06.317+0000] {logging_mixin.py:188} INFO - [2025-12-27T14:25:06.317+0000] {dag.py:3954} INFO - Setting next_dagrun for dataset_consumes_unknown_never_scheduled to None, run_after=None
[2025-12-27T14:25:06.342+0000] {logging_mixin.py:188} INFO - [2025-12-27T14:25:06.341+0000] {dag.py:3954} INFO - Setting next_dagrun for dataset_produces_1 to 2025-12-26 00:00:00+00:00, run_after=2025-12-27 00:00:00+00:00
[2025-12-27T14:25:06.349+0000] {logging_mixin.py:188} INFO - [2025-12-27T14:25:06.348+0000] {dag.py:3954} INFO - Setting next_dagrun for dataset_produces_2 to None, run_after=None
[2025-12-27T14:25:06.594+0000] {processor.py:183} INFO - Processing /home/airflow/.local/lib/python3.12/site-packages/airflow/example_dags/example_datasets.py took 1.318 seconds
[2025-12-27T14:26:12.196+0000] {processor.py:161} INFO - Started process (PID=1049) to work on /home/airflow/.local/lib/python3.12/site-packages/airflow/example_dags/example_datasets.py
[2025-12-27T14:26:12.200+0000] {processor.py:830} INFO - Processing file /home/airflow/.local/lib/python3.12/site-packages/airflow/example_dags/example_datasets.py for tasks to queue
[2025-12-27T14:26:12.205+0000] {logging_mixin.py:188} INFO - [2025-12-27T14:26:12.203+0000] {dagbag.py:540} INFO - Filling up the DagBag from /home/airflow/.local/lib/python3.12/site-packages/airflow/example_dags/example_datasets.py
[2025-12-27T14:26:12.384+0000] {processor.py:840} INFO - DAG(s) 'dataset_consumes_unknown_never_scheduled', 'dataset_consumes_1_and_2', 'consume_1_or_2_with_dataset_expressions', 'conditional_dataset_and_time_based_timetable', 'consume_1_and_2_with_dataset_expressions', 'dataset_produces_1', 'consume_1_or_both_2_and_3_with_dataset_expressions', 'dataset_produces_2', 'dataset_consumes_1', 'dataset_consumes_1_never_scheduled' retrieved from /home/airflow/.local/lib/python3.12/site-packages/airflow/example_dags/example_datasets.py
[2025-12-27T14:26:15.738+0000] {logging_mixin.py:188} INFO - [2025-12-27T14:26:15.738+0000] {dag.py:3096} INFO - Sync 10 DAGs
[2025-12-27T14:26:15.849+0000] {logging_mixin.py:188} INFO - [2025-12-27T14:26:15.848+0000] {dag.py:3954} INFO - Setting next_dagrun for conditional_dataset_and_time_based_timetable to 2025-12-24 01:00:00+00:00, run_after=2025-12-24 01:00:00+00:00
[2025-12-27T14:26:15.863+0000] {logging_mixin.py:188} INFO - [2025-12-27T14:26:15.863+0000] {dag.py:3954} INFO - Setting next_dagrun for consume_1_and_2_with_dataset_expressions to None, run_after=None
[2025-12-27T14:26:15.868+0000] {logging_mixin.py:188} INFO - [2025-12-27T14:26:15.868+0000] {dag.py:3954} INFO - Setting next_dagrun for consume_1_or_2_with_dataset_expressions to None, run_after=None
[2025-12-27T14:26:15.874+0000] {logging_mixin.py:188} INFO - [2025-12-27T14:26:15.874+0000] {dag.py:3954} INFO - Setting next_dagrun for consume_1_or_both_2_and_3_with_dataset_expressions to None, run_after=None
[2025-12-27T14:26:15.879+0000] {logging_mixin.py:188} INFO - [2025-12-27T14:26:15.879+0000] {dag.py:3954} INFO - Setting next_dagrun for dataset_consumes_1 to None, run_after=None
[2025-12-27T14:26:15.885+0000] {logging_mixin.py:188} INFO - [2025-12-27T14:26:15.884+0000] {dag.py:3954} INFO - Setting next_dagrun for dataset_consumes_1_and_2 to None, run_after=None
[2025-12-27T14:26:15.891+0000] {logging_mixin.py:188} INFO - [2025-12-27T14:26:15.890+0000] {dag.py:3954} INFO - Setting next_dagrun for dataset_consumes_1_never_scheduled to None, run_after=None
[2025-12-27T14:26:15.897+0000] {logging_mixin.py:188} INFO - [2025-12-27T14:26:15.897+0000] {dag.py:3954} INFO - Setting next_dagrun for dataset_consumes_unknown_never_scheduled to None, run_after=None
[2025-12-27T14:26:15.919+0000] {logging_mixin.py:188} INFO - [2025-12-27T14:26:15.918+0000] {dag.py:3954} INFO - Setting next_dagrun for dataset_produces_1 to 2025-12-26 00:00:00+00:00, run_after=2025-12-27 00:00:00+00:00
[2025-12-27T14:26:15.934+0000] {logging_mixin.py:188} INFO - [2025-12-27T14:26:15.934+0000] {dag.py:3954} INFO - Setting next_dagrun for dataset_produces_2 to None, run_after=None
[2025-12-27T14:26:16.123+0000] {processor.py:183} INFO - Processing /home/airflow/.local/lib/python3.12/site-packages/airflow/example_dags/example_datasets.py took 4.013 seconds
[2025-12-27T14:26:50.103+0000] {processor.py:161} INFO - Started process (PID=1108) to work on /home/airflow/.local/lib/python3.12/site-packages/airflow/example_dags/example_datasets.py
[2025-12-27T14:26:50.118+0000] {processor.py:830} INFO - Processing file /home/airflow/.local/lib/python3.12/site-packages/airflow/example_dags/example_datasets.py for tasks to queue
[2025-12-27T14:26:50.123+0000] {logging_mixin.py:188} INFO - [2025-12-27T14:26:50.122+0000] {dagbag.py:540} INFO - Filling up the DagBag from /home/airflow/.local/lib/python3.12/site-packages/airflow/example_dags/example_datasets.py
[2025-12-27T14:26:50.324+0000] {processor.py:840} INFO - DAG(s) 'conditional_dataset_and_time_based_timetable', 'dataset_consumes_1', 'dataset_produces_2', 'consume_1_and_2_with_dataset_expressions', 'dataset_consumes_1_and_2', 'dataset_produces_1', 'consume_1_or_2_with_dataset_expressions', 'dataset_consumes_1_never_scheduled', 'dataset_consumes_unknown_never_scheduled', 'consume_1_or_both_2_and_3_with_dataset_expressions' retrieved from /home/airflow/.local/lib/python3.12/site-packages/airflow/example_dags/example_datasets.py
[2025-12-27T14:26:50.733+0000] {logging_mixin.py:188} INFO - [2025-12-27T14:26:50.731+0000] {dag.py:3096} INFO - Sync 10 DAGs
[2025-12-27T14:26:51.581+0000] {logging_mixin.py:188} INFO - [2025-12-27T14:26:51.580+0000] {dag.py:3954} INFO - Setting next_dagrun for conditional_dataset_and_time_based_timetable to 2025-12-24 01:00:00+00:00, run_after=2025-12-24 01:00:00+00:00
[2025-12-27T14:26:51.608+0000] {logging_mixin.py:188} INFO - [2025-12-27T14:26:51.608+0000] {dag.py:3954} INFO - Setting next_dagrun for consume_1_and_2_with_dataset_expressions to None, run_after=None
[2025-12-27T14:26:51.616+0000] {logging_mixin.py:188} INFO - [2025-12-27T14:26:51.614+0000] {dag.py:3954} INFO - Setting next_dagrun for consume_1_or_2_with_dataset_expressions to None, run_after=None
[2025-12-27T14:26:51.625+0000] {logging_mixin.py:188} INFO - [2025-12-27T14:26:51.625+0000] {dag.py:3954} INFO - Setting next_dagrun for consume_1_or_both_2_and_3_with_dataset_expressions to None, run_after=None
[2025-12-27T14:26:51.635+0000] {logging_mixin.py:188} INFO - [2025-12-27T14:26:51.634+0000] {dag.py:3954} INFO - Setting next_dagrun for dataset_consumes_1 to None, run_after=None
[2025-12-27T14:26:51.650+0000] {logging_mixin.py:188} INFO - [2025-12-27T14:26:51.649+0000] {dag.py:3954} INFO - Setting next_dagrun for dataset_consumes_1_and_2 to None, run_after=None
[2025-12-27T14:26:51.661+0000] {logging_mixin.py:188} INFO - [2025-12-27T14:26:51.660+0000] {dag.py:3954} INFO - Setting next_dagrun for dataset_consumes_1_never_scheduled to None, run_after=None
[2025-12-27T14:26:51.667+0000] {logging_mixin.py:188} INFO - [2025-12-27T14:26:51.666+0000] {dag.py:3954} INFO - Setting next_dagrun for dataset_consumes_unknown_never_scheduled to None, run_after=None
[2025-12-27T14:26:51.681+0000] {logging_mixin.py:188} INFO - [2025-12-27T14:26:51.680+0000] {dag.py:3954} INFO - Setting next_dagrun for dataset_produces_1 to 2025-12-26 00:00:00+00:00, run_after=2025-12-27 00:00:00+00:00
[2025-12-27T14:26:51.687+0000] {logging_mixin.py:188} INFO - [2025-12-27T14:26:51.686+0000] {dag.py:3954} INFO - Setting next_dagrun for dataset_produces_2 to None, run_after=None
[2025-12-27T14:26:51.940+0000] {processor.py:183} INFO - Processing /home/airflow/.local/lib/python3.12/site-packages/airflow/example_dags/example_datasets.py took 1.884 seconds
[2025-12-27T14:27:35.383+0000] {processor.py:161} INFO - Started process (PID=1140) to work on /home/airflow/.local/lib/python3.12/site-packages/airflow/example_dags/example_datasets.py
[2025-12-27T14:27:35.394+0000] {processor.py:830} INFO - Processing file /home/airflow/.local/lib/python3.12/site-packages/airflow/example_dags/example_datasets.py for tasks to queue
[2025-12-27T14:27:35.412+0000] {logging_mixin.py:188} INFO - [2025-12-27T14:27:35.408+0000] {dagbag.py:540} INFO - Filling up the DagBag from /home/airflow/.local/lib/python3.12/site-packages/airflow/example_dags/example_datasets.py
[2025-12-27T14:27:35.682+0000] {processor.py:840} INFO - DAG(s) 'dataset_consumes_1', 'consume_1_or_both_2_and_3_with_dataset_expressions', 'consume_1_or_2_with_dataset_expressions', 'dataset_consumes_unknown_never_scheduled', 'dataset_consumes_1_never_scheduled', 'dataset_consumes_1_and_2', 'dataset_produces_2', 'consume_1_and_2_with_dataset_expressions', 'dataset_produces_1', 'conditional_dataset_and_time_based_timetable' retrieved from /home/airflow/.local/lib/python3.12/site-packages/airflow/example_dags/example_datasets.py
[2025-12-27T14:27:36.089+0000] {logging_mixin.py:188} INFO - [2025-12-27T14:27:36.088+0000] {dag.py:3096} INFO - Sync 10 DAGs
[2025-12-27T14:27:36.237+0000] {logging_mixin.py:188} INFO - [2025-12-27T14:27:36.236+0000] {dag.py:3954} INFO - Setting next_dagrun for conditional_dataset_and_time_based_timetable to 2025-12-24 01:00:00+00:00, run_after=2025-12-24 01:00:00+00:00
[2025-12-27T14:27:36.256+0000] {logging_mixin.py:188} INFO - [2025-12-27T14:27:36.256+0000] {dag.py:3954} INFO - Setting next_dagrun for consume_1_and_2_with_dataset_expressions to None, run_after=None
[2025-12-27T14:27:36.263+0000] {logging_mixin.py:188} INFO - [2025-12-27T14:27:36.261+0000] {dag.py:3954} INFO - Setting next_dagrun for consume_1_or_2_with_dataset_expressions to None, run_after=None
[2025-12-27T14:27:36.268+0000] {logging_mixin.py:188} INFO - [2025-12-27T14:27:36.267+0000] {dag.py:3954} INFO - Setting next_dagrun for consume_1_or_both_2_and_3_with_dataset_expressions to None, run_after=None
[2025-12-27T14:27:36.273+0000] {logging_mixin.py:188} INFO - [2025-12-27T14:27:36.273+0000] {dag.py:3954} INFO - Setting next_dagrun for dataset_consumes_1 to None, run_after=None
[2025-12-27T14:27:36.280+0000] {logging_mixin.py:188} INFO - [2025-12-27T14:27:36.279+0000] {dag.py:3954} INFO - Setting next_dagrun for dataset_consumes_1_and_2 to None, run_after=None
[2025-12-27T14:27:36.289+0000] {logging_mixin.py:188} INFO - [2025-12-27T14:27:36.288+0000] {dag.py:3954} INFO - Setting next_dagrun for dataset_consumes_1_never_scheduled to None, run_after=None
[2025-12-27T14:27:36.295+0000] {logging_mixin.py:188} INFO - [2025-12-27T14:27:36.294+0000] {dag.py:3954} INFO - Setting next_dagrun for dataset_consumes_unknown_never_scheduled to None, run_after=None
[2025-12-27T14:27:36.309+0000] {logging_mixin.py:188} INFO - [2025-12-27T14:27:36.308+0000] {dag.py:3954} INFO - Setting next_dagrun for dataset_produces_1 to 2025-12-26 00:00:00+00:00, run_after=2025-12-27 00:00:00+00:00
[2025-12-27T14:27:36.316+0000] {logging_mixin.py:188} INFO - [2025-12-27T14:27:36.315+0000] {dag.py:3954} INFO - Setting next_dagrun for dataset_produces_2 to None, run_after=None
[2025-12-27T14:27:36.518+0000] {processor.py:183} INFO - Processing /home/airflow/.local/lib/python3.12/site-packages/airflow/example_dags/example_datasets.py took 1.234 seconds
[2025-12-27T14:28:07.539+0000] {processor.py:161} INFO - Started process (PID=1198) to work on /home/airflow/.local/lib/python3.12/site-packages/airflow/example_dags/example_datasets.py
[2025-12-27T14:28:07.543+0000] {processor.py:830} INFO - Processing file /home/airflow/.local/lib/python3.12/site-packages/airflow/example_dags/example_datasets.py for tasks to queue
[2025-12-27T14:28:07.548+0000] {logging_mixin.py:188} INFO - [2025-12-27T14:28:07.546+0000] {dagbag.py:540} INFO - Filling up the DagBag from /home/airflow/.local/lib/python3.12/site-packages/airflow/example_dags/example_datasets.py
[2025-12-27T14:28:07.648+0000] {processor.py:840} INFO - DAG(s) 'consume_1_and_2_with_dataset_expressions', 'dataset_produces_1', 'conditional_dataset_and_time_based_timetable', 'dataset_consumes_1', 'dataset_consumes_unknown_never_scheduled', 'dataset_consumes_1_and_2', 'consume_1_or_2_with_dataset_expressions', 'dataset_produces_2', 'dataset_consumes_1_never_scheduled', 'consume_1_or_both_2_and_3_with_dataset_expressions' retrieved from /home/airflow/.local/lib/python3.12/site-packages/airflow/example_dags/example_datasets.py
[2025-12-27T14:28:08.132+0000] {logging_mixin.py:188} INFO - [2025-12-27T14:28:08.131+0000] {dag.py:3096} INFO - Sync 10 DAGs
[2025-12-27T14:28:08.486+0000] {logging_mixin.py:188} INFO - [2025-12-27T14:28:08.475+0000] {dag.py:3954} INFO - Setting next_dagrun for conditional_dataset_and_time_based_timetable to 2025-12-24 01:00:00+00:00, run_after=2025-12-24 01:00:00+00:00
[2025-12-27T14:28:08.520+0000] {logging_mixin.py:188} INFO - [2025-12-27T14:28:08.519+0000] {dag.py:3954} INFO - Setting next_dagrun for consume_1_and_2_with_dataset_expressions to None, run_after=None
[2025-12-27T14:28:08.536+0000] {logging_mixin.py:188} INFO - [2025-12-27T14:28:08.535+0000] {dag.py:3954} INFO - Setting next_dagrun for consume_1_or_2_with_dataset_expressions to None, run_after=None
[2025-12-27T14:28:08.542+0000] {logging_mixin.py:188} INFO - [2025-12-27T14:28:08.541+0000] {dag.py:3954} INFO - Setting next_dagrun for consume_1_or_both_2_and_3_with_dataset_expressions to None, run_after=None
[2025-12-27T14:28:08.556+0000] {logging_mixin.py:188} INFO - [2025-12-27T14:28:08.549+0000] {dag.py:3954} INFO - Setting next_dagrun for dataset_consumes_1 to None, run_after=None
[2025-12-27T14:28:08.562+0000] {logging_mixin.py:188} INFO - [2025-12-27T14:28:08.561+0000] {dag.py:3954} INFO - Setting next_dagrun for dataset_consumes_1_and_2 to None, run_after=None
[2025-12-27T14:28:08.568+0000] {logging_mixin.py:188} INFO - [2025-12-27T14:28:08.568+0000] {dag.py:3954} INFO - Setting next_dagrun for dataset_consumes_1_never_scheduled to None, run_after=None
[2025-12-27T14:28:08.582+0000] {logging_mixin.py:188} INFO - [2025-12-27T14:28:08.581+0000] {dag.py:3954} INFO - Setting next_dagrun for dataset_consumes_unknown_never_scheduled to None, run_after=None
[2025-12-27T14:28:08.601+0000] {logging_mixin.py:188} INFO - [2025-12-27T14:28:08.600+0000] {dag.py:3954} INFO - Setting next_dagrun for dataset_produces_1 to 2025-12-26 00:00:00+00:00, run_after=2025-12-27 00:00:00+00:00
[2025-12-27T14:28:08.615+0000] {logging_mixin.py:188} INFO - [2025-12-27T14:28:08.615+0000] {dag.py:3954} INFO - Setting next_dagrun for dataset_produces_2 to None, run_after=None
[2025-12-27T14:28:08.940+0000] {processor.py:183} INFO - Processing /home/airflow/.local/lib/python3.12/site-packages/airflow/example_dags/example_datasets.py took 1.436 seconds
[2025-12-27T14:28:39.576+0000] {processor.py:161} INFO - Started process (PID=1254) to work on /home/airflow/.local/lib/python3.12/site-packages/airflow/example_dags/example_datasets.py
[2025-12-27T14:28:39.648+0000] {processor.py:830} INFO - Processing file /home/airflow/.local/lib/python3.12/site-packages/airflow/example_dags/example_datasets.py for tasks to queue
[2025-12-27T14:28:39.651+0000] {logging_mixin.py:188} INFO - [2025-12-27T14:28:39.650+0000] {dagbag.py:540} INFO - Filling up the DagBag from /home/airflow/.local/lib/python3.12/site-packages/airflow/example_dags/example_datasets.py
[2025-12-27T14:28:39.708+0000] {processor.py:840} INFO - DAG(s) 'consume_1_and_2_with_dataset_expressions', 'dataset_consumes_1', 'dataset_consumes_1_and_2', 'dataset_produces_1', 'consume_1_or_2_with_dataset_expressions', 'consume_1_or_both_2_and_3_with_dataset_expressions', 'dataset_consumes_1_never_scheduled', 'dataset_consumes_unknown_never_scheduled', 'dataset_produces_2', 'conditional_dataset_and_time_based_timetable' retrieved from /home/airflow/.local/lib/python3.12/site-packages/airflow/example_dags/example_datasets.py
[2025-12-27T14:28:39.870+0000] {logging_mixin.py:188} INFO - [2025-12-27T14:28:39.870+0000] {dag.py:3096} INFO - Sync 10 DAGs
[2025-12-27T14:28:39.989+0000] {logging_mixin.py:188} INFO - [2025-12-27T14:28:39.989+0000] {dag.py:3954} INFO - Setting next_dagrun for conditional_dataset_and_time_based_timetable to 2025-12-24 01:00:00+00:00, run_after=2025-12-24 01:00:00+00:00
[2025-12-27T14:28:40.003+0000] {logging_mixin.py:188} INFO - [2025-12-27T14:28:40.003+0000] {dag.py:3954} INFO - Setting next_dagrun for consume_1_and_2_with_dataset_expressions to None, run_after=None
[2025-12-27T14:28:40.008+0000] {logging_mixin.py:188} INFO - [2025-12-27T14:28:40.007+0000] {dag.py:3954} INFO - Setting next_dagrun for consume_1_or_2_with_dataset_expressions to None, run_after=None
[2025-12-27T14:28:40.012+0000] {logging_mixin.py:188} INFO - [2025-12-27T14:28:40.011+0000] {dag.py:3954} INFO - Setting next_dagrun for consume_1_or_both_2_and_3_with_dataset_expressions to None, run_after=None
[2025-12-27T14:28:40.019+0000] {logging_mixin.py:188} INFO - [2025-12-27T14:28:40.018+0000] {dag.py:3954} INFO - Setting next_dagrun for dataset_consumes_1 to None, run_after=None
[2025-12-27T14:28:40.024+0000] {logging_mixin.py:188} INFO - [2025-12-27T14:28:40.023+0000] {dag.py:3954} INFO - Setting next_dagrun for dataset_consumes_1_and_2 to None, run_after=None
[2025-12-27T14:28:40.029+0000] {logging_mixin.py:188} INFO - [2025-12-27T14:28:40.029+0000] {dag.py:3954} INFO - Setting next_dagrun for dataset_consumes_1_never_scheduled to None, run_after=None
[2025-12-27T14:28:40.034+0000] {logging_mixin.py:188} INFO - [2025-12-27T14:28:40.033+0000] {dag.py:3954} INFO - Setting next_dagrun for dataset_consumes_unknown_never_scheduled to None, run_after=None
[2025-12-27T14:28:40.041+0000] {logging_mixin.py:188} INFO - [2025-12-27T14:28:40.041+0000] {dag.py:3954} INFO - Setting next_dagrun for dataset_produces_1 to 2025-12-26 00:00:00+00:00, run_after=2025-12-27 00:00:00+00:00
[2025-12-27T14:28:40.046+0000] {logging_mixin.py:188} INFO - [2025-12-27T14:28:40.046+0000] {dag.py:3954} INFO - Setting next_dagrun for dataset_produces_2 to None, run_after=None
[2025-12-27T14:28:40.453+0000] {processor.py:183} INFO - Processing /home/airflow/.local/lib/python3.12/site-packages/airflow/example_dags/example_datasets.py took 0.894 seconds
[2025-12-27T14:29:10.809+0000] {processor.py:161} INFO - Started process (PID=1312) to work on /home/airflow/.local/lib/python3.12/site-packages/airflow/example_dags/example_datasets.py
[2025-12-27T14:29:10.812+0000] {processor.py:830} INFO - Processing file /home/airflow/.local/lib/python3.12/site-packages/airflow/example_dags/example_datasets.py for tasks to queue
[2025-12-27T14:29:10.816+0000] {logging_mixin.py:188} INFO - [2025-12-27T14:29:10.814+0000] {dagbag.py:540} INFO - Filling up the DagBag from /home/airflow/.local/lib/python3.12/site-packages/airflow/example_dags/example_datasets.py
[2025-12-27T14:29:10.886+0000] {processor.py:840} INFO - DAG(s) 'dataset_consumes_1_never_scheduled', 'consume_1_or_2_with_dataset_expressions', 'conditional_dataset_and_time_based_timetable', 'consume_1_and_2_with_dataset_expressions', 'dataset_consumes_1', 'dataset_consumes_1_and_2', 'dataset_produces_1', 'dataset_produces_2', 'consume_1_or_both_2_and_3_with_dataset_expressions', 'dataset_consumes_unknown_never_scheduled' retrieved from /home/airflow/.local/lib/python3.12/site-packages/airflow/example_dags/example_datasets.py
[2025-12-27T14:29:11.023+0000] {logging_mixin.py:188} INFO - [2025-12-27T14:29:11.023+0000] {dag.py:3096} INFO - Sync 10 DAGs
[2025-12-27T14:29:11.095+0000] {logging_mixin.py:188} INFO - [2025-12-27T14:29:11.094+0000] {dag.py:3954} INFO - Setting next_dagrun for conditional_dataset_and_time_based_timetable to 2025-12-24 01:00:00+00:00, run_after=2025-12-24 01:00:00+00:00
[2025-12-27T14:29:11.104+0000] {logging_mixin.py:188} INFO - [2025-12-27T14:29:11.104+0000] {dag.py:3954} INFO - Setting next_dagrun for consume_1_and_2_with_dataset_expressions to None, run_after=None
[2025-12-27T14:29:11.108+0000] {logging_mixin.py:188} INFO - [2025-12-27T14:29:11.108+0000] {dag.py:3954} INFO - Setting next_dagrun for consume_1_or_2_with_dataset_expressions to None, run_after=None
[2025-12-27T14:29:11.113+0000] {logging_mixin.py:188} INFO - [2025-12-27T14:29:11.112+0000] {dag.py:3954} INFO - Setting next_dagrun for consume_1_or_both_2_and_3_with_dataset_expressions to None, run_after=None
[2025-12-27T14:29:11.117+0000] {logging_mixin.py:188} INFO - [2025-12-27T14:29:11.116+0000] {dag.py:3954} INFO - Setting next_dagrun for dataset_consumes_1 to None, run_after=None
[2025-12-27T14:29:11.121+0000] {logging_mixin.py:188} INFO - [2025-12-27T14:29:11.120+0000] {dag.py:3954} INFO - Setting next_dagrun for dataset_consumes_1_and_2 to None, run_after=None
[2025-12-27T14:29:11.124+0000] {logging_mixin.py:188} INFO - [2025-12-27T14:29:11.124+0000] {dag.py:3954} INFO - Setting next_dagrun for dataset_consumes_1_never_scheduled to None, run_after=None
[2025-12-27T14:29:11.128+0000] {logging_mixin.py:188} INFO - [2025-12-27T14:29:11.128+0000] {dag.py:3954} INFO - Setting next_dagrun for dataset_consumes_unknown_never_scheduled to None, run_after=None
[2025-12-27T14:29:11.135+0000] {logging_mixin.py:188} INFO - [2025-12-27T14:29:11.134+0000] {dag.py:3954} INFO - Setting next_dagrun for dataset_produces_1 to 2025-12-26 00:00:00+00:00, run_after=2025-12-27 00:00:00+00:00
[2025-12-27T14:29:11.138+0000] {logging_mixin.py:188} INFO - [2025-12-27T14:29:11.138+0000] {dag.py:3954} INFO - Setting next_dagrun for dataset_produces_2 to None, run_after=None
[2025-12-27T14:29:11.238+0000] {processor.py:183} INFO - Processing /home/airflow/.local/lib/python3.12/site-packages/airflow/example_dags/example_datasets.py took 0.451 seconds
[2025-12-27T14:29:41.871+0000] {processor.py:161} INFO - Started process (PID=1370) to work on /home/airflow/.local/lib/python3.12/site-packages/airflow/example_dags/example_datasets.py
[2025-12-27T14:29:41.875+0000] {processor.py:830} INFO - Processing file /home/airflow/.local/lib/python3.12/site-packages/airflow/example_dags/example_datasets.py for tasks to queue
[2025-12-27T14:29:41.878+0000] {logging_mixin.py:188} INFO - [2025-12-27T14:29:41.877+0000] {dagbag.py:540} INFO - Filling up the DagBag from /home/airflow/.local/lib/python3.12/site-packages/airflow/example_dags/example_datasets.py
[2025-12-27T14:29:41.933+0000] {processor.py:840} INFO - DAG(s) 'dataset_consumes_1_and_2', 'dataset_produces_2', 'consume_1_or_2_with_dataset_expressions', 'consume_1_or_both_2_and_3_with_dataset_expressions', 'dataset_consumes_1_never_scheduled', 'consume_1_and_2_with_dataset_expressions', 'dataset_consumes_1', 'dataset_consumes_unknown_never_scheduled', 'conditional_dataset_and_time_based_timetable', 'dataset_produces_1' retrieved from /home/airflow/.local/lib/python3.12/site-packages/airflow/example_dags/example_datasets.py
[2025-12-27T14:29:42.080+0000] {logging_mixin.py:188} INFO - [2025-12-27T14:29:42.080+0000] {dag.py:3096} INFO - Sync 10 DAGs
[2025-12-27T14:29:42.157+0000] {logging_mixin.py:188} INFO - [2025-12-27T14:29:42.156+0000] {dag.py:3954} INFO - Setting next_dagrun for conditional_dataset_and_time_based_timetable to 2025-12-24 01:00:00+00:00, run_after=2025-12-24 01:00:00+00:00
[2025-12-27T14:29:42.168+0000] {logging_mixin.py:188} INFO - [2025-12-27T14:29:42.168+0000] {dag.py:3954} INFO - Setting next_dagrun for consume_1_and_2_with_dataset_expressions to None, run_after=None
[2025-12-27T14:29:42.173+0000] {logging_mixin.py:188} INFO - [2025-12-27T14:29:42.172+0000] {dag.py:3954} INFO - Setting next_dagrun for consume_1_or_2_with_dataset_expressions to None, run_after=None
[2025-12-27T14:29:42.177+0000] {logging_mixin.py:188} INFO - [2025-12-27T14:29:42.176+0000] {dag.py:3954} INFO - Setting next_dagrun for consume_1_or_both_2_and_3_with_dataset_expressions to None, run_after=None
[2025-12-27T14:29:42.181+0000] {logging_mixin.py:188} INFO - [2025-12-27T14:29:42.180+0000] {dag.py:3954} INFO - Setting next_dagrun for dataset_consumes_1 to None, run_after=None
[2025-12-27T14:29:42.185+0000] {logging_mixin.py:188} INFO - [2025-12-27T14:29:42.185+0000] {dag.py:3954} INFO - Setting next_dagrun for dataset_consumes_1_and_2 to None, run_after=None
[2025-12-27T14:29:42.189+0000] {logging_mixin.py:188} INFO - [2025-12-27T14:29:42.189+0000] {dag.py:3954} INFO - Setting next_dagrun for dataset_consumes_1_never_scheduled to None, run_after=None
[2025-12-27T14:29:42.193+0000] {logging_mixin.py:188} INFO - [2025-12-27T14:29:42.193+0000] {dag.py:3954} INFO - Setting next_dagrun for dataset_consumes_unknown_never_scheduled to None, run_after=None
[2025-12-27T14:29:42.201+0000] {logging_mixin.py:188} INFO - [2025-12-27T14:29:42.201+0000] {dag.py:3954} INFO - Setting next_dagrun for dataset_produces_1 to 2025-12-26 00:00:00+00:00, run_after=2025-12-27 00:00:00+00:00
[2025-12-27T14:29:42.205+0000] {logging_mixin.py:188} INFO - [2025-12-27T14:29:42.205+0000] {dag.py:3954} INFO - Setting next_dagrun for dataset_produces_2 to None, run_after=None
[2025-12-27T14:29:42.305+0000] {processor.py:183} INFO - Processing /home/airflow/.local/lib/python3.12/site-packages/airflow/example_dags/example_datasets.py took 0.455 seconds
[2025-12-27T14:30:13.184+0000] {processor.py:161} INFO - Started process (PID=1429) to work on /home/airflow/.local/lib/python3.12/site-packages/airflow/example_dags/example_datasets.py
[2025-12-27T14:30:13.188+0000] {processor.py:830} INFO - Processing file /home/airflow/.local/lib/python3.12/site-packages/airflow/example_dags/example_datasets.py for tasks to queue
[2025-12-27T14:30:13.191+0000] {logging_mixin.py:188} INFO - [2025-12-27T14:30:13.190+0000] {dagbag.py:540} INFO - Filling up the DagBag from /home/airflow/.local/lib/python3.12/site-packages/airflow/example_dags/example_datasets.py
[2025-12-27T14:30:13.253+0000] {processor.py:840} INFO - DAG(s) 'dataset_produces_1', 'conditional_dataset_and_time_based_timetable', 'dataset_consumes_unknown_never_scheduled', 'dataset_consumes_1_and_2', 'dataset_consumes_1_never_scheduled', 'consume_1_or_both_2_and_3_with_dataset_expressions', 'consume_1_or_2_with_dataset_expressions', 'dataset_consumes_1', 'consume_1_and_2_with_dataset_expressions', 'dataset_produces_2' retrieved from /home/airflow/.local/lib/python3.12/site-packages/airflow/example_dags/example_datasets.py
[2025-12-27T14:30:13.516+0000] {logging_mixin.py:188} INFO - [2025-12-27T14:30:13.515+0000] {dag.py:3096} INFO - Sync 10 DAGs
[2025-12-27T14:30:13.670+0000] {logging_mixin.py:188} INFO - [2025-12-27T14:30:13.669+0000] {dag.py:3954} INFO - Setting next_dagrun for conditional_dataset_and_time_based_timetable to 2025-12-24 01:00:00+00:00, run_after=2025-12-24 01:00:00+00:00
[2025-12-27T14:30:13.691+0000] {logging_mixin.py:188} INFO - [2025-12-27T14:30:13.691+0000] {dag.py:3954} INFO - Setting next_dagrun for consume_1_and_2_with_dataset_expressions to None, run_after=None
[2025-12-27T14:30:13.697+0000] {logging_mixin.py:188} INFO - [2025-12-27T14:30:13.696+0000] {dag.py:3954} INFO - Setting next_dagrun for consume_1_or_2_with_dataset_expressions to None, run_after=None
[2025-12-27T14:30:13.702+0000] {logging_mixin.py:188} INFO - [2025-12-27T14:30:13.702+0000] {dag.py:3954} INFO - Setting next_dagrun for consume_1_or_both_2_and_3_with_dataset_expressions to None, run_after=None
[2025-12-27T14:30:13.709+0000] {logging_mixin.py:188} INFO - [2025-12-27T14:30:13.709+0000] {dag.py:3954} INFO - Setting next_dagrun for dataset_consumes_1 to None, run_after=None
[2025-12-27T14:30:13.717+0000] {logging_mixin.py:188} INFO - [2025-12-27T14:30:13.716+0000] {dag.py:3954} INFO - Setting next_dagrun for dataset_consumes_1_and_2 to None, run_after=None
[2025-12-27T14:30:13.723+0000] {logging_mixin.py:188} INFO - [2025-12-27T14:30:13.722+0000] {dag.py:3954} INFO - Setting next_dagrun for dataset_consumes_1_never_scheduled to None, run_after=None
[2025-12-27T14:30:13.729+0000] {logging_mixin.py:188} INFO - [2025-12-27T14:30:13.728+0000] {dag.py:3954} INFO - Setting next_dagrun for dataset_consumes_unknown_never_scheduled to None, run_after=None
[2025-12-27T14:30:13.740+0000] {logging_mixin.py:188} INFO - [2025-12-27T14:30:13.740+0000] {dag.py:3954} INFO - Setting next_dagrun for dataset_produces_1 to 2025-12-26 00:00:00+00:00, run_after=2025-12-27 00:00:00+00:00
[2025-12-27T14:30:13.745+0000] {logging_mixin.py:188} INFO - [2025-12-27T14:30:13.745+0000] {dag.py:3954} INFO - Setting next_dagrun for dataset_produces_2 to None, run_after=None
[2025-12-27T14:30:13.943+0000] {processor.py:183} INFO - Processing /home/airflow/.local/lib/python3.12/site-packages/airflow/example_dags/example_datasets.py took 0.784 seconds
[2025-12-27T14:30:45.002+0000] {processor.py:161} INFO - Started process (PID=1488) to work on /home/airflow/.local/lib/python3.12/site-packages/airflow/example_dags/example_datasets.py
[2025-12-27T14:30:45.006+0000] {processor.py:830} INFO - Processing file /home/airflow/.local/lib/python3.12/site-packages/airflow/example_dags/example_datasets.py for tasks to queue
[2025-12-27T14:30:45.011+0000] {logging_mixin.py:188} INFO - [2025-12-27T14:30:45.009+0000] {dagbag.py:540} INFO - Filling up the DagBag from /home/airflow/.local/lib/python3.12/site-packages/airflow/example_dags/example_datasets.py
[2025-12-27T14:30:45.057+0000] {processor.py:840} INFO - DAG(s) 'conditional_dataset_and_time_based_timetable', 'dataset_consumes_1_and_2', 'dataset_produces_1', 'dataset_consumes_unknown_never_scheduled', 'consume_1_or_both_2_and_3_with_dataset_expressions', 'consume_1_and_2_with_dataset_expressions', 'dataset_produces_2', 'consume_1_or_2_with_dataset_expressions', 'dataset_consumes_1_never_scheduled', 'dataset_consumes_1' retrieved from /home/airflow/.local/lib/python3.12/site-packages/airflow/example_dags/example_datasets.py
[2025-12-27T14:30:45.193+0000] {logging_mixin.py:188} INFO - [2025-12-27T14:30:45.192+0000] {dag.py:3096} INFO - Sync 10 DAGs
[2025-12-27T14:30:45.357+0000] {logging_mixin.py:188} INFO - [2025-12-27T14:30:45.356+0000] {dag.py:3954} INFO - Setting next_dagrun for conditional_dataset_and_time_based_timetable to 2025-12-24 01:00:00+00:00, run_after=2025-12-24 01:00:00+00:00
[2025-12-27T14:30:45.372+0000] {logging_mixin.py:188} INFO - [2025-12-27T14:30:45.371+0000] {dag.py:3954} INFO - Setting next_dagrun for consume_1_and_2_with_dataset_expressions to None, run_after=None
[2025-12-27T14:30:45.376+0000] {logging_mixin.py:188} INFO - [2025-12-27T14:30:45.376+0000] {dag.py:3954} INFO - Setting next_dagrun for consume_1_or_2_with_dataset_expressions to None, run_after=None
[2025-12-27T14:30:45.382+0000] {logging_mixin.py:188} INFO - [2025-12-27T14:30:45.381+0000] {dag.py:3954} INFO - Setting next_dagrun for consume_1_or_both_2_and_3_with_dataset_expressions to None, run_after=None
[2025-12-27T14:30:45.388+0000] {logging_mixin.py:188} INFO - [2025-12-27T14:30:45.388+0000] {dag.py:3954} INFO - Setting next_dagrun for dataset_consumes_1 to None, run_after=None
[2025-12-27T14:30:45.395+0000] {logging_mixin.py:188} INFO - [2025-12-27T14:30:45.394+0000] {dag.py:3954} INFO - Setting next_dagrun for dataset_consumes_1_and_2 to None, run_after=None
[2025-12-27T14:30:45.400+0000] {logging_mixin.py:188} INFO - [2025-12-27T14:30:45.400+0000] {dag.py:3954} INFO - Setting next_dagrun for dataset_consumes_1_never_scheduled to None, run_after=None
[2025-12-27T14:30:45.405+0000] {logging_mixin.py:188} INFO - [2025-12-27T14:30:45.404+0000] {dag.py:3954} INFO - Setting next_dagrun for dataset_consumes_unknown_never_scheduled to None, run_after=None
[2025-12-27T14:30:45.411+0000] {logging_mixin.py:188} INFO - [2025-12-27T14:30:45.410+0000] {dag.py:3954} INFO - Setting next_dagrun for dataset_produces_1 to 2025-12-26 00:00:00+00:00, run_after=2025-12-27 00:00:00+00:00
[2025-12-27T14:30:45.415+0000] {logging_mixin.py:188} INFO - [2025-12-27T14:30:45.414+0000] {dag.py:3954} INFO - Setting next_dagrun for dataset_produces_2 to None, run_after=None
[2025-12-27T14:30:45.518+0000] {processor.py:183} INFO - Processing /home/airflow/.local/lib/python3.12/site-packages/airflow/example_dags/example_datasets.py took 0.540 seconds
[2025-12-27T14:31:15.684+0000] {processor.py:161} INFO - Started process (PID=1546) to work on /home/airflow/.local/lib/python3.12/site-packages/airflow/example_dags/example_datasets.py
[2025-12-27T14:31:15.686+0000] {processor.py:830} INFO - Processing file /home/airflow/.local/lib/python3.12/site-packages/airflow/example_dags/example_datasets.py for tasks to queue
[2025-12-27T14:31:15.689+0000] {logging_mixin.py:188} INFO - [2025-12-27T14:31:15.688+0000] {dagbag.py:540} INFO - Filling up the DagBag from /home/airflow/.local/lib/python3.12/site-packages/airflow/example_dags/example_datasets.py
[2025-12-27T14:31:15.728+0000] {processor.py:840} INFO - DAG(s) 'dataset_produces_2', 'consume_1_or_2_with_dataset_expressions', 'dataset_produces_1', 'dataset_consumes_1', 'dataset_consumes_1_never_scheduled', 'dataset_consumes_1_and_2', 'consume_1_or_both_2_and_3_with_dataset_expressions', 'dataset_consumes_unknown_never_scheduled', 'consume_1_and_2_with_dataset_expressions', 'conditional_dataset_and_time_based_timetable' retrieved from /home/airflow/.local/lib/python3.12/site-packages/airflow/example_dags/example_datasets.py
[2025-12-27T14:31:15.847+0000] {logging_mixin.py:188} INFO - [2025-12-27T14:31:15.847+0000] {dag.py:3096} INFO - Sync 10 DAGs
[2025-12-27T14:31:15.913+0000] {logging_mixin.py:188} INFO - [2025-12-27T14:31:15.913+0000] {dag.py:3954} INFO - Setting next_dagrun for conditional_dataset_and_time_based_timetable to 2025-12-24 01:00:00+00:00, run_after=2025-12-24 01:00:00+00:00
[2025-12-27T14:31:15.923+0000] {logging_mixin.py:188} INFO - [2025-12-27T14:31:15.923+0000] {dag.py:3954} INFO - Setting next_dagrun for consume_1_and_2_with_dataset_expressions to None, run_after=None
[2025-12-27T14:31:15.929+0000] {logging_mixin.py:188} INFO - [2025-12-27T14:31:15.928+0000] {dag.py:3954} INFO - Setting next_dagrun for consume_1_or_2_with_dataset_expressions to None, run_after=None
[2025-12-27T14:31:15.933+0000] {logging_mixin.py:188} INFO - [2025-12-27T14:31:15.933+0000] {dag.py:3954} INFO - Setting next_dagrun for consume_1_or_both_2_and_3_with_dataset_expressions to None, run_after=None
[2025-12-27T14:31:15.940+0000] {logging_mixin.py:188} INFO - [2025-12-27T14:31:15.939+0000] {dag.py:3954} INFO - Setting next_dagrun for dataset_consumes_1 to None, run_after=None
[2025-12-27T14:31:15.944+0000] {logging_mixin.py:188} INFO - [2025-12-27T14:31:15.944+0000] {dag.py:3954} INFO - Setting next_dagrun for dataset_consumes_1_and_2 to None, run_after=None
[2025-12-27T14:31:15.949+0000] {logging_mixin.py:188} INFO - [2025-12-27T14:31:15.949+0000] {dag.py:3954} INFO - Setting next_dagrun for dataset_consumes_1_never_scheduled to None, run_after=None
[2025-12-27T14:31:15.953+0000] {logging_mixin.py:188} INFO - [2025-12-27T14:31:15.953+0000] {dag.py:3954} INFO - Setting next_dagrun for dataset_consumes_unknown_never_scheduled to None, run_after=None
[2025-12-27T14:31:15.962+0000] {logging_mixin.py:188} INFO - [2025-12-27T14:31:15.961+0000] {dag.py:3954} INFO - Setting next_dagrun for dataset_produces_1 to 2025-12-26 00:00:00+00:00, run_after=2025-12-27 00:00:00+00:00
[2025-12-27T14:31:15.967+0000] {logging_mixin.py:188} INFO - [2025-12-27T14:31:15.966+0000] {dag.py:3954} INFO - Setting next_dagrun for dataset_produces_2 to None, run_after=None
[2025-12-27T14:31:16.074+0000] {processor.py:183} INFO - Processing /home/airflow/.local/lib/python3.12/site-packages/airflow/example_dags/example_datasets.py took 0.407 seconds
[2025-12-27T14:31:46.283+0000] {processor.py:161} INFO - Started process (PID=1604) to work on /home/airflow/.local/lib/python3.12/site-packages/airflow/example_dags/example_datasets.py
[2025-12-27T14:31:46.286+0000] {processor.py:830} INFO - Processing file /home/airflow/.local/lib/python3.12/site-packages/airflow/example_dags/example_datasets.py for tasks to queue
[2025-12-27T14:31:46.289+0000] {logging_mixin.py:188} INFO - [2025-12-27T14:31:46.288+0000] {dagbag.py:540} INFO - Filling up the DagBag from /home/airflow/.local/lib/python3.12/site-packages/airflow/example_dags/example_datasets.py
[2025-12-27T14:31:46.336+0000] {processor.py:840} INFO - DAG(s) 'dataset_produces_2', 'dataset_consumes_1_and_2', 'consume_1_or_2_with_dataset_expressions', 'conditional_dataset_and_time_based_timetable', 'consume_1_or_both_2_and_3_with_dataset_expressions', 'dataset_consumes_1_never_scheduled', 'dataset_consumes_1', 'dataset_consumes_unknown_never_scheduled', 'dataset_produces_1', 'consume_1_and_2_with_dataset_expressions' retrieved from /home/airflow/.local/lib/python3.12/site-packages/airflow/example_dags/example_datasets.py
[2025-12-27T14:31:46.484+0000] {logging_mixin.py:188} INFO - [2025-12-27T14:31:46.483+0000] {dag.py:3096} INFO - Sync 10 DAGs
[2025-12-27T14:31:46.571+0000] {logging_mixin.py:188} INFO - [2025-12-27T14:31:46.570+0000] {dag.py:3954} INFO - Setting next_dagrun for conditional_dataset_and_time_based_timetable to 2025-12-24 01:00:00+00:00, run_after=2025-12-24 01:00:00+00:00
[2025-12-27T14:31:46.585+0000] {logging_mixin.py:188} INFO - [2025-12-27T14:31:46.584+0000] {dag.py:3954} INFO - Setting next_dagrun for consume_1_and_2_with_dataset_expressions to None, run_after=None
[2025-12-27T14:31:46.589+0000] {logging_mixin.py:188} INFO - [2025-12-27T14:31:46.588+0000] {dag.py:3954} INFO - Setting next_dagrun for consume_1_or_2_with_dataset_expressions to None, run_after=None
[2025-12-27T14:31:46.594+0000] {logging_mixin.py:188} INFO - [2025-12-27T14:31:46.593+0000] {dag.py:3954} INFO - Setting next_dagrun for consume_1_or_both_2_and_3_with_dataset_expressions to None, run_after=None
[2025-12-27T14:31:46.599+0000] {logging_mixin.py:188} INFO - [2025-12-27T14:31:46.599+0000] {dag.py:3954} INFO - Setting next_dagrun for dataset_consumes_1 to None, run_after=None
[2025-12-27T14:31:46.604+0000] {logging_mixin.py:188} INFO - [2025-12-27T14:31:46.603+0000] {dag.py:3954} INFO - Setting next_dagrun for dataset_consumes_1_and_2 to None, run_after=None
[2025-12-27T14:31:46.609+0000] {logging_mixin.py:188} INFO - [2025-12-27T14:31:46.608+0000] {dag.py:3954} INFO - Setting next_dagrun for dataset_consumes_1_never_scheduled to None, run_after=None
[2025-12-27T14:31:46.614+0000] {logging_mixin.py:188} INFO - [2025-12-27T14:31:46.613+0000] {dag.py:3954} INFO - Setting next_dagrun for dataset_consumes_unknown_never_scheduled to None, run_after=None
[2025-12-27T14:31:46.626+0000] {logging_mixin.py:188} INFO - [2025-12-27T14:31:46.625+0000] {dag.py:3954} INFO - Setting next_dagrun for dataset_produces_1 to 2025-12-26 00:00:00+00:00, run_after=2025-12-27 00:00:00+00:00
[2025-12-27T14:31:46.631+0000] {logging_mixin.py:188} INFO - [2025-12-27T14:31:46.631+0000] {dag.py:3954} INFO - Setting next_dagrun for dataset_produces_2 to None, run_after=None
[2025-12-27T14:31:46.732+0000] {processor.py:183} INFO - Processing /home/airflow/.local/lib/python3.12/site-packages/airflow/example_dags/example_datasets.py took 0.468 seconds
[2025-12-27T14:32:16.902+0000] {processor.py:161} INFO - Started process (PID=1662) to work on /home/airflow/.local/lib/python3.12/site-packages/airflow/example_dags/example_datasets.py
[2025-12-27T14:32:16.904+0000] {processor.py:830} INFO - Processing file /home/airflow/.local/lib/python3.12/site-packages/airflow/example_dags/example_datasets.py for tasks to queue
[2025-12-27T14:32:16.907+0000] {logging_mixin.py:188} INFO - [2025-12-27T14:32:16.906+0000] {dagbag.py:540} INFO - Filling up the DagBag from /home/airflow/.local/lib/python3.12/site-packages/airflow/example_dags/example_datasets.py
[2025-12-27T14:32:16.953+0000] {processor.py:840} INFO - DAG(s) 'dataset_produces_1', 'conditional_dataset_and_time_based_timetable', 'consume_1_and_2_with_dataset_expressions', 'dataset_consumes_1', 'consume_1_or_2_with_dataset_expressions', 'dataset_consumes_1_and_2', 'dataset_consumes_1_never_scheduled', 'dataset_produces_2', 'consume_1_or_both_2_and_3_with_dataset_expressions', 'dataset_consumes_unknown_never_scheduled' retrieved from /home/airflow/.local/lib/python3.12/site-packages/airflow/example_dags/example_datasets.py
[2025-12-27T14:32:17.086+0000] {logging_mixin.py:188} INFO - [2025-12-27T14:32:17.086+0000] {dag.py:3096} INFO - Sync 10 DAGs
[2025-12-27T14:32:17.150+0000] {logging_mixin.py:188} INFO - [2025-12-27T14:32:17.150+0000] {dag.py:3954} INFO - Setting next_dagrun for conditional_dataset_and_time_based_timetable to 2025-12-24 01:00:00+00:00, run_after=2025-12-24 01:00:00+00:00
[2025-12-27T14:32:17.160+0000] {logging_mixin.py:188} INFO - [2025-12-27T14:32:17.160+0000] {dag.py:3954} INFO - Setting next_dagrun for consume_1_and_2_with_dataset_expressions to None, run_after=None
[2025-12-27T14:32:17.164+0000] {logging_mixin.py:188} INFO - [2025-12-27T14:32:17.164+0000] {dag.py:3954} INFO - Setting next_dagrun for consume_1_or_2_with_dataset_expressions to None, run_after=None
[2025-12-27T14:32:17.168+0000] {logging_mixin.py:188} INFO - [2025-12-27T14:32:17.168+0000] {dag.py:3954} INFO - Setting next_dagrun for consume_1_or_both_2_and_3_with_dataset_expressions to None, run_after=None
[2025-12-27T14:32:17.174+0000] {logging_mixin.py:188} INFO - [2025-12-27T14:32:17.173+0000] {dag.py:3954} INFO - Setting next_dagrun for dataset_consumes_1 to None, run_after=None
[2025-12-27T14:32:17.177+0000] {logging_mixin.py:188} INFO - [2025-12-27T14:32:17.177+0000] {dag.py:3954} INFO - Setting next_dagrun for dataset_consumes_1_and_2 to None, run_after=None
[2025-12-27T14:32:17.181+0000] {logging_mixin.py:188} INFO - [2025-12-27T14:32:17.181+0000] {dag.py:3954} INFO - Setting next_dagrun for dataset_consumes_1_never_scheduled to None, run_after=None
[2025-12-27T14:32:17.185+0000] {logging_mixin.py:188} INFO - [2025-12-27T14:32:17.185+0000] {dag.py:3954} INFO - Setting next_dagrun for dataset_consumes_unknown_never_scheduled to None, run_after=None
[2025-12-27T14:32:17.191+0000] {logging_mixin.py:188} INFO - [2025-12-27T14:32:17.191+0000] {dag.py:3954} INFO - Setting next_dagrun for dataset_produces_1 to 2025-12-26 00:00:00+00:00, run_after=2025-12-27 00:00:00+00:00
[2025-12-27T14:32:17.195+0000] {logging_mixin.py:188} INFO - [2025-12-27T14:32:17.194+0000] {dag.py:3954} INFO - Setting next_dagrun for dataset_produces_2 to None, run_after=None
[2025-12-27T14:32:17.289+0000] {processor.py:183} INFO - Processing /home/airflow/.local/lib/python3.12/site-packages/airflow/example_dags/example_datasets.py took 0.405 seconds
[2025-12-27T14:32:47.656+0000] {processor.py:161} INFO - Started process (PID=1720) to work on /home/airflow/.local/lib/python3.12/site-packages/airflow/example_dags/example_datasets.py
[2025-12-27T14:32:47.660+0000] {processor.py:830} INFO - Processing file /home/airflow/.local/lib/python3.12/site-packages/airflow/example_dags/example_datasets.py for tasks to queue
[2025-12-27T14:32:47.663+0000] {logging_mixin.py:188} INFO - [2025-12-27T14:32:47.662+0000] {dagbag.py:540} INFO - Filling up the DagBag from /home/airflow/.local/lib/python3.12/site-packages/airflow/example_dags/example_datasets.py
[2025-12-27T14:32:47.724+0000] {processor.py:840} INFO - DAG(s) 'dataset_produces_1', 'dataset_consumes_unknown_never_scheduled', 'conditional_dataset_and_time_based_timetable', 'dataset_produces_2', 'dataset_consumes_1_never_scheduled', 'dataset_consumes_1_and_2', 'dataset_consumes_1', 'consume_1_or_both_2_and_3_with_dataset_expressions', 'consume_1_or_2_with_dataset_expressions', 'consume_1_and_2_with_dataset_expressions' retrieved from /home/airflow/.local/lib/python3.12/site-packages/airflow/example_dags/example_datasets.py
[2025-12-27T14:32:47.905+0000] {logging_mixin.py:188} INFO - [2025-12-27T14:32:47.904+0000] {dag.py:3096} INFO - Sync 10 DAGs
[2025-12-27T14:32:48.024+0000] {logging_mixin.py:188} INFO - [2025-12-27T14:32:48.023+0000] {dag.py:3954} INFO - Setting next_dagrun for conditional_dataset_and_time_based_timetable to 2025-12-24 01:00:00+00:00, run_after=2025-12-24 01:00:00+00:00
[2025-12-27T14:32:48.040+0000] {logging_mixin.py:188} INFO - [2025-12-27T14:32:48.040+0000] {dag.py:3954} INFO - Setting next_dagrun for consume_1_and_2_with_dataset_expressions to None, run_after=None
[2025-12-27T14:32:48.046+0000] {logging_mixin.py:188} INFO - [2025-12-27T14:32:48.045+0000] {dag.py:3954} INFO - Setting next_dagrun for consume_1_or_2_with_dataset_expressions to None, run_after=None
[2025-12-27T14:32:48.052+0000] {logging_mixin.py:188} INFO - [2025-12-27T14:32:48.051+0000] {dag.py:3954} INFO - Setting next_dagrun for consume_1_or_both_2_and_3_with_dataset_expressions to None, run_after=None
[2025-12-27T14:32:48.058+0000] {logging_mixin.py:188} INFO - [2025-12-27T14:32:48.057+0000] {dag.py:3954} INFO - Setting next_dagrun for dataset_consumes_1 to None, run_after=None
[2025-12-27T14:32:48.064+0000] {logging_mixin.py:188} INFO - [2025-12-27T14:32:48.063+0000] {dag.py:3954} INFO - Setting next_dagrun for dataset_consumes_1_and_2 to None, run_after=None
[2025-12-27T14:32:48.070+0000] {logging_mixin.py:188} INFO - [2025-12-27T14:32:48.069+0000] {dag.py:3954} INFO - Setting next_dagrun for dataset_consumes_1_never_scheduled to None, run_after=None
[2025-12-27T14:32:48.076+0000] {logging_mixin.py:188} INFO - [2025-12-27T14:32:48.075+0000] {dag.py:3954} INFO - Setting next_dagrun for dataset_consumes_unknown_never_scheduled to None, run_after=None
[2025-12-27T14:32:48.083+0000] {logging_mixin.py:188} INFO - [2025-12-27T14:32:48.082+0000] {dag.py:3954} INFO - Setting next_dagrun for dataset_produces_1 to 2025-12-26 00:00:00+00:00, run_after=2025-12-27 00:00:00+00:00
[2025-12-27T14:32:48.088+0000] {logging_mixin.py:188} INFO - [2025-12-27T14:32:48.088+0000] {dag.py:3954} INFO - Setting next_dagrun for dataset_produces_2 to None, run_after=None
[2025-12-27T14:32:48.401+0000] {processor.py:183} INFO - Processing /home/airflow/.local/lib/python3.12/site-packages/airflow/example_dags/example_datasets.py took 0.769 seconds
[2025-12-27T14:33:19.829+0000] {processor.py:161} INFO - Started process (PID=1780) to work on /home/airflow/.local/lib/python3.12/site-packages/airflow/example_dags/example_datasets.py
[2025-12-27T14:33:19.836+0000] {processor.py:830} INFO - Processing file /home/airflow/.local/lib/python3.12/site-packages/airflow/example_dags/example_datasets.py for tasks to queue
[2025-12-27T14:33:19.841+0000] {logging_mixin.py:188} INFO - [2025-12-27T14:33:19.839+0000] {dagbag.py:540} INFO - Filling up the DagBag from /home/airflow/.local/lib/python3.12/site-packages/airflow/example_dags/example_datasets.py
[2025-12-27T14:33:19.916+0000] {processor.py:840} INFO - DAG(s) 'dataset_produces_1', 'consume_1_or_2_with_dataset_expressions', 'consume_1_or_both_2_and_3_with_dataset_expressions', 'dataset_consumes_1_never_scheduled', 'dataset_consumes_1', 'dataset_produces_2', 'dataset_consumes_1_and_2', 'dataset_consumes_unknown_never_scheduled', 'consume_1_and_2_with_dataset_expressions', 'conditional_dataset_and_time_based_timetable' retrieved from /home/airflow/.local/lib/python3.12/site-packages/airflow/example_dags/example_datasets.py
[2025-12-27T14:33:20.133+0000] {logging_mixin.py:188} INFO - [2025-12-27T14:33:20.132+0000] {dag.py:3096} INFO - Sync 10 DAGs
[2025-12-27T14:33:20.236+0000] {logging_mixin.py:188} INFO - [2025-12-27T14:33:20.235+0000] {dag.py:3954} INFO - Setting next_dagrun for conditional_dataset_and_time_based_timetable to 2025-12-24 01:00:00+00:00, run_after=2025-12-24 01:00:00+00:00
[2025-12-27T14:33:20.254+0000] {logging_mixin.py:188} INFO - [2025-12-27T14:33:20.253+0000] {dag.py:3954} INFO - Setting next_dagrun for consume_1_and_2_with_dataset_expressions to None, run_after=None
[2025-12-27T14:33:20.259+0000] {logging_mixin.py:188} INFO - [2025-12-27T14:33:20.259+0000] {dag.py:3954} INFO - Setting next_dagrun for consume_1_or_2_with_dataset_expressions to None, run_after=None
[2025-12-27T14:33:20.264+0000] {logging_mixin.py:188} INFO - [2025-12-27T14:33:20.264+0000] {dag.py:3954} INFO - Setting next_dagrun for consume_1_or_both_2_and_3_with_dataset_expressions to None, run_after=None
[2025-12-27T14:33:20.270+0000] {logging_mixin.py:188} INFO - [2025-12-27T14:33:20.270+0000] {dag.py:3954} INFO - Setting next_dagrun for dataset_consumes_1 to None, run_after=None
[2025-12-27T14:33:20.275+0000] {logging_mixin.py:188} INFO - [2025-12-27T14:33:20.275+0000] {dag.py:3954} INFO - Setting next_dagrun for dataset_consumes_1_and_2 to None, run_after=None
[2025-12-27T14:33:20.281+0000] {logging_mixin.py:188} INFO - [2025-12-27T14:33:20.280+0000] {dag.py:3954} INFO - Setting next_dagrun for dataset_consumes_1_never_scheduled to None, run_after=None
[2025-12-27T14:33:20.286+0000] {logging_mixin.py:188} INFO - [2025-12-27T14:33:20.286+0000] {dag.py:3954} INFO - Setting next_dagrun for dataset_consumes_unknown_never_scheduled to None, run_after=None
[2025-12-27T14:33:20.294+0000] {logging_mixin.py:188} INFO - [2025-12-27T14:33:20.294+0000] {dag.py:3954} INFO - Setting next_dagrun for dataset_produces_1 to 2025-12-26 00:00:00+00:00, run_after=2025-12-27 00:00:00+00:00
[2025-12-27T14:33:20.300+0000] {logging_mixin.py:188} INFO - [2025-12-27T14:33:20.300+0000] {dag.py:3954} INFO - Setting next_dagrun for dataset_produces_2 to None, run_after=None
[2025-12-27T14:33:20.554+0000] {processor.py:183} INFO - Processing /home/airflow/.local/lib/python3.12/site-packages/airflow/example_dags/example_datasets.py took 0.753 seconds
[2025-12-27T14:33:51.098+0000] {processor.py:161} INFO - Started process (PID=1842) to work on /home/airflow/.local/lib/python3.12/site-packages/airflow/example_dags/example_datasets.py
[2025-12-27T14:33:51.100+0000] {processor.py:830} INFO - Processing file /home/airflow/.local/lib/python3.12/site-packages/airflow/example_dags/example_datasets.py for tasks to queue
[2025-12-27T14:33:51.106+0000] {logging_mixin.py:188} INFO - [2025-12-27T14:33:51.105+0000] {dagbag.py:540} INFO - Filling up the DagBag from /home/airflow/.local/lib/python3.12/site-packages/airflow/example_dags/example_datasets.py
[2025-12-27T14:33:51.154+0000] {processor.py:840} INFO - DAG(s) 'dataset_produces_2', 'dataset_consumes_1_never_scheduled', 'dataset_consumes_unknown_never_scheduled', 'consume_1_or_2_with_dataset_expressions', 'dataset_consumes_1_and_2', 'conditional_dataset_and_time_based_timetable', 'consume_1_and_2_with_dataset_expressions', 'dataset_consumes_1', 'consume_1_or_both_2_and_3_with_dataset_expressions', 'dataset_produces_1' retrieved from /home/airflow/.local/lib/python3.12/site-packages/airflow/example_dags/example_datasets.py
[2025-12-27T14:33:51.287+0000] {logging_mixin.py:188} INFO - [2025-12-27T14:33:51.286+0000] {dag.py:3096} INFO - Sync 10 DAGs
[2025-12-27T14:33:51.370+0000] {logging_mixin.py:188} INFO - [2025-12-27T14:33:51.369+0000] {dag.py:3954} INFO - Setting next_dagrun for conditional_dataset_and_time_based_timetable to 2025-12-24 01:00:00+00:00, run_after=2025-12-24 01:00:00+00:00
[2025-12-27T14:33:51.382+0000] {logging_mixin.py:188} INFO - [2025-12-27T14:33:51.381+0000] {dag.py:3954} INFO - Setting next_dagrun for consume_1_and_2_with_dataset_expressions to None, run_after=None
[2025-12-27T14:33:51.386+0000] {logging_mixin.py:188} INFO - [2025-12-27T14:33:51.385+0000] {dag.py:3954} INFO - Setting next_dagrun for consume_1_or_2_with_dataset_expressions to None, run_after=None
[2025-12-27T14:33:51.390+0000] {logging_mixin.py:188} INFO - [2025-12-27T14:33:51.389+0000] {dag.py:3954} INFO - Setting next_dagrun for consume_1_or_both_2_and_3_with_dataset_expressions to None, run_after=None
[2025-12-27T14:33:51.395+0000] {logging_mixin.py:188} INFO - [2025-12-27T14:33:51.394+0000] {dag.py:3954} INFO - Setting next_dagrun for dataset_consumes_1 to None, run_after=None
[2025-12-27T14:33:51.399+0000] {logging_mixin.py:188} INFO - [2025-12-27T14:33:51.398+0000] {dag.py:3954} INFO - Setting next_dagrun for dataset_consumes_1_and_2 to None, run_after=None
[2025-12-27T14:33:51.403+0000] {logging_mixin.py:188} INFO - [2025-12-27T14:33:51.402+0000] {dag.py:3954} INFO - Setting next_dagrun for dataset_consumes_1_never_scheduled to None, run_after=None
[2025-12-27T14:33:51.409+0000] {logging_mixin.py:188} INFO - [2025-12-27T14:33:51.408+0000] {dag.py:3954} INFO - Setting next_dagrun for dataset_consumes_unknown_never_scheduled to None, run_after=None
[2025-12-27T14:33:51.416+0000] {logging_mixin.py:188} INFO - [2025-12-27T14:33:51.416+0000] {dag.py:3954} INFO - Setting next_dagrun for dataset_produces_1 to 2025-12-26 00:00:00+00:00, run_after=2025-12-27 00:00:00+00:00
[2025-12-27T14:33:51.421+0000] {logging_mixin.py:188} INFO - [2025-12-27T14:33:51.420+0000] {dag.py:3954} INFO - Setting next_dagrun for dataset_produces_2 to None, run_after=None
[2025-12-27T14:33:51.530+0000] {processor.py:183} INFO - Processing /home/airflow/.local/lib/python3.12/site-packages/airflow/example_dags/example_datasets.py took 0.452 seconds
[2025-12-27T14:34:21.714+0000] {processor.py:161} INFO - Started process (PID=1900) to work on /home/airflow/.local/lib/python3.12/site-packages/airflow/example_dags/example_datasets.py
[2025-12-27T14:34:21.718+0000] {processor.py:830} INFO - Processing file /home/airflow/.local/lib/python3.12/site-packages/airflow/example_dags/example_datasets.py for tasks to queue
[2025-12-27T14:34:21.721+0000] {logging_mixin.py:188} INFO - [2025-12-27T14:34:21.720+0000] {dagbag.py:540} INFO - Filling up the DagBag from /home/airflow/.local/lib/python3.12/site-packages/airflow/example_dags/example_datasets.py
[2025-12-27T14:34:21.763+0000] {processor.py:840} INFO - DAG(s) 'consume_1_or_both_2_and_3_with_dataset_expressions', 'dataset_produces_1', 'dataset_consumes_unknown_never_scheduled', 'dataset_produces_2', 'dataset_consumes_1', 'dataset_consumes_1_never_scheduled', 'consume_1_or_2_with_dataset_expressions', 'conditional_dataset_and_time_based_timetable', 'dataset_consumes_1_and_2', 'consume_1_and_2_with_dataset_expressions' retrieved from /home/airflow/.local/lib/python3.12/site-packages/airflow/example_dags/example_datasets.py
[2025-12-27T14:34:21.967+0000] {logging_mixin.py:188} INFO - [2025-12-27T14:34:21.966+0000] {dag.py:3096} INFO - Sync 10 DAGs
[2025-12-27T14:34:22.124+0000] {logging_mixin.py:188} INFO - [2025-12-27T14:34:22.123+0000] {dag.py:3954} INFO - Setting next_dagrun for conditional_dataset_and_time_based_timetable to 2025-12-24 01:00:00+00:00, run_after=2025-12-24 01:00:00+00:00
[2025-12-27T14:34:22.135+0000] {logging_mixin.py:188} INFO - [2025-12-27T14:34:22.134+0000] {dag.py:3954} INFO - Setting next_dagrun for consume_1_and_2_with_dataset_expressions to None, run_after=None
[2025-12-27T14:34:22.139+0000] {logging_mixin.py:188} INFO - [2025-12-27T14:34:22.138+0000] {dag.py:3954} INFO - Setting next_dagrun for consume_1_or_2_with_dataset_expressions to None, run_after=None
[2025-12-27T14:34:22.142+0000] {logging_mixin.py:188} INFO - [2025-12-27T14:34:22.142+0000] {dag.py:3954} INFO - Setting next_dagrun for consume_1_or_both_2_and_3_with_dataset_expressions to None, run_after=None
[2025-12-27T14:34:22.147+0000] {logging_mixin.py:188} INFO - [2025-12-27T14:34:22.146+0000] {dag.py:3954} INFO - Setting next_dagrun for dataset_consumes_1 to None, run_after=None
[2025-12-27T14:34:22.152+0000] {logging_mixin.py:188} INFO - [2025-12-27T14:34:22.151+0000] {dag.py:3954} INFO - Setting next_dagrun for dataset_consumes_1_and_2 to None, run_after=None
[2025-12-27T14:34:22.157+0000] {logging_mixin.py:188} INFO - [2025-12-27T14:34:22.156+0000] {dag.py:3954} INFO - Setting next_dagrun for dataset_consumes_1_never_scheduled to None, run_after=None
[2025-12-27T14:34:22.161+0000] {logging_mixin.py:188} INFO - [2025-12-27T14:34:22.160+0000] {dag.py:3954} INFO - Setting next_dagrun for dataset_consumes_unknown_never_scheduled to None, run_after=None
[2025-12-27T14:34:22.170+0000] {logging_mixin.py:188} INFO - [2025-12-27T14:34:22.169+0000] {dag.py:3954} INFO - Setting next_dagrun for dataset_produces_1 to 2025-12-26 00:00:00+00:00, run_after=2025-12-27 00:00:00+00:00
[2025-12-27T14:34:22.174+0000] {logging_mixin.py:188} INFO - [2025-12-27T14:34:22.174+0000] {dag.py:3954} INFO - Setting next_dagrun for dataset_produces_2 to None, run_after=None
[2025-12-27T14:34:22.326+0000] {processor.py:183} INFO - Processing /home/airflow/.local/lib/python3.12/site-packages/airflow/example_dags/example_datasets.py took 0.630 seconds
[2025-12-27T14:34:52.640+0000] {processor.py:161} INFO - Started process (PID=1959) to work on /home/airflow/.local/lib/python3.12/site-packages/airflow/example_dags/example_datasets.py
[2025-12-27T14:34:52.644+0000] {processor.py:830} INFO - Processing file /home/airflow/.local/lib/python3.12/site-packages/airflow/example_dags/example_datasets.py for tasks to queue
[2025-12-27T14:34:52.647+0000] {logging_mixin.py:188} INFO - [2025-12-27T14:34:52.646+0000] {dagbag.py:540} INFO - Filling up the DagBag from /home/airflow/.local/lib/python3.12/site-packages/airflow/example_dags/example_datasets.py
[2025-12-27T14:34:52.735+0000] {processor.py:840} INFO - DAG(s) 'conditional_dataset_and_time_based_timetable', 'dataset_produces_1', 'dataset_consumes_1', 'dataset_consumes_1_and_2', 'consume_1_or_2_with_dataset_expressions', 'consume_1_and_2_with_dataset_expressions', 'dataset_consumes_1_never_scheduled', 'dataset_produces_2', 'dataset_consumes_unknown_never_scheduled', 'consume_1_or_both_2_and_3_with_dataset_expressions' retrieved from /home/airflow/.local/lib/python3.12/site-packages/airflow/example_dags/example_datasets.py
[2025-12-27T14:34:52.881+0000] {logging_mixin.py:188} INFO - [2025-12-27T14:34:52.880+0000] {dag.py:3096} INFO - Sync 10 DAGs
[2025-12-27T14:34:52.962+0000] {logging_mixin.py:188} INFO - [2025-12-27T14:34:52.962+0000] {dag.py:3954} INFO - Setting next_dagrun for conditional_dataset_and_time_based_timetable to 2025-12-24 01:00:00+00:00, run_after=2025-12-24 01:00:00+00:00
[2025-12-27T14:34:52.975+0000] {logging_mixin.py:188} INFO - [2025-12-27T14:34:52.974+0000] {dag.py:3954} INFO - Setting next_dagrun for consume_1_and_2_with_dataset_expressions to None, run_after=None
[2025-12-27T14:34:52.979+0000] {logging_mixin.py:188} INFO - [2025-12-27T14:34:52.978+0000] {dag.py:3954} INFO - Setting next_dagrun for consume_1_or_2_with_dataset_expressions to None, run_after=None
[2025-12-27T14:34:52.984+0000] {logging_mixin.py:188} INFO - [2025-12-27T14:34:52.983+0000] {dag.py:3954} INFO - Setting next_dagrun for consume_1_or_both_2_and_3_with_dataset_expressions to None, run_after=None
[2025-12-27T14:34:52.989+0000] {logging_mixin.py:188} INFO - [2025-12-27T14:34:52.988+0000] {dag.py:3954} INFO - Setting next_dagrun for dataset_consumes_1 to None, run_after=None
[2025-12-27T14:34:52.995+0000] {logging_mixin.py:188} INFO - [2025-12-27T14:34:52.994+0000] {dag.py:3954} INFO - Setting next_dagrun for dataset_consumes_1_and_2 to None, run_after=None
[2025-12-27T14:34:52.999+0000] {logging_mixin.py:188} INFO - [2025-12-27T14:34:52.999+0000] {dag.py:3954} INFO - Setting next_dagrun for dataset_consumes_1_never_scheduled to None, run_after=None
[2025-12-27T14:34:53.004+0000] {logging_mixin.py:188} INFO - [2025-12-27T14:34:53.003+0000] {dag.py:3954} INFO - Setting next_dagrun for dataset_consumes_unknown_never_scheduled to None, run_after=None
[2025-12-27T14:34:53.013+0000] {logging_mixin.py:188} INFO - [2025-12-27T14:34:53.012+0000] {dag.py:3954} INFO - Setting next_dagrun for dataset_produces_1 to 2025-12-26 00:00:00+00:00, run_after=2025-12-27 00:00:00+00:00
[2025-12-27T14:34:53.018+0000] {logging_mixin.py:188} INFO - [2025-12-27T14:34:53.017+0000] {dag.py:3954} INFO - Setting next_dagrun for dataset_produces_2 to None, run_after=None
[2025-12-27T14:34:53.148+0000] {processor.py:183} INFO - Processing /home/airflow/.local/lib/python3.12/site-packages/airflow/example_dags/example_datasets.py took 0.531 seconds
[2025-12-27T14:35:24.082+0000] {processor.py:161} INFO - Started process (PID=2017) to work on /home/airflow/.local/lib/python3.12/site-packages/airflow/example_dags/example_datasets.py
[2025-12-27T14:35:24.086+0000] {processor.py:830} INFO - Processing file /home/airflow/.local/lib/python3.12/site-packages/airflow/example_dags/example_datasets.py for tasks to queue
[2025-12-27T14:35:24.091+0000] {logging_mixin.py:188} INFO - [2025-12-27T14:35:24.090+0000] {dagbag.py:540} INFO - Filling up the DagBag from /home/airflow/.local/lib/python3.12/site-packages/airflow/example_dags/example_datasets.py
[2025-12-27T14:35:24.196+0000] {processor.py:840} INFO - DAG(s) 'dataset_consumes_1_and_2', 'dataset_produces_1', 'dataset_consumes_1_never_scheduled', 'consume_1_and_2_with_dataset_expressions', 'conditional_dataset_and_time_based_timetable', 'consume_1_or_both_2_and_3_with_dataset_expressions', 'dataset_produces_2', 'dataset_consumes_unknown_never_scheduled', 'consume_1_or_2_with_dataset_expressions', 'dataset_consumes_1' retrieved from /home/airflow/.local/lib/python3.12/site-packages/airflow/example_dags/example_datasets.py
[2025-12-27T14:35:24.405+0000] {logging_mixin.py:188} INFO - [2025-12-27T14:35:24.404+0000] {dag.py:3096} INFO - Sync 10 DAGs
[2025-12-27T14:35:24.524+0000] {logging_mixin.py:188} INFO - [2025-12-27T14:35:24.523+0000] {dag.py:3954} INFO - Setting next_dagrun for conditional_dataset_and_time_based_timetable to 2025-12-24 01:00:00+00:00, run_after=2025-12-24 01:00:00+00:00
[2025-12-27T14:35:24.541+0000] {logging_mixin.py:188} INFO - [2025-12-27T14:35:24.541+0000] {dag.py:3954} INFO - Setting next_dagrun for consume_1_and_2_with_dataset_expressions to None, run_after=None
[2025-12-27T14:35:24.548+0000] {logging_mixin.py:188} INFO - [2025-12-27T14:35:24.547+0000] {dag.py:3954} INFO - Setting next_dagrun for consume_1_or_2_with_dataset_expressions to None, run_after=None
[2025-12-27T14:35:24.554+0000] {logging_mixin.py:188} INFO - [2025-12-27T14:35:24.553+0000] {dag.py:3954} INFO - Setting next_dagrun for consume_1_or_both_2_and_3_with_dataset_expressions to None, run_after=None
[2025-12-27T14:35:24.559+0000] {logging_mixin.py:188} INFO - [2025-12-27T14:35:24.558+0000] {dag.py:3954} INFO - Setting next_dagrun for dataset_consumes_1 to None, run_after=None
[2025-12-27T14:35:24.567+0000] {logging_mixin.py:188} INFO - [2025-12-27T14:35:24.565+0000] {dag.py:3954} INFO - Setting next_dagrun for dataset_consumes_1_and_2 to None, run_after=None
[2025-12-27T14:35:24.574+0000] {logging_mixin.py:188} INFO - [2025-12-27T14:35:24.573+0000] {dag.py:3954} INFO - Setting next_dagrun for dataset_consumes_1_never_scheduled to None, run_after=None
[2025-12-27T14:35:24.578+0000] {logging_mixin.py:188} INFO - [2025-12-27T14:35:24.578+0000] {dag.py:3954} INFO - Setting next_dagrun for dataset_consumes_unknown_never_scheduled to None, run_after=None
[2025-12-27T14:35:24.593+0000] {logging_mixin.py:188} INFO - [2025-12-27T14:35:24.592+0000] {dag.py:3954} INFO - Setting next_dagrun for dataset_produces_1 to 2025-12-26 00:00:00+00:00, run_after=2025-12-27 00:00:00+00:00
[2025-12-27T14:35:24.598+0000] {logging_mixin.py:188} INFO - [2025-12-27T14:35:24.597+0000] {dag.py:3954} INFO - Setting next_dagrun for dataset_produces_2 to None, run_after=None
[2025-12-27T14:35:24.765+0000] {processor.py:183} INFO - Processing /home/airflow/.local/lib/python3.12/site-packages/airflow/example_dags/example_datasets.py took 0.702 seconds
[2025-12-27T14:35:55.786+0000] {processor.py:161} INFO - Started process (PID=2074) to work on /home/airflow/.local/lib/python3.12/site-packages/airflow/example_dags/example_datasets.py
[2025-12-27T14:35:55.793+0000] {processor.py:830} INFO - Processing file /home/airflow/.local/lib/python3.12/site-packages/airflow/example_dags/example_datasets.py for tasks to queue
[2025-12-27T14:35:55.803+0000] {logging_mixin.py:188} INFO - [2025-12-27T14:35:55.802+0000] {dagbag.py:540} INFO - Filling up the DagBag from /home/airflow/.local/lib/python3.12/site-packages/airflow/example_dags/example_datasets.py
[2025-12-27T14:35:56.021+0000] {processor.py:840} INFO - DAG(s) 'dataset_consumes_1_and_2', 'dataset_produces_2', 'dataset_consumes_unknown_never_scheduled', 'consume_1_or_2_with_dataset_expressions', 'dataset_consumes_1_never_scheduled', 'dataset_consumes_1', 'consume_1_or_both_2_and_3_with_dataset_expressions', 'dataset_produces_1', 'conditional_dataset_and_time_based_timetable', 'consume_1_and_2_with_dataset_expressions' retrieved from /home/airflow/.local/lib/python3.12/site-packages/airflow/example_dags/example_datasets.py
[2025-12-27T14:35:56.587+0000] {logging_mixin.py:188} INFO - [2025-12-27T14:35:56.587+0000] {dag.py:3096} INFO - Sync 10 DAGs
[2025-12-27T14:35:57.293+0000] {logging_mixin.py:188} INFO - [2025-12-27T14:35:57.292+0000] {dag.py:3954} INFO - Setting next_dagrun for conditional_dataset_and_time_based_timetable to 2025-12-24 01:00:00+00:00, run_after=2025-12-24 01:00:00+00:00
[2025-12-27T14:35:57.367+0000] {logging_mixin.py:188} INFO - [2025-12-27T14:35:57.366+0000] {dag.py:3954} INFO - Setting next_dagrun for consume_1_and_2_with_dataset_expressions to None, run_after=None
[2025-12-27T14:35:57.407+0000] {logging_mixin.py:188} INFO - [2025-12-27T14:35:57.406+0000] {dag.py:3954} INFO - Setting next_dagrun for consume_1_or_2_with_dataset_expressions to None, run_after=None
[2025-12-27T14:35:57.437+0000] {logging_mixin.py:188} INFO - [2025-12-27T14:35:57.436+0000] {dag.py:3954} INFO - Setting next_dagrun for consume_1_or_both_2_and_3_with_dataset_expressions to None, run_after=None
[2025-12-27T14:35:57.469+0000] {logging_mixin.py:188} INFO - [2025-12-27T14:35:57.469+0000] {dag.py:3954} INFO - Setting next_dagrun for dataset_consumes_1 to None, run_after=None
[2025-12-27T14:35:57.487+0000] {logging_mixin.py:188} INFO - [2025-12-27T14:35:57.486+0000] {dag.py:3954} INFO - Setting next_dagrun for dataset_consumes_1_and_2 to None, run_after=None
[2025-12-27T14:35:57.509+0000] {logging_mixin.py:188} INFO - [2025-12-27T14:35:57.508+0000] {dag.py:3954} INFO - Setting next_dagrun for dataset_consumes_1_never_scheduled to None, run_after=None
[2025-12-27T14:35:57.531+0000] {logging_mixin.py:188} INFO - [2025-12-27T14:35:57.530+0000] {dag.py:3954} INFO - Setting next_dagrun for dataset_consumes_unknown_never_scheduled to None, run_after=None
[2025-12-27T14:35:57.564+0000] {logging_mixin.py:188} INFO - [2025-12-27T14:35:57.563+0000] {dag.py:3954} INFO - Setting next_dagrun for dataset_produces_1 to 2025-12-26 00:00:00+00:00, run_after=2025-12-27 00:00:00+00:00
[2025-12-27T14:35:57.580+0000] {logging_mixin.py:188} INFO - [2025-12-27T14:35:57.570+0000] {dag.py:3954} INFO - Setting next_dagrun for dataset_produces_2 to None, run_after=None
[2025-12-27T14:35:57.885+0000] {processor.py:183} INFO - Processing /home/airflow/.local/lib/python3.12/site-packages/airflow/example_dags/example_datasets.py took 2.145 seconds
[2025-12-27T14:36:35.791+0000] {processor.py:161} INFO - Started process (PID=2128) to work on /home/airflow/.local/lib/python3.12/site-packages/airflow/example_dags/example_datasets.py
[2025-12-27T14:36:35.797+0000] {processor.py:830} INFO - Processing file /home/airflow/.local/lib/python3.12/site-packages/airflow/example_dags/example_datasets.py for tasks to queue
[2025-12-27T14:36:35.804+0000] {logging_mixin.py:188} INFO - [2025-12-27T14:36:35.802+0000] {dagbag.py:540} INFO - Filling up the DagBag from /home/airflow/.local/lib/python3.12/site-packages/airflow/example_dags/example_datasets.py
[2025-12-27T14:36:35.901+0000] {processor.py:840} INFO - DAG(s) 'consume_1_and_2_with_dataset_expressions', 'consume_1_or_2_with_dataset_expressions', 'conditional_dataset_and_time_based_timetable', 'consume_1_or_both_2_and_3_with_dataset_expressions', 'dataset_produces_2', 'dataset_consumes_1', 'dataset_consumes_1_never_scheduled', 'dataset_consumes_unknown_never_scheduled', 'dataset_consumes_1_and_2', 'dataset_produces_1' retrieved from /home/airflow/.local/lib/python3.12/site-packages/airflow/example_dags/example_datasets.py
[2025-12-27T14:36:36.107+0000] {logging_mixin.py:188} INFO - [2025-12-27T14:36:36.106+0000] {dag.py:3096} INFO - Sync 10 DAGs
[2025-12-27T14:36:36.211+0000] {logging_mixin.py:188} INFO - [2025-12-27T14:36:36.210+0000] {dag.py:3954} INFO - Setting next_dagrun for conditional_dataset_and_time_based_timetable to 2025-12-24 01:00:00+00:00, run_after=2025-12-24 01:00:00+00:00
[2025-12-27T14:36:36.228+0000] {logging_mixin.py:188} INFO - [2025-12-27T14:36:36.228+0000] {dag.py:3954} INFO - Setting next_dagrun for consume_1_and_2_with_dataset_expressions to None, run_after=None
[2025-12-27T14:36:36.233+0000] {logging_mixin.py:188} INFO - [2025-12-27T14:36:36.232+0000] {dag.py:3954} INFO - Setting next_dagrun for consume_1_or_2_with_dataset_expressions to None, run_after=None
[2025-12-27T14:36:36.239+0000] {logging_mixin.py:188} INFO - [2025-12-27T14:36:36.238+0000] {dag.py:3954} INFO - Setting next_dagrun for consume_1_or_both_2_and_3_with_dataset_expressions to None, run_after=None
[2025-12-27T14:36:36.243+0000] {logging_mixin.py:188} INFO - [2025-12-27T14:36:36.243+0000] {dag.py:3954} INFO - Setting next_dagrun for dataset_consumes_1 to None, run_after=None
[2025-12-27T14:36:36.247+0000] {logging_mixin.py:188} INFO - [2025-12-27T14:36:36.247+0000] {dag.py:3954} INFO - Setting next_dagrun for dataset_consumes_1_and_2 to None, run_after=None
[2025-12-27T14:36:36.251+0000] {logging_mixin.py:188} INFO - [2025-12-27T14:36:36.251+0000] {dag.py:3954} INFO - Setting next_dagrun for dataset_consumes_1_never_scheduled to None, run_after=None
[2025-12-27T14:36:36.259+0000] {logging_mixin.py:188} INFO - [2025-12-27T14:36:36.259+0000] {dag.py:3954} INFO - Setting next_dagrun for dataset_consumes_unknown_never_scheduled to None, run_after=None
[2025-12-27T14:36:36.267+0000] {logging_mixin.py:188} INFO - [2025-12-27T14:36:36.267+0000] {dag.py:3954} INFO - Setting next_dagrun for dataset_produces_1 to 2025-12-26 00:00:00+00:00, run_after=2025-12-27 00:00:00+00:00
[2025-12-27T14:36:36.273+0000] {logging_mixin.py:188} INFO - [2025-12-27T14:36:36.272+0000] {dag.py:3954} INFO - Setting next_dagrun for dataset_produces_2 to None, run_after=None
[2025-12-27T14:36:36.423+0000] {processor.py:183} INFO - Processing /home/airflow/.local/lib/python3.12/site-packages/airflow/example_dags/example_datasets.py took 0.669 seconds
[2025-12-27T14:37:06.569+0000] {processor.py:161} INFO - Started process (PID=2187) to work on /home/airflow/.local/lib/python3.12/site-packages/airflow/example_dags/example_datasets.py
[2025-12-27T14:37:06.573+0000] {processor.py:830} INFO - Processing file /home/airflow/.local/lib/python3.12/site-packages/airflow/example_dags/example_datasets.py for tasks to queue
[2025-12-27T14:37:06.576+0000] {logging_mixin.py:188} INFO - [2025-12-27T14:37:06.575+0000] {dagbag.py:540} INFO - Filling up the DagBag from /home/airflow/.local/lib/python3.12/site-packages/airflow/example_dags/example_datasets.py
[2025-12-27T14:37:06.645+0000] {processor.py:840} INFO - DAG(s) 'consume_1_and_2_with_dataset_expressions', 'dataset_produces_2', 'consume_1_or_2_with_dataset_expressions', 'dataset_consumes_1', 'dataset_produces_1', 'dataset_consumes_1_and_2', 'dataset_consumes_1_never_scheduled', 'dataset_consumes_unknown_never_scheduled', 'conditional_dataset_and_time_based_timetable', 'consume_1_or_both_2_and_3_with_dataset_expressions' retrieved from /home/airflow/.local/lib/python3.12/site-packages/airflow/example_dags/example_datasets.py
[2025-12-27T14:37:06.782+0000] {logging_mixin.py:188} INFO - [2025-12-27T14:37:06.781+0000] {dag.py:3096} INFO - Sync 10 DAGs
[2025-12-27T14:37:06.859+0000] {logging_mixin.py:188} INFO - [2025-12-27T14:37:06.859+0000] {dag.py:3954} INFO - Setting next_dagrun for conditional_dataset_and_time_based_timetable to 2025-12-24 01:00:00+00:00, run_after=2025-12-24 01:00:00+00:00
[2025-12-27T14:37:06.873+0000] {logging_mixin.py:188} INFO - [2025-12-27T14:37:06.873+0000] {dag.py:3954} INFO - Setting next_dagrun for consume_1_and_2_with_dataset_expressions to None, run_after=None
[2025-12-27T14:37:06.878+0000] {logging_mixin.py:188} INFO - [2025-12-27T14:37:06.877+0000] {dag.py:3954} INFO - Setting next_dagrun for consume_1_or_2_with_dataset_expressions to None, run_after=None
[2025-12-27T14:37:06.882+0000] {logging_mixin.py:188} INFO - [2025-12-27T14:37:06.881+0000] {dag.py:3954} INFO - Setting next_dagrun for consume_1_or_both_2_and_3_with_dataset_expressions to None, run_after=None
[2025-12-27T14:37:06.886+0000] {logging_mixin.py:188} INFO - [2025-12-27T14:37:06.885+0000] {dag.py:3954} INFO - Setting next_dagrun for dataset_consumes_1 to None, run_after=None
[2025-12-27T14:37:06.892+0000] {logging_mixin.py:188} INFO - [2025-12-27T14:37:06.891+0000] {dag.py:3954} INFO - Setting next_dagrun for dataset_consumes_1_and_2 to None, run_after=None
[2025-12-27T14:37:06.898+0000] {logging_mixin.py:188} INFO - [2025-12-27T14:37:06.897+0000] {dag.py:3954} INFO - Setting next_dagrun for dataset_consumes_1_never_scheduled to None, run_after=None
[2025-12-27T14:37:06.903+0000] {logging_mixin.py:188} INFO - [2025-12-27T14:37:06.902+0000] {dag.py:3954} INFO - Setting next_dagrun for dataset_consumes_unknown_never_scheduled to None, run_after=None
[2025-12-27T14:37:06.912+0000] {logging_mixin.py:188} INFO - [2025-12-27T14:37:06.911+0000] {dag.py:3954} INFO - Setting next_dagrun for dataset_produces_1 to 2025-12-26 00:00:00+00:00, run_after=2025-12-27 00:00:00+00:00
[2025-12-27T14:37:06.916+0000] {logging_mixin.py:188} INFO - [2025-12-27T14:37:06.915+0000] {dag.py:3954} INFO - Setting next_dagrun for dataset_produces_2 to None, run_after=None
[2025-12-27T14:37:07.024+0000] {processor.py:183} INFO - Processing /home/airflow/.local/lib/python3.12/site-packages/airflow/example_dags/example_datasets.py took 0.474 seconds
[2025-12-27T14:37:38.436+0000] {processor.py:161} INFO - Started process (PID=2246) to work on /home/airflow/.local/lib/python3.12/site-packages/airflow/example_dags/example_datasets.py
[2025-12-27T14:37:38.439+0000] {processor.py:830} INFO - Processing file /home/airflow/.local/lib/python3.12/site-packages/airflow/example_dags/example_datasets.py for tasks to queue
[2025-12-27T14:37:38.442+0000] {logging_mixin.py:188} INFO - [2025-12-27T14:37:38.441+0000] {dagbag.py:540} INFO - Filling up the DagBag from /home/airflow/.local/lib/python3.12/site-packages/airflow/example_dags/example_datasets.py
[2025-12-27T14:37:38.504+0000] {processor.py:840} INFO - DAG(s) 'dataset_consumes_1_and_2', 'consume_1_or_2_with_dataset_expressions', 'dataset_produces_2', 'consume_1_and_2_with_dataset_expressions', 'dataset_consumes_1', 'consume_1_or_both_2_and_3_with_dataset_expressions', 'dataset_consumes_1_never_scheduled', 'conditional_dataset_and_time_based_timetable', 'dataset_produces_1', 'dataset_consumes_unknown_never_scheduled' retrieved from /home/airflow/.local/lib/python3.12/site-packages/airflow/example_dags/example_datasets.py
[2025-12-27T14:37:38.648+0000] {logging_mixin.py:188} INFO - [2025-12-27T14:37:38.647+0000] {dag.py:3096} INFO - Sync 10 DAGs
[2025-12-27T14:37:38.719+0000] {logging_mixin.py:188} INFO - [2025-12-27T14:37:38.719+0000] {dag.py:3954} INFO - Setting next_dagrun for conditional_dataset_and_time_based_timetable to 2025-12-24 01:00:00+00:00, run_after=2025-12-24 01:00:00+00:00
[2025-12-27T14:37:38.729+0000] {logging_mixin.py:188} INFO - [2025-12-27T14:37:38.729+0000] {dag.py:3954} INFO - Setting next_dagrun for consume_1_and_2_with_dataset_expressions to None, run_after=None
[2025-12-27T14:37:38.733+0000] {logging_mixin.py:188} INFO - [2025-12-27T14:37:38.733+0000] {dag.py:3954} INFO - Setting next_dagrun for consume_1_or_2_with_dataset_expressions to None, run_after=None
[2025-12-27T14:37:38.736+0000] {logging_mixin.py:188} INFO - [2025-12-27T14:37:38.736+0000] {dag.py:3954} INFO - Setting next_dagrun for consume_1_or_both_2_and_3_with_dataset_expressions to None, run_after=None
[2025-12-27T14:37:38.740+0000] {logging_mixin.py:188} INFO - [2025-12-27T14:37:38.739+0000] {dag.py:3954} INFO - Setting next_dagrun for dataset_consumes_1 to None, run_after=None
[2025-12-27T14:37:38.744+0000] {logging_mixin.py:188} INFO - [2025-12-27T14:37:38.743+0000] {dag.py:3954} INFO - Setting next_dagrun for dataset_consumes_1_and_2 to None, run_after=None
[2025-12-27T14:37:38.749+0000] {logging_mixin.py:188} INFO - [2025-12-27T14:37:38.748+0000] {dag.py:3954} INFO - Setting next_dagrun for dataset_consumes_1_never_scheduled to None, run_after=None
[2025-12-27T14:37:38.753+0000] {logging_mixin.py:188} INFO - [2025-12-27T14:37:38.753+0000] {dag.py:3954} INFO - Setting next_dagrun for dataset_consumes_unknown_never_scheduled to None, run_after=None
[2025-12-27T14:37:38.760+0000] {logging_mixin.py:188} INFO - [2025-12-27T14:37:38.760+0000] {dag.py:3954} INFO - Setting next_dagrun for dataset_produces_1 to 2025-12-26 00:00:00+00:00, run_after=2025-12-27 00:00:00+00:00
[2025-12-27T14:37:38.765+0000] {logging_mixin.py:188} INFO - [2025-12-27T14:37:38.765+0000] {dag.py:3954} INFO - Setting next_dagrun for dataset_produces_2 to None, run_after=None
[2025-12-27T14:37:38.872+0000] {processor.py:183} INFO - Processing /home/airflow/.local/lib/python3.12/site-packages/airflow/example_dags/example_datasets.py took 0.460 seconds
[2025-12-27T14:38:09.695+0000] {processor.py:161} INFO - Started process (PID=2304) to work on /home/airflow/.local/lib/python3.12/site-packages/airflow/example_dags/example_datasets.py
[2025-12-27T14:38:09.700+0000] {processor.py:830} INFO - Processing file /home/airflow/.local/lib/python3.12/site-packages/airflow/example_dags/example_datasets.py for tasks to queue
[2025-12-27T14:38:09.705+0000] {logging_mixin.py:188} INFO - [2025-12-27T14:38:09.703+0000] {dagbag.py:540} INFO - Filling up the DagBag from /home/airflow/.local/lib/python3.12/site-packages/airflow/example_dags/example_datasets.py
[2025-12-27T14:38:09.782+0000] {processor.py:840} INFO - DAG(s) 'dataset_produces_1', 'consume_1_or_both_2_and_3_with_dataset_expressions', 'dataset_consumes_1_never_scheduled', 'dataset_consumes_unknown_never_scheduled', 'dataset_consumes_1_and_2', 'dataset_produces_2', 'consume_1_or_2_with_dataset_expressions', 'conditional_dataset_and_time_based_timetable', 'dataset_consumes_1', 'consume_1_and_2_with_dataset_expressions' retrieved from /home/airflow/.local/lib/python3.12/site-packages/airflow/example_dags/example_datasets.py
[2025-12-27T14:38:09.953+0000] {logging_mixin.py:188} INFO - [2025-12-27T14:38:09.952+0000] {dag.py:3096} INFO - Sync 10 DAGs
[2025-12-27T14:38:10.045+0000] {logging_mixin.py:188} INFO - [2025-12-27T14:38:10.044+0000] {dag.py:3954} INFO - Setting next_dagrun for conditional_dataset_and_time_based_timetable to 2025-12-24 01:00:00+00:00, run_after=2025-12-24 01:00:00+00:00
[2025-12-27T14:38:10.057+0000] {logging_mixin.py:188} INFO - [2025-12-27T14:38:10.057+0000] {dag.py:3954} INFO - Setting next_dagrun for consume_1_and_2_with_dataset_expressions to None, run_after=None
[2025-12-27T14:38:10.062+0000] {logging_mixin.py:188} INFO - [2025-12-27T14:38:10.062+0000] {dag.py:3954} INFO - Setting next_dagrun for consume_1_or_2_with_dataset_expressions to None, run_after=None
[2025-12-27T14:38:10.065+0000] {logging_mixin.py:188} INFO - [2025-12-27T14:38:10.065+0000] {dag.py:3954} INFO - Setting next_dagrun for consume_1_or_both_2_and_3_with_dataset_expressions to None, run_after=None
[2025-12-27T14:38:10.069+0000] {logging_mixin.py:188} INFO - [2025-12-27T14:38:10.069+0000] {dag.py:3954} INFO - Setting next_dagrun for dataset_consumes_1 to None, run_after=None
[2025-12-27T14:38:10.074+0000] {logging_mixin.py:188} INFO - [2025-12-27T14:38:10.073+0000] {dag.py:3954} INFO - Setting next_dagrun for dataset_consumes_1_and_2 to None, run_after=None
[2025-12-27T14:38:10.078+0000] {logging_mixin.py:188} INFO - [2025-12-27T14:38:10.078+0000] {dag.py:3954} INFO - Setting next_dagrun for dataset_consumes_1_never_scheduled to None, run_after=None
[2025-12-27T14:38:10.081+0000] {logging_mixin.py:188} INFO - [2025-12-27T14:38:10.081+0000] {dag.py:3954} INFO - Setting next_dagrun for dataset_consumes_unknown_never_scheduled to None, run_after=None
[2025-12-27T14:38:10.089+0000] {logging_mixin.py:188} INFO - [2025-12-27T14:38:10.088+0000] {dag.py:3954} INFO - Setting next_dagrun for dataset_produces_1 to 2025-12-26 00:00:00+00:00, run_after=2025-12-27 00:00:00+00:00
[2025-12-27T14:38:10.093+0000] {logging_mixin.py:188} INFO - [2025-12-27T14:38:10.092+0000] {dag.py:3954} INFO - Setting next_dagrun for dataset_produces_2 to None, run_after=None
[2025-12-27T14:38:10.215+0000] {processor.py:183} INFO - Processing /home/airflow/.local/lib/python3.12/site-packages/airflow/example_dags/example_datasets.py took 0.545 seconds
[2025-12-27T14:38:40.615+0000] {processor.py:161} INFO - Started process (PID=2362) to work on /home/airflow/.local/lib/python3.12/site-packages/airflow/example_dags/example_datasets.py
[2025-12-27T14:38:40.629+0000] {processor.py:830} INFO - Processing file /home/airflow/.local/lib/python3.12/site-packages/airflow/example_dags/example_datasets.py for tasks to queue
[2025-12-27T14:38:40.645+0000] {logging_mixin.py:188} INFO - [2025-12-27T14:38:40.632+0000] {dagbag.py:540} INFO - Filling up the DagBag from /home/airflow/.local/lib/python3.12/site-packages/airflow/example_dags/example_datasets.py
[2025-12-27T14:38:40.868+0000] {processor.py:840} INFO - DAG(s) 'dataset_produces_1', 'dataset_consumes_1', 'consume_1_or_both_2_and_3_with_dataset_expressions', 'conditional_dataset_and_time_based_timetable', 'dataset_produces_2', 'consume_1_or_2_with_dataset_expressions', 'consume_1_and_2_with_dataset_expressions', 'dataset_consumes_unknown_never_scheduled', 'dataset_consumes_1_never_scheduled', 'dataset_consumes_1_and_2' retrieved from /home/airflow/.local/lib/python3.12/site-packages/airflow/example_dags/example_datasets.py
[2025-12-27T14:38:41.204+0000] {logging_mixin.py:188} INFO - [2025-12-27T14:38:41.203+0000] {dag.py:3096} INFO - Sync 10 DAGs
[2025-12-27T14:38:41.331+0000] {logging_mixin.py:188} INFO - [2025-12-27T14:38:41.330+0000] {dag.py:3954} INFO - Setting next_dagrun for conditional_dataset_and_time_based_timetable to 2025-12-24 01:00:00+00:00, run_after=2025-12-24 01:00:00+00:00
[2025-12-27T14:38:41.365+0000] {logging_mixin.py:188} INFO - [2025-12-27T14:38:41.360+0000] {dag.py:3954} INFO - Setting next_dagrun for consume_1_and_2_with_dataset_expressions to None, run_after=None
[2025-12-27T14:38:41.371+0000] {logging_mixin.py:188} INFO - [2025-12-27T14:38:41.370+0000] {dag.py:3954} INFO - Setting next_dagrun for consume_1_or_2_with_dataset_expressions to None, run_after=None
[2025-12-27T14:38:41.378+0000] {logging_mixin.py:188} INFO - [2025-12-27T14:38:41.377+0000] {dag.py:3954} INFO - Setting next_dagrun for consume_1_or_both_2_and_3_with_dataset_expressions to None, run_after=None
[2025-12-27T14:38:41.394+0000] {logging_mixin.py:188} INFO - [2025-12-27T14:38:41.393+0000] {dag.py:3954} INFO - Setting next_dagrun for dataset_consumes_1 to None, run_after=None
[2025-12-27T14:38:41.409+0000] {logging_mixin.py:188} INFO - [2025-12-27T14:38:41.408+0000] {dag.py:3954} INFO - Setting next_dagrun for dataset_consumes_1_and_2 to None, run_after=None
[2025-12-27T14:38:41.416+0000] {logging_mixin.py:188} INFO - [2025-12-27T14:38:41.415+0000] {dag.py:3954} INFO - Setting next_dagrun for dataset_consumes_1_never_scheduled to None, run_after=None
[2025-12-27T14:38:41.428+0000] {logging_mixin.py:188} INFO - [2025-12-27T14:38:41.425+0000] {dag.py:3954} INFO - Setting next_dagrun for dataset_consumes_unknown_never_scheduled to None, run_after=None
[2025-12-27T14:38:41.449+0000] {logging_mixin.py:188} INFO - [2025-12-27T14:38:41.448+0000] {dag.py:3954} INFO - Setting next_dagrun for dataset_produces_1 to 2025-12-26 00:00:00+00:00, run_after=2025-12-27 00:00:00+00:00
[2025-12-27T14:38:41.454+0000] {logging_mixin.py:188} INFO - [2025-12-27T14:38:41.454+0000] {dag.py:3954} INFO - Setting next_dagrun for dataset_produces_2 to None, run_after=None
[2025-12-27T14:38:41.699+0000] {processor.py:183} INFO - Processing /home/airflow/.local/lib/python3.12/site-packages/airflow/example_dags/example_datasets.py took 1.136 seconds
[2025-12-27T14:39:12.581+0000] {processor.py:161} INFO - Started process (PID=2418) to work on /home/airflow/.local/lib/python3.12/site-packages/airflow/example_dags/example_datasets.py
[2025-12-27T14:39:12.584+0000] {processor.py:830} INFO - Processing file /home/airflow/.local/lib/python3.12/site-packages/airflow/example_dags/example_datasets.py for tasks to queue
[2025-12-27T14:39:12.588+0000] {logging_mixin.py:188} INFO - [2025-12-27T14:39:12.586+0000] {dagbag.py:540} INFO - Filling up the DagBag from /home/airflow/.local/lib/python3.12/site-packages/airflow/example_dags/example_datasets.py
[2025-12-27T14:39:12.657+0000] {processor.py:840} INFO - DAG(s) 'consume_1_or_2_with_dataset_expressions', 'conditional_dataset_and_time_based_timetable', 'dataset_consumes_unknown_never_scheduled', 'dataset_consumes_1_and_2', 'dataset_produces_2', 'dataset_consumes_1_never_scheduled', 'dataset_consumes_1', 'dataset_produces_1', 'consume_1_and_2_with_dataset_expressions', 'consume_1_or_both_2_and_3_with_dataset_expressions' retrieved from /home/airflow/.local/lib/python3.12/site-packages/airflow/example_dags/example_datasets.py
[2025-12-27T14:39:12.984+0000] {logging_mixin.py:188} INFO - [2025-12-27T14:39:12.983+0000] {dag.py:3096} INFO - Sync 10 DAGs
[2025-12-27T14:39:13.090+0000] {logging_mixin.py:188} INFO - [2025-12-27T14:39:13.089+0000] {dag.py:3954} INFO - Setting next_dagrun for conditional_dataset_and_time_based_timetable to 2025-12-24 01:00:00+00:00, run_after=2025-12-24 01:00:00+00:00
[2025-12-27T14:39:13.106+0000] {logging_mixin.py:188} INFO - [2025-12-27T14:39:13.106+0000] {dag.py:3954} INFO - Setting next_dagrun for consume_1_and_2_with_dataset_expressions to None, run_after=None
[2025-12-27T14:39:13.118+0000] {logging_mixin.py:188} INFO - [2025-12-27T14:39:13.113+0000] {dag.py:3954} INFO - Setting next_dagrun for consume_1_or_2_with_dataset_expressions to None, run_after=None
[2025-12-27T14:39:13.124+0000] {logging_mixin.py:188} INFO - [2025-12-27T14:39:13.123+0000] {dag.py:3954} INFO - Setting next_dagrun for consume_1_or_both_2_and_3_with_dataset_expressions to None, run_after=None
[2025-12-27T14:39:13.130+0000] {logging_mixin.py:188} INFO - [2025-12-27T14:39:13.129+0000] {dag.py:3954} INFO - Setting next_dagrun for dataset_consumes_1 to None, run_after=None
[2025-12-27T14:39:13.137+0000] {logging_mixin.py:188} INFO - [2025-12-27T14:39:13.136+0000] {dag.py:3954} INFO - Setting next_dagrun for dataset_consumes_1_and_2 to None, run_after=None
[2025-12-27T14:39:13.142+0000] {logging_mixin.py:188} INFO - [2025-12-27T14:39:13.141+0000] {dag.py:3954} INFO - Setting next_dagrun for dataset_consumes_1_never_scheduled to None, run_after=None
[2025-12-27T14:39:13.149+0000] {logging_mixin.py:188} INFO - [2025-12-27T14:39:13.147+0000] {dag.py:3954} INFO - Setting next_dagrun for dataset_consumes_unknown_never_scheduled to None, run_after=None
[2025-12-27T14:39:13.156+0000] {logging_mixin.py:188} INFO - [2025-12-27T14:39:13.156+0000] {dag.py:3954} INFO - Setting next_dagrun for dataset_produces_1 to 2025-12-26 00:00:00+00:00, run_after=2025-12-27 00:00:00+00:00
[2025-12-27T14:39:13.160+0000] {logging_mixin.py:188} INFO - [2025-12-27T14:39:13.159+0000] {dag.py:3954} INFO - Setting next_dagrun for dataset_produces_2 to None, run_after=None
[2025-12-27T14:39:13.321+0000] {processor.py:183} INFO - Processing /home/airflow/.local/lib/python3.12/site-packages/airflow/example_dags/example_datasets.py took 0.768 seconds
[2025-12-27T14:39:43.869+0000] {processor.py:161} INFO - Started process (PID=2476) to work on /home/airflow/.local/lib/python3.12/site-packages/airflow/example_dags/example_datasets.py
[2025-12-27T14:39:43.874+0000] {processor.py:830} INFO - Processing file /home/airflow/.local/lib/python3.12/site-packages/airflow/example_dags/example_datasets.py for tasks to queue
[2025-12-27T14:39:43.877+0000] {logging_mixin.py:188} INFO - [2025-12-27T14:39:43.876+0000] {dagbag.py:540} INFO - Filling up the DagBag from /home/airflow/.local/lib/python3.12/site-packages/airflow/example_dags/example_datasets.py
[2025-12-27T14:39:44.429+0000] {processor.py:840} INFO - DAG(s) 'dataset_consumes_1_never_scheduled', 'dataset_consumes_1_and_2', 'consume_1_or_both_2_and_3_with_dataset_expressions', 'conditional_dataset_and_time_based_timetable', 'dataset_consumes_unknown_never_scheduled', 'dataset_produces_1', 'consume_1_and_2_with_dataset_expressions', 'dataset_consumes_1', 'dataset_produces_2', 'consume_1_or_2_with_dataset_expressions' retrieved from /home/airflow/.local/lib/python3.12/site-packages/airflow/example_dags/example_datasets.py
[2025-12-27T14:39:44.614+0000] {logging_mixin.py:188} INFO - [2025-12-27T14:39:44.613+0000] {dag.py:3096} INFO - Sync 10 DAGs
[2025-12-27T14:39:44.694+0000] {logging_mixin.py:188} INFO - [2025-12-27T14:39:44.693+0000] {dag.py:3954} INFO - Setting next_dagrun for conditional_dataset_and_time_based_timetable to 2025-12-24 01:00:00+00:00, run_after=2025-12-24 01:00:00+00:00
[2025-12-27T14:39:44.703+0000] {logging_mixin.py:188} INFO - [2025-12-27T14:39:44.703+0000] {dag.py:3954} INFO - Setting next_dagrun for consume_1_and_2_with_dataset_expressions to None, run_after=None
[2025-12-27T14:39:44.707+0000] {logging_mixin.py:188} INFO - [2025-12-27T14:39:44.706+0000] {dag.py:3954} INFO - Setting next_dagrun for consume_1_or_2_with_dataset_expressions to None, run_after=None
[2025-12-27T14:39:44.710+0000] {logging_mixin.py:188} INFO - [2025-12-27T14:39:44.709+0000] {dag.py:3954} INFO - Setting next_dagrun for consume_1_or_both_2_and_3_with_dataset_expressions to None, run_after=None
[2025-12-27T14:39:44.714+0000] {logging_mixin.py:188} INFO - [2025-12-27T14:39:44.713+0000] {dag.py:3954} INFO - Setting next_dagrun for dataset_consumes_1 to None, run_after=None
[2025-12-27T14:39:44.720+0000] {logging_mixin.py:188} INFO - [2025-12-27T14:39:44.719+0000] {dag.py:3954} INFO - Setting next_dagrun for dataset_consumes_1_and_2 to None, run_after=None
[2025-12-27T14:39:44.724+0000] {logging_mixin.py:188} INFO - [2025-12-27T14:39:44.723+0000] {dag.py:3954} INFO - Setting next_dagrun for dataset_consumes_1_never_scheduled to None, run_after=None
[2025-12-27T14:39:44.728+0000] {logging_mixin.py:188} INFO - [2025-12-27T14:39:44.727+0000] {dag.py:3954} INFO - Setting next_dagrun for dataset_consumes_unknown_never_scheduled to None, run_after=None
[2025-12-27T14:39:44.738+0000] {logging_mixin.py:188} INFO - [2025-12-27T14:39:44.737+0000] {dag.py:3954} INFO - Setting next_dagrun for dataset_produces_1 to 2025-12-26 00:00:00+00:00, run_after=2025-12-27 00:00:00+00:00
[2025-12-27T14:39:44.741+0000] {logging_mixin.py:188} INFO - [2025-12-27T14:39:44.741+0000] {dag.py:3954} INFO - Setting next_dagrun for dataset_produces_2 to None, run_after=None
[2025-12-27T14:39:44.862+0000] {processor.py:183} INFO - Processing /home/airflow/.local/lib/python3.12/site-packages/airflow/example_dags/example_datasets.py took 1.017 seconds
[2025-12-27T14:40:15.168+0000] {processor.py:161} INFO - Started process (PID=2535) to work on /home/airflow/.local/lib/python3.12/site-packages/airflow/example_dags/example_datasets.py
[2025-12-27T14:40:15.173+0000] {processor.py:830} INFO - Processing file /home/airflow/.local/lib/python3.12/site-packages/airflow/example_dags/example_datasets.py for tasks to queue
[2025-12-27T14:40:15.175+0000] {logging_mixin.py:188} INFO - [2025-12-27T14:40:15.174+0000] {dagbag.py:540} INFO - Filling up the DagBag from /home/airflow/.local/lib/python3.12/site-packages/airflow/example_dags/example_datasets.py
[2025-12-27T14:40:15.239+0000] {processor.py:840} INFO - DAG(s) 'consume_1_and_2_with_dataset_expressions', 'consume_1_or_both_2_and_3_with_dataset_expressions', 'dataset_consumes_unknown_never_scheduled', 'dataset_produces_2', 'dataset_consumes_1', 'dataset_consumes_1_never_scheduled', 'consume_1_or_2_with_dataset_expressions', 'dataset_consumes_1_and_2', 'dataset_produces_1', 'conditional_dataset_and_time_based_timetable' retrieved from /home/airflow/.local/lib/python3.12/site-packages/airflow/example_dags/example_datasets.py
[2025-12-27T14:40:15.369+0000] {logging_mixin.py:188} INFO - [2025-12-27T14:40:15.369+0000] {dag.py:3096} INFO - Sync 10 DAGs
[2025-12-27T14:40:15.459+0000] {logging_mixin.py:188} INFO - [2025-12-27T14:40:15.458+0000] {dag.py:3954} INFO - Setting next_dagrun for conditional_dataset_and_time_based_timetable to 2025-12-24 01:00:00+00:00, run_after=2025-12-24 01:00:00+00:00
[2025-12-27T14:40:15.469+0000] {logging_mixin.py:188} INFO - [2025-12-27T14:40:15.469+0000] {dag.py:3954} INFO - Setting next_dagrun for consume_1_and_2_with_dataset_expressions to None, run_after=None
[2025-12-27T14:40:15.473+0000] {logging_mixin.py:188} INFO - [2025-12-27T14:40:15.473+0000] {dag.py:3954} INFO - Setting next_dagrun for consume_1_or_2_with_dataset_expressions to None, run_after=None
[2025-12-27T14:40:15.477+0000] {logging_mixin.py:188} INFO - [2025-12-27T14:40:15.476+0000] {dag.py:3954} INFO - Setting next_dagrun for consume_1_or_both_2_and_3_with_dataset_expressions to None, run_after=None
[2025-12-27T14:40:15.482+0000] {logging_mixin.py:188} INFO - [2025-12-27T14:40:15.481+0000] {dag.py:3954} INFO - Setting next_dagrun for dataset_consumes_1 to None, run_after=None
[2025-12-27T14:40:15.487+0000] {logging_mixin.py:188} INFO - [2025-12-27T14:40:15.486+0000] {dag.py:3954} INFO - Setting next_dagrun for dataset_consumes_1_and_2 to None, run_after=None
[2025-12-27T14:40:15.491+0000] {logging_mixin.py:188} INFO - [2025-12-27T14:40:15.490+0000] {dag.py:3954} INFO - Setting next_dagrun for dataset_consumes_1_never_scheduled to None, run_after=None
[2025-12-27T14:40:15.496+0000] {logging_mixin.py:188} INFO - [2025-12-27T14:40:15.495+0000] {dag.py:3954} INFO - Setting next_dagrun for dataset_consumes_unknown_never_scheduled to None, run_after=None
[2025-12-27T14:40:15.505+0000] {logging_mixin.py:188} INFO - [2025-12-27T14:40:15.504+0000] {dag.py:3954} INFO - Setting next_dagrun for dataset_produces_1 to 2025-12-26 00:00:00+00:00, run_after=2025-12-27 00:00:00+00:00
[2025-12-27T14:40:15.512+0000] {logging_mixin.py:188} INFO - [2025-12-27T14:40:15.511+0000] {dag.py:3954} INFO - Setting next_dagrun for dataset_produces_2 to None, run_after=None
[2025-12-27T14:40:15.629+0000] {processor.py:183} INFO - Processing /home/airflow/.local/lib/python3.12/site-packages/airflow/example_dags/example_datasets.py took 0.492 seconds
[2025-12-27T14:40:45.856+0000] {processor.py:161} INFO - Started process (PID=2593) to work on /home/airflow/.local/lib/python3.12/site-packages/airflow/example_dags/example_datasets.py
[2025-12-27T14:40:45.859+0000] {processor.py:830} INFO - Processing file /home/airflow/.local/lib/python3.12/site-packages/airflow/example_dags/example_datasets.py for tasks to queue
[2025-12-27T14:40:45.862+0000] {logging_mixin.py:188} INFO - [2025-12-27T14:40:45.861+0000] {dagbag.py:540} INFO - Filling up the DagBag from /home/airflow/.local/lib/python3.12/site-packages/airflow/example_dags/example_datasets.py
[2025-12-27T14:40:45.912+0000] {processor.py:840} INFO - DAG(s) 'consume_1_or_2_with_dataset_expressions', 'consume_1_or_both_2_and_3_with_dataset_expressions', 'consume_1_and_2_with_dataset_expressions', 'dataset_consumes_unknown_never_scheduled', 'dataset_consumes_1_never_scheduled', 'dataset_produces_1', 'dataset_consumes_1', 'dataset_consumes_1_and_2', 'dataset_produces_2', 'conditional_dataset_and_time_based_timetable' retrieved from /home/airflow/.local/lib/python3.12/site-packages/airflow/example_dags/example_datasets.py
[2025-12-27T14:40:46.053+0000] {logging_mixin.py:188} INFO - [2025-12-27T14:40:46.053+0000] {dag.py:3096} INFO - Sync 10 DAGs
[2025-12-27T14:40:46.140+0000] {logging_mixin.py:188} INFO - [2025-12-27T14:40:46.140+0000] {dag.py:3954} INFO - Setting next_dagrun for conditional_dataset_and_time_based_timetable to 2025-12-24 01:00:00+00:00, run_after=2025-12-24 01:00:00+00:00
[2025-12-27T14:40:46.150+0000] {logging_mixin.py:188} INFO - [2025-12-27T14:40:46.150+0000] {dag.py:3954} INFO - Setting next_dagrun for consume_1_and_2_with_dataset_expressions to None, run_after=None
[2025-12-27T14:40:46.155+0000] {logging_mixin.py:188} INFO - [2025-12-27T14:40:46.155+0000] {dag.py:3954} INFO - Setting next_dagrun for consume_1_or_2_with_dataset_expressions to None, run_after=None
[2025-12-27T14:40:46.159+0000] {logging_mixin.py:188} INFO - [2025-12-27T14:40:46.159+0000] {dag.py:3954} INFO - Setting next_dagrun for consume_1_or_both_2_and_3_with_dataset_expressions to None, run_after=None
[2025-12-27T14:40:46.164+0000] {logging_mixin.py:188} INFO - [2025-12-27T14:40:46.164+0000] {dag.py:3954} INFO - Setting next_dagrun for dataset_consumes_1 to None, run_after=None
[2025-12-27T14:40:46.169+0000] {logging_mixin.py:188} INFO - [2025-12-27T14:40:46.168+0000] {dag.py:3954} INFO - Setting next_dagrun for dataset_consumes_1_and_2 to None, run_after=None
[2025-12-27T14:40:46.174+0000] {logging_mixin.py:188} INFO - [2025-12-27T14:40:46.173+0000] {dag.py:3954} INFO - Setting next_dagrun for dataset_consumes_1_never_scheduled to None, run_after=None
[2025-12-27T14:40:46.177+0000] {logging_mixin.py:188} INFO - [2025-12-27T14:40:46.177+0000] {dag.py:3954} INFO - Setting next_dagrun for dataset_consumes_unknown_never_scheduled to None, run_after=None
[2025-12-27T14:40:46.185+0000] {logging_mixin.py:188} INFO - [2025-12-27T14:40:46.185+0000] {dag.py:3954} INFO - Setting next_dagrun for dataset_produces_1 to 2025-12-26 00:00:00+00:00, run_after=2025-12-27 00:00:00+00:00
[2025-12-27T14:40:46.204+0000] {logging_mixin.py:188} INFO - [2025-12-27T14:40:46.203+0000] {dag.py:3954} INFO - Setting next_dagrun for dataset_produces_2 to None, run_after=None
[2025-12-27T14:40:46.335+0000] {processor.py:183} INFO - Processing /home/airflow/.local/lib/python3.12/site-packages/airflow/example_dags/example_datasets.py took 0.500 seconds
[2025-12-27T14:41:17.197+0000] {processor.py:161} INFO - Started process (PID=2650) to work on /home/airflow/.local/lib/python3.12/site-packages/airflow/example_dags/example_datasets.py
[2025-12-27T14:41:17.201+0000] {processor.py:830} INFO - Processing file /home/airflow/.local/lib/python3.12/site-packages/airflow/example_dags/example_datasets.py for tasks to queue
[2025-12-27T14:41:17.204+0000] {logging_mixin.py:188} INFO - [2025-12-27T14:41:17.203+0000] {dagbag.py:540} INFO - Filling up the DagBag from /home/airflow/.local/lib/python3.12/site-packages/airflow/example_dags/example_datasets.py
[2025-12-27T14:41:17.265+0000] {processor.py:840} INFO - DAG(s) 'consume_1_or_2_with_dataset_expressions', 'conditional_dataset_and_time_based_timetable', 'consume_1_and_2_with_dataset_expressions', 'dataset_consumes_unknown_never_scheduled', 'dataset_produces_2', 'dataset_consumes_1', 'dataset_consumes_1_never_scheduled', 'consume_1_or_both_2_and_3_with_dataset_expressions', 'dataset_produces_1', 'dataset_consumes_1_and_2' retrieved from /home/airflow/.local/lib/python3.12/site-packages/airflow/example_dags/example_datasets.py
[2025-12-27T14:41:17.455+0000] {logging_mixin.py:188} INFO - [2025-12-27T14:41:17.454+0000] {dag.py:3096} INFO - Sync 10 DAGs
[2025-12-27T14:41:17.547+0000] {logging_mixin.py:188} INFO - [2025-12-27T14:41:17.546+0000] {dag.py:3954} INFO - Setting next_dagrun for conditional_dataset_and_time_based_timetable to 2025-12-24 01:00:00+00:00, run_after=2025-12-24 01:00:00+00:00
[2025-12-27T14:41:17.558+0000] {logging_mixin.py:188} INFO - [2025-12-27T14:41:17.557+0000] {dag.py:3954} INFO - Setting next_dagrun for consume_1_and_2_with_dataset_expressions to None, run_after=None
[2025-12-27T14:41:17.562+0000] {logging_mixin.py:188} INFO - [2025-12-27T14:41:17.561+0000] {dag.py:3954} INFO - Setting next_dagrun for consume_1_or_2_with_dataset_expressions to None, run_after=None
[2025-12-27T14:41:17.566+0000] {logging_mixin.py:188} INFO - [2025-12-27T14:41:17.565+0000] {dag.py:3954} INFO - Setting next_dagrun for consume_1_or_both_2_and_3_with_dataset_expressions to None, run_after=None
[2025-12-27T14:41:17.570+0000] {logging_mixin.py:188} INFO - [2025-12-27T14:41:17.570+0000] {dag.py:3954} INFO - Setting next_dagrun for dataset_consumes_1 to None, run_after=None
[2025-12-27T14:41:17.574+0000] {logging_mixin.py:188} INFO - [2025-12-27T14:41:17.574+0000] {dag.py:3954} INFO - Setting next_dagrun for dataset_consumes_1_and_2 to None, run_after=None
[2025-12-27T14:41:17.579+0000] {logging_mixin.py:188} INFO - [2025-12-27T14:41:17.578+0000] {dag.py:3954} INFO - Setting next_dagrun for dataset_consumes_1_never_scheduled to None, run_after=None
[2025-12-27T14:41:17.585+0000] {logging_mixin.py:188} INFO - [2025-12-27T14:41:17.585+0000] {dag.py:3954} INFO - Setting next_dagrun for dataset_consumes_unknown_never_scheduled to None, run_after=None
[2025-12-27T14:41:17.592+0000] {logging_mixin.py:188} INFO - [2025-12-27T14:41:17.592+0000] {dag.py:3954} INFO - Setting next_dagrun for dataset_produces_1 to 2025-12-26 00:00:00+00:00, run_after=2025-12-27 00:00:00+00:00
[2025-12-27T14:41:17.596+0000] {logging_mixin.py:188} INFO - [2025-12-27T14:41:17.595+0000] {dag.py:3954} INFO - Setting next_dagrun for dataset_produces_2 to None, run_after=None
[2025-12-27T14:41:17.718+0000] {processor.py:183} INFO - Processing /home/airflow/.local/lib/python3.12/site-packages/airflow/example_dags/example_datasets.py took 0.554 seconds
[2025-12-27T14:41:47.865+0000] {processor.py:161} INFO - Started process (PID=2709) to work on /home/airflow/.local/lib/python3.12/site-packages/airflow/example_dags/example_datasets.py
[2025-12-27T14:41:47.869+0000] {processor.py:830} INFO - Processing file /home/airflow/.local/lib/python3.12/site-packages/airflow/example_dags/example_datasets.py for tasks to queue
[2025-12-27T14:41:47.874+0000] {logging_mixin.py:188} INFO - [2025-12-27T14:41:47.873+0000] {dagbag.py:540} INFO - Filling up the DagBag from /home/airflow/.local/lib/python3.12/site-packages/airflow/example_dags/example_datasets.py
[2025-12-27T14:41:47.937+0000] {processor.py:840} INFO - DAG(s) 'dataset_consumes_1_never_scheduled', 'dataset_consumes_unknown_never_scheduled', 'consume_1_and_2_with_dataset_expressions', 'dataset_produces_1', 'consume_1_or_2_with_dataset_expressions', 'dataset_produces_2', 'consume_1_or_both_2_and_3_with_dataset_expressions', 'conditional_dataset_and_time_based_timetable', 'dataset_consumes_1', 'dataset_consumes_1_and_2' retrieved from /home/airflow/.local/lib/python3.12/site-packages/airflow/example_dags/example_datasets.py
[2025-12-27T14:41:48.116+0000] {logging_mixin.py:188} INFO - [2025-12-27T14:41:48.115+0000] {dag.py:3096} INFO - Sync 10 DAGs
[2025-12-27T14:41:48.206+0000] {logging_mixin.py:188} INFO - [2025-12-27T14:41:48.205+0000] {dag.py:3954} INFO - Setting next_dagrun for conditional_dataset_and_time_based_timetable to 2025-12-24 01:00:00+00:00, run_after=2025-12-24 01:00:00+00:00
[2025-12-27T14:41:48.217+0000] {logging_mixin.py:188} INFO - [2025-12-27T14:41:48.216+0000] {dag.py:3954} INFO - Setting next_dagrun for consume_1_and_2_with_dataset_expressions to None, run_after=None
[2025-12-27T14:41:48.221+0000] {logging_mixin.py:188} INFO - [2025-12-27T14:41:48.220+0000] {dag.py:3954} INFO - Setting next_dagrun for consume_1_or_2_with_dataset_expressions to None, run_after=None
[2025-12-27T14:41:48.225+0000] {logging_mixin.py:188} INFO - [2025-12-27T14:41:48.224+0000] {dag.py:3954} INFO - Setting next_dagrun for consume_1_or_both_2_and_3_with_dataset_expressions to None, run_after=None
[2025-12-27T14:41:48.230+0000] {logging_mixin.py:188} INFO - [2025-12-27T14:41:48.229+0000] {dag.py:3954} INFO - Setting next_dagrun for dataset_consumes_1 to None, run_after=None
[2025-12-27T14:41:48.234+0000] {logging_mixin.py:188} INFO - [2025-12-27T14:41:48.234+0000] {dag.py:3954} INFO - Setting next_dagrun for dataset_consumes_1_and_2 to None, run_after=None
[2025-12-27T14:41:48.238+0000] {logging_mixin.py:188} INFO - [2025-12-27T14:41:48.238+0000] {dag.py:3954} INFO - Setting next_dagrun for dataset_consumes_1_never_scheduled to None, run_after=None
[2025-12-27T14:41:48.242+0000] {logging_mixin.py:188} INFO - [2025-12-27T14:41:48.241+0000] {dag.py:3954} INFO - Setting next_dagrun for dataset_consumes_unknown_never_scheduled to None, run_after=None
[2025-12-27T14:41:48.252+0000] {logging_mixin.py:188} INFO - [2025-12-27T14:41:48.251+0000] {dag.py:3954} INFO - Setting next_dagrun for dataset_produces_1 to 2025-12-26 00:00:00+00:00, run_after=2025-12-27 00:00:00+00:00
[2025-12-27T14:41:48.256+0000] {logging_mixin.py:188} INFO - [2025-12-27T14:41:48.256+0000] {dag.py:3954} INFO - Setting next_dagrun for dataset_produces_2 to None, run_after=None
[2025-12-27T14:41:48.389+0000] {processor.py:183} INFO - Processing /home/airflow/.local/lib/python3.12/site-packages/airflow/example_dags/example_datasets.py took 0.553 seconds
[2025-12-27T14:42:18.616+0000] {processor.py:161} INFO - Started process (PID=2767) to work on /home/airflow/.local/lib/python3.12/site-packages/airflow/example_dags/example_datasets.py
[2025-12-27T14:42:18.619+0000] {processor.py:830} INFO - Processing file /home/airflow/.local/lib/python3.12/site-packages/airflow/example_dags/example_datasets.py for tasks to queue
[2025-12-27T14:42:18.624+0000] {logging_mixin.py:188} INFO - [2025-12-27T14:42:18.623+0000] {dagbag.py:540} INFO - Filling up the DagBag from /home/airflow/.local/lib/python3.12/site-packages/airflow/example_dags/example_datasets.py
[2025-12-27T14:42:18.687+0000] {processor.py:840} INFO - DAG(s) 'dataset_consumes_unknown_never_scheduled', 'consume_1_or_2_with_dataset_expressions', 'dataset_consumes_1_and_2', 'consume_1_and_2_with_dataset_expressions', 'dataset_produces_2', 'consume_1_or_both_2_and_3_with_dataset_expressions', 'conditional_dataset_and_time_based_timetable', 'dataset_consumes_1', 'dataset_consumes_1_never_scheduled', 'dataset_produces_1' retrieved from /home/airflow/.local/lib/python3.12/site-packages/airflow/example_dags/example_datasets.py
[2025-12-27T14:42:18.865+0000] {logging_mixin.py:188} INFO - [2025-12-27T14:42:18.864+0000] {dag.py:3096} INFO - Sync 10 DAGs
[2025-12-27T14:42:18.963+0000] {logging_mixin.py:188} INFO - [2025-12-27T14:42:18.961+0000] {dag.py:3954} INFO - Setting next_dagrun for conditional_dataset_and_time_based_timetable to 2025-12-24 01:00:00+00:00, run_after=2025-12-24 01:00:00+00:00
[2025-12-27T14:42:18.981+0000] {logging_mixin.py:188} INFO - [2025-12-27T14:42:18.980+0000] {dag.py:3954} INFO - Setting next_dagrun for consume_1_and_2_with_dataset_expressions to None, run_after=None
[2025-12-27T14:42:18.985+0000] {logging_mixin.py:188} INFO - [2025-12-27T14:42:18.985+0000] {dag.py:3954} INFO - Setting next_dagrun for consume_1_or_2_with_dataset_expressions to None, run_after=None
[2025-12-27T14:42:18.990+0000] {logging_mixin.py:188} INFO - [2025-12-27T14:42:18.989+0000] {dag.py:3954} INFO - Setting next_dagrun for consume_1_or_both_2_and_3_with_dataset_expressions to None, run_after=None
[2025-12-27T14:42:18.996+0000] {logging_mixin.py:188} INFO - [2025-12-27T14:42:18.996+0000] {dag.py:3954} INFO - Setting next_dagrun for dataset_consumes_1 to None, run_after=None
[2025-12-27T14:42:19.001+0000] {logging_mixin.py:188} INFO - [2025-12-27T14:42:19.000+0000] {dag.py:3954} INFO - Setting next_dagrun for dataset_consumes_1_and_2 to None, run_after=None
[2025-12-27T14:42:19.006+0000] {logging_mixin.py:188} INFO - [2025-12-27T14:42:19.005+0000] {dag.py:3954} INFO - Setting next_dagrun for dataset_consumes_1_never_scheduled to None, run_after=None
[2025-12-27T14:42:19.012+0000] {logging_mixin.py:188} INFO - [2025-12-27T14:42:19.011+0000] {dag.py:3954} INFO - Setting next_dagrun for dataset_consumes_unknown_never_scheduled to None, run_after=None
[2025-12-27T14:42:19.021+0000] {logging_mixin.py:188} INFO - [2025-12-27T14:42:19.020+0000] {dag.py:3954} INFO - Setting next_dagrun for dataset_produces_1 to 2025-12-26 00:00:00+00:00, run_after=2025-12-27 00:00:00+00:00
[2025-12-27T14:42:19.025+0000] {logging_mixin.py:188} INFO - [2025-12-27T14:42:19.024+0000] {dag.py:3954} INFO - Setting next_dagrun for dataset_produces_2 to None, run_after=None
[2025-12-27T14:42:19.136+0000] {processor.py:183} INFO - Processing /home/airflow/.local/lib/python3.12/site-packages/airflow/example_dags/example_datasets.py took 0.541 seconds
[2025-12-27T14:42:49.287+0000] {processor.py:161} INFO - Started process (PID=2825) to work on /home/airflow/.local/lib/python3.12/site-packages/airflow/example_dags/example_datasets.py
[2025-12-27T14:42:49.290+0000] {processor.py:830} INFO - Processing file /home/airflow/.local/lib/python3.12/site-packages/airflow/example_dags/example_datasets.py for tasks to queue
[2025-12-27T14:42:49.293+0000] {logging_mixin.py:188} INFO - [2025-12-27T14:42:49.292+0000] {dagbag.py:540} INFO - Filling up the DagBag from /home/airflow/.local/lib/python3.12/site-packages/airflow/example_dags/example_datasets.py
[2025-12-27T14:42:49.363+0000] {processor.py:840} INFO - DAG(s) 'dataset_consumes_1', 'consume_1_or_both_2_and_3_with_dataset_expressions', 'dataset_consumes_1_never_scheduled', 'conditional_dataset_and_time_based_timetable', 'consume_1_or_2_with_dataset_expressions', 'consume_1_and_2_with_dataset_expressions', 'dataset_consumes_1_and_2', 'dataset_produces_2', 'dataset_consumes_unknown_never_scheduled', 'dataset_produces_1' retrieved from /home/airflow/.local/lib/python3.12/site-packages/airflow/example_dags/example_datasets.py
[2025-12-27T14:42:49.491+0000] {logging_mixin.py:188} INFO - [2025-12-27T14:42:49.490+0000] {dag.py:3096} INFO - Sync 10 DAGs
[2025-12-27T14:42:49.563+0000] {logging_mixin.py:188} INFO - [2025-12-27T14:42:49.561+0000] {dag.py:3954} INFO - Setting next_dagrun for conditional_dataset_and_time_based_timetable to 2025-12-24 01:00:00+00:00, run_after=2025-12-24 01:00:00+00:00
[2025-12-27T14:42:49.574+0000] {logging_mixin.py:188} INFO - [2025-12-27T14:42:49.573+0000] {dag.py:3954} INFO - Setting next_dagrun for consume_1_and_2_with_dataset_expressions to None, run_after=None
[2025-12-27T14:42:49.579+0000] {logging_mixin.py:188} INFO - [2025-12-27T14:42:49.578+0000] {dag.py:3954} INFO - Setting next_dagrun for consume_1_or_2_with_dataset_expressions to None, run_after=None
[2025-12-27T14:42:49.583+0000] {logging_mixin.py:188} INFO - [2025-12-27T14:42:49.582+0000] {dag.py:3954} INFO - Setting next_dagrun for consume_1_or_both_2_and_3_with_dataset_expressions to None, run_after=None
[2025-12-27T14:42:49.588+0000] {logging_mixin.py:188} INFO - [2025-12-27T14:42:49.587+0000] {dag.py:3954} INFO - Setting next_dagrun for dataset_consumes_1 to None, run_after=None
[2025-12-27T14:42:49.592+0000] {logging_mixin.py:188} INFO - [2025-12-27T14:42:49.591+0000] {dag.py:3954} INFO - Setting next_dagrun for dataset_consumes_1_and_2 to None, run_after=None
[2025-12-27T14:42:49.596+0000] {logging_mixin.py:188} INFO - [2025-12-27T14:42:49.595+0000] {dag.py:3954} INFO - Setting next_dagrun for dataset_consumes_1_never_scheduled to None, run_after=None
[2025-12-27T14:42:49.599+0000] {logging_mixin.py:188} INFO - [2025-12-27T14:42:49.599+0000] {dag.py:3954} INFO - Setting next_dagrun for dataset_consumes_unknown_never_scheduled to None, run_after=None
[2025-12-27T14:42:49.608+0000] {logging_mixin.py:188} INFO - [2025-12-27T14:42:49.607+0000] {dag.py:3954} INFO - Setting next_dagrun for dataset_produces_1 to 2025-12-26 00:00:00+00:00, run_after=2025-12-27 00:00:00+00:00
[2025-12-27T14:42:49.612+0000] {logging_mixin.py:188} INFO - [2025-12-27T14:42:49.611+0000] {dag.py:3954} INFO - Setting next_dagrun for dataset_produces_2 to None, run_after=None
[2025-12-27T14:42:49.724+0000] {processor.py:183} INFO - Processing /home/airflow/.local/lib/python3.12/site-packages/airflow/example_dags/example_datasets.py took 0.452 seconds
[2025-12-27T14:43:19.862+0000] {processor.py:161} INFO - Started process (PID=2882) to work on /home/airflow/.local/lib/python3.12/site-packages/airflow/example_dags/example_datasets.py
[2025-12-27T14:43:19.866+0000] {processor.py:830} INFO - Processing file /home/airflow/.local/lib/python3.12/site-packages/airflow/example_dags/example_datasets.py for tasks to queue
[2025-12-27T14:43:19.869+0000] {logging_mixin.py:188} INFO - [2025-12-27T14:43:19.868+0000] {dagbag.py:540} INFO - Filling up the DagBag from /home/airflow/.local/lib/python3.12/site-packages/airflow/example_dags/example_datasets.py
[2025-12-27T14:43:19.924+0000] {processor.py:840} INFO - DAG(s) 'conditional_dataset_and_time_based_timetable', 'consume_1_or_2_with_dataset_expressions', 'dataset_produces_1', 'dataset_consumes_unknown_never_scheduled', 'consume_1_and_2_with_dataset_expressions', 'consume_1_or_both_2_and_3_with_dataset_expressions', 'dataset_produces_2', 'dataset_consumes_1_and_2', 'dataset_consumes_1', 'dataset_consumes_1_never_scheduled' retrieved from /home/airflow/.local/lib/python3.12/site-packages/airflow/example_dags/example_datasets.py
[2025-12-27T14:43:20.091+0000] {logging_mixin.py:188} INFO - [2025-12-27T14:43:20.090+0000] {dag.py:3096} INFO - Sync 10 DAGs
[2025-12-27T14:43:20.187+0000] {logging_mixin.py:188} INFO - [2025-12-27T14:43:20.186+0000] {dag.py:3954} INFO - Setting next_dagrun for conditional_dataset_and_time_based_timetable to 2025-12-24 01:00:00+00:00, run_after=2025-12-24 01:00:00+00:00
[2025-12-27T14:43:20.202+0000] {logging_mixin.py:188} INFO - [2025-12-27T14:43:20.201+0000] {dag.py:3954} INFO - Setting next_dagrun for consume_1_and_2_with_dataset_expressions to None, run_after=None
[2025-12-27T14:43:20.208+0000] {logging_mixin.py:188} INFO - [2025-12-27T14:43:20.207+0000] {dag.py:3954} INFO - Setting next_dagrun for consume_1_or_2_with_dataset_expressions to None, run_after=None
[2025-12-27T14:43:20.216+0000] {logging_mixin.py:188} INFO - [2025-12-27T14:43:20.215+0000] {dag.py:3954} INFO - Setting next_dagrun for consume_1_or_both_2_and_3_with_dataset_expressions to None, run_after=None
[2025-12-27T14:43:20.222+0000] {logging_mixin.py:188} INFO - [2025-12-27T14:43:20.222+0000] {dag.py:3954} INFO - Setting next_dagrun for dataset_consumes_1 to None, run_after=None
[2025-12-27T14:43:20.238+0000] {logging_mixin.py:188} INFO - [2025-12-27T14:43:20.228+0000] {dag.py:3954} INFO - Setting next_dagrun for dataset_consumes_1_and_2 to None, run_after=None
[2025-12-27T14:43:20.244+0000] {logging_mixin.py:188} INFO - [2025-12-27T14:43:20.243+0000] {dag.py:3954} INFO - Setting next_dagrun for dataset_consumes_1_never_scheduled to None, run_after=None
[2025-12-27T14:43:20.250+0000] {logging_mixin.py:188} INFO - [2025-12-27T14:43:20.249+0000] {dag.py:3954} INFO - Setting next_dagrun for dataset_consumes_unknown_never_scheduled to None, run_after=None
[2025-12-27T14:43:20.270+0000] {logging_mixin.py:188} INFO - [2025-12-27T14:43:20.270+0000] {dag.py:3954} INFO - Setting next_dagrun for dataset_produces_1 to 2025-12-26 00:00:00+00:00, run_after=2025-12-27 00:00:00+00:00
[2025-12-27T14:43:20.277+0000] {logging_mixin.py:188} INFO - [2025-12-27T14:43:20.276+0000] {dag.py:3954} INFO - Setting next_dagrun for dataset_produces_2 to None, run_after=None
[2025-12-27T14:43:20.407+0000] {processor.py:183} INFO - Processing /home/airflow/.local/lib/python3.12/site-packages/airflow/example_dags/example_datasets.py took 0.566 seconds
[2025-12-27T14:43:51.091+0000] {processor.py:161} INFO - Started process (PID=2941) to work on /home/airflow/.local/lib/python3.12/site-packages/airflow/example_dags/example_datasets.py
[2025-12-27T14:43:51.097+0000] {processor.py:830} INFO - Processing file /home/airflow/.local/lib/python3.12/site-packages/airflow/example_dags/example_datasets.py for tasks to queue
[2025-12-27T14:43:51.108+0000] {logging_mixin.py:188} INFO - [2025-12-27T14:43:51.100+0000] {dagbag.py:540} INFO - Filling up the DagBag from /home/airflow/.local/lib/python3.12/site-packages/airflow/example_dags/example_datasets.py
[2025-12-27T14:43:51.311+0000] {processor.py:840} INFO - DAG(s) 'dataset_produces_2', 'consume_1_and_2_with_dataset_expressions', 'conditional_dataset_and_time_based_timetable', 'consume_1_or_both_2_and_3_with_dataset_expressions', 'dataset_produces_1', 'dataset_consumes_1', 'dataset_consumes_1_and_2', 'dataset_consumes_1_never_scheduled', 'dataset_consumes_unknown_never_scheduled', 'consume_1_or_2_with_dataset_expressions' retrieved from /home/airflow/.local/lib/python3.12/site-packages/airflow/example_dags/example_datasets.py
[2025-12-27T14:43:51.653+0000] {logging_mixin.py:188} INFO - [2025-12-27T14:43:51.652+0000] {dag.py:3096} INFO - Sync 10 DAGs
[2025-12-27T14:43:51.745+0000] {logging_mixin.py:188} INFO - [2025-12-27T14:43:51.744+0000] {dag.py:3954} INFO - Setting next_dagrun for conditional_dataset_and_time_based_timetable to 2025-12-24 01:00:00+00:00, run_after=2025-12-24 01:00:00+00:00
[2025-12-27T14:43:51.767+0000] {logging_mixin.py:188} INFO - [2025-12-27T14:43:51.766+0000] {dag.py:3954} INFO - Setting next_dagrun for consume_1_and_2_with_dataset_expressions to None, run_after=None
[2025-12-27T14:43:51.780+0000] {logging_mixin.py:188} INFO - [2025-12-27T14:43:51.779+0000] {dag.py:3954} INFO - Setting next_dagrun for consume_1_or_2_with_dataset_expressions to None, run_after=None
[2025-12-27T14:43:51.786+0000] {logging_mixin.py:188} INFO - [2025-12-27T14:43:51.785+0000] {dag.py:3954} INFO - Setting next_dagrun for consume_1_or_both_2_and_3_with_dataset_expressions to None, run_after=None
[2025-12-27T14:43:51.794+0000] {logging_mixin.py:188} INFO - [2025-12-27T14:43:51.793+0000] {dag.py:3954} INFO - Setting next_dagrun for dataset_consumes_1 to None, run_after=None
[2025-12-27T14:43:51.802+0000] {logging_mixin.py:188} INFO - [2025-12-27T14:43:51.800+0000] {dag.py:3954} INFO - Setting next_dagrun for dataset_consumes_1_and_2 to None, run_after=None
[2025-12-27T14:43:51.813+0000] {logging_mixin.py:188} INFO - [2025-12-27T14:43:51.812+0000] {dag.py:3954} INFO - Setting next_dagrun for dataset_consumes_1_never_scheduled to None, run_after=None
[2025-12-27T14:43:51.820+0000] {logging_mixin.py:188} INFO - [2025-12-27T14:43:51.819+0000] {dag.py:3954} INFO - Setting next_dagrun for dataset_consumes_unknown_never_scheduled to None, run_after=None
[2025-12-27T14:43:51.838+0000] {logging_mixin.py:188} INFO - [2025-12-27T14:43:51.835+0000] {dag.py:3954} INFO - Setting next_dagrun for dataset_produces_1 to 2025-12-26 00:00:00+00:00, run_after=2025-12-27 00:00:00+00:00
[2025-12-27T14:43:51.843+0000] {logging_mixin.py:188} INFO - [2025-12-27T14:43:51.842+0000] {dag.py:3954} INFO - Setting next_dagrun for dataset_produces_2 to None, run_after=None
[2025-12-27T14:43:51.993+0000] {processor.py:183} INFO - Processing /home/airflow/.local/lib/python3.12/site-packages/airflow/example_dags/example_datasets.py took 0.953 seconds
[2025-12-27T14:44:22.413+0000] {processor.py:161} INFO - Started process (PID=3001) to work on /home/airflow/.local/lib/python3.12/site-packages/airflow/example_dags/example_datasets.py
[2025-12-27T14:44:22.416+0000] {processor.py:830} INFO - Processing file /home/airflow/.local/lib/python3.12/site-packages/airflow/example_dags/example_datasets.py for tasks to queue
[2025-12-27T14:44:22.419+0000] {logging_mixin.py:188} INFO - [2025-12-27T14:44:22.418+0000] {dagbag.py:540} INFO - Filling up the DagBag from /home/airflow/.local/lib/python3.12/site-packages/airflow/example_dags/example_datasets.py
[2025-12-27T14:44:22.469+0000] {processor.py:840} INFO - DAG(s) 'consume_1_and_2_with_dataset_expressions', 'dataset_consumes_unknown_never_scheduled', 'dataset_consumes_1_never_scheduled', 'dataset_produces_2', 'dataset_consumes_1_and_2', 'consume_1_or_both_2_and_3_with_dataset_expressions', 'consume_1_or_2_with_dataset_expressions', 'conditional_dataset_and_time_based_timetable', 'dataset_consumes_1', 'dataset_produces_1' retrieved from /home/airflow/.local/lib/python3.12/site-packages/airflow/example_dags/example_datasets.py
[2025-12-27T14:44:22.616+0000] {logging_mixin.py:188} INFO - [2025-12-27T14:44:22.615+0000] {dag.py:3096} INFO - Sync 10 DAGs
[2025-12-27T14:44:22.790+0000] {logging_mixin.py:188} INFO - [2025-12-27T14:44:22.789+0000] {dag.py:3954} INFO - Setting next_dagrun for conditional_dataset_and_time_based_timetable to 2025-12-24 01:00:00+00:00, run_after=2025-12-24 01:00:00+00:00
[2025-12-27T14:44:22.806+0000] {logging_mixin.py:188} INFO - [2025-12-27T14:44:22.805+0000] {dag.py:3954} INFO - Setting next_dagrun for consume_1_and_2_with_dataset_expressions to None, run_after=None
[2025-12-27T14:44:22.813+0000] {logging_mixin.py:188} INFO - [2025-12-27T14:44:22.812+0000] {dag.py:3954} INFO - Setting next_dagrun for consume_1_or_2_with_dataset_expressions to None, run_after=None
[2025-12-27T14:44:22.818+0000] {logging_mixin.py:188} INFO - [2025-12-27T14:44:22.817+0000] {dag.py:3954} INFO - Setting next_dagrun for consume_1_or_both_2_and_3_with_dataset_expressions to None, run_after=None
[2025-12-27T14:44:22.823+0000] {logging_mixin.py:188} INFO - [2025-12-27T14:44:22.822+0000] {dag.py:3954} INFO - Setting next_dagrun for dataset_consumes_1 to None, run_after=None
[2025-12-27T14:44:22.830+0000] {logging_mixin.py:188} INFO - [2025-12-27T14:44:22.829+0000] {dag.py:3954} INFO - Setting next_dagrun for dataset_consumes_1_and_2 to None, run_after=None
[2025-12-27T14:44:22.835+0000] {logging_mixin.py:188} INFO - [2025-12-27T14:44:22.834+0000] {dag.py:3954} INFO - Setting next_dagrun for dataset_consumes_1_never_scheduled to None, run_after=None
[2025-12-27T14:44:22.850+0000] {logging_mixin.py:188} INFO - [2025-12-27T14:44:22.849+0000] {dag.py:3954} INFO - Setting next_dagrun for dataset_consumes_unknown_never_scheduled to None, run_after=None
[2025-12-27T14:44:22.862+0000] {logging_mixin.py:188} INFO - [2025-12-27T14:44:22.861+0000] {dag.py:3954} INFO - Setting next_dagrun for dataset_produces_1 to 2025-12-26 00:00:00+00:00, run_after=2025-12-27 00:00:00+00:00
[2025-12-27T14:44:22.867+0000] {logging_mixin.py:188} INFO - [2025-12-27T14:44:22.867+0000] {dag.py:3954} INFO - Setting next_dagrun for dataset_produces_2 to None, run_after=None
[2025-12-27T14:44:23.005+0000] {processor.py:183} INFO - Processing /home/airflow/.local/lib/python3.12/site-packages/airflow/example_dags/example_datasets.py took 0.615 seconds
[2025-12-27T14:44:54.094+0000] {processor.py:161} INFO - Started process (PID=3062) to work on /home/airflow/.local/lib/python3.12/site-packages/airflow/example_dags/example_datasets.py
[2025-12-27T14:44:54.098+0000] {processor.py:830} INFO - Processing file /home/airflow/.local/lib/python3.12/site-packages/airflow/example_dags/example_datasets.py for tasks to queue
[2025-12-27T14:44:54.103+0000] {logging_mixin.py:188} INFO - [2025-12-27T14:44:54.101+0000] {dagbag.py:540} INFO - Filling up the DagBag from /home/airflow/.local/lib/python3.12/site-packages/airflow/example_dags/example_datasets.py
[2025-12-27T14:44:54.175+0000] {processor.py:840} INFO - DAG(s) 'dataset_consumes_1', 'dataset_produces_1', 'dataset_consumes_1_never_scheduled', 'dataset_consumes_unknown_never_scheduled', 'consume_1_and_2_with_dataset_expressions', 'consume_1_or_2_with_dataset_expressions', 'conditional_dataset_and_time_based_timetable', 'consume_1_or_both_2_and_3_with_dataset_expressions', 'dataset_produces_2', 'dataset_consumes_1_and_2' retrieved from /home/airflow/.local/lib/python3.12/site-packages/airflow/example_dags/example_datasets.py
[2025-12-27T14:44:54.557+0000] {logging_mixin.py:188} INFO - [2025-12-27T14:44:54.556+0000] {dag.py:3096} INFO - Sync 10 DAGs
[2025-12-27T14:44:54.720+0000] {logging_mixin.py:188} INFO - [2025-12-27T14:44:54.719+0000] {dag.py:3954} INFO - Setting next_dagrun for conditional_dataset_and_time_based_timetable to 2025-12-24 01:00:00+00:00, run_after=2025-12-24 01:00:00+00:00
[2025-12-27T14:44:54.737+0000] {logging_mixin.py:188} INFO - [2025-12-27T14:44:54.736+0000] {dag.py:3954} INFO - Setting next_dagrun for consume_1_and_2_with_dataset_expressions to None, run_after=None
[2025-12-27T14:44:54.743+0000] {logging_mixin.py:188} INFO - [2025-12-27T14:44:54.742+0000] {dag.py:3954} INFO - Setting next_dagrun for consume_1_or_2_with_dataset_expressions to None, run_after=None
[2025-12-27T14:44:54.760+0000] {logging_mixin.py:188} INFO - [2025-12-27T14:44:54.759+0000] {dag.py:3954} INFO - Setting next_dagrun for consume_1_or_both_2_and_3_with_dataset_expressions to None, run_after=None
[2025-12-27T14:44:54.776+0000] {logging_mixin.py:188} INFO - [2025-12-27T14:44:54.776+0000] {dag.py:3954} INFO - Setting next_dagrun for dataset_consumes_1 to None, run_after=None
[2025-12-27T14:44:54.785+0000] {logging_mixin.py:188} INFO - [2025-12-27T14:44:54.784+0000] {dag.py:3954} INFO - Setting next_dagrun for dataset_consumes_1_and_2 to None, run_after=None
[2025-12-27T14:44:54.794+0000] {logging_mixin.py:188} INFO - [2025-12-27T14:44:54.793+0000] {dag.py:3954} INFO - Setting next_dagrun for dataset_consumes_1_never_scheduled to None, run_after=None
[2025-12-27T14:44:54.809+0000] {logging_mixin.py:188} INFO - [2025-12-27T14:44:54.808+0000] {dag.py:3954} INFO - Setting next_dagrun for dataset_consumes_unknown_never_scheduled to None, run_after=None
[2025-12-27T14:44:54.831+0000] {logging_mixin.py:188} INFO - [2025-12-27T14:44:54.830+0000] {dag.py:3954} INFO - Setting next_dagrun for dataset_produces_1 to 2025-12-26 00:00:00+00:00, run_after=2025-12-27 00:00:00+00:00
[2025-12-27T14:44:54.848+0000] {logging_mixin.py:188} INFO - [2025-12-27T14:44:54.847+0000] {dag.py:3954} INFO - Setting next_dagrun for dataset_produces_2 to None, run_after=None
[2025-12-27T14:44:55.155+0000] {processor.py:183} INFO - Processing /home/airflow/.local/lib/python3.12/site-packages/airflow/example_dags/example_datasets.py took 1.083 seconds
[2025-12-27T14:45:25.417+0000] {processor.py:161} INFO - Started process (PID=3122) to work on /home/airflow/.local/lib/python3.12/site-packages/airflow/example_dags/example_datasets.py
[2025-12-27T14:45:25.420+0000] {processor.py:830} INFO - Processing file /home/airflow/.local/lib/python3.12/site-packages/airflow/example_dags/example_datasets.py for tasks to queue
[2025-12-27T14:45:25.423+0000] {logging_mixin.py:188} INFO - [2025-12-27T14:45:25.422+0000] {dagbag.py:540} INFO - Filling up the DagBag from /home/airflow/.local/lib/python3.12/site-packages/airflow/example_dags/example_datasets.py
[2025-12-27T14:45:25.472+0000] {processor.py:840} INFO - DAG(s) 'conditional_dataset_and_time_based_timetable', 'dataset_consumes_1_never_scheduled', 'dataset_consumes_unknown_never_scheduled', 'dataset_produces_2', 'dataset_consumes_1_and_2', 'consume_1_or_2_with_dataset_expressions', 'consume_1_and_2_with_dataset_expressions', 'consume_1_or_both_2_and_3_with_dataset_expressions', 'dataset_produces_1', 'dataset_consumes_1' retrieved from /home/airflow/.local/lib/python3.12/site-packages/airflow/example_dags/example_datasets.py
[2025-12-27T14:45:25.612+0000] {logging_mixin.py:188} INFO - [2025-12-27T14:45:25.612+0000] {dag.py:3096} INFO - Sync 10 DAGs
[2025-12-27T14:45:25.683+0000] {logging_mixin.py:188} INFO - [2025-12-27T14:45:25.682+0000] {dag.py:3954} INFO - Setting next_dagrun for conditional_dataset_and_time_based_timetable to 2025-12-24 01:00:00+00:00, run_after=2025-12-24 01:00:00+00:00
[2025-12-27T14:45:25.696+0000] {logging_mixin.py:188} INFO - [2025-12-27T14:45:25.696+0000] {dag.py:3954} INFO - Setting next_dagrun for consume_1_and_2_with_dataset_expressions to None, run_after=None
[2025-12-27T14:45:25.702+0000] {logging_mixin.py:188} INFO - [2025-12-27T14:45:25.701+0000] {dag.py:3954} INFO - Setting next_dagrun for consume_1_or_2_with_dataset_expressions to None, run_after=None
[2025-12-27T14:45:25.706+0000] {logging_mixin.py:188} INFO - [2025-12-27T14:45:25.705+0000] {dag.py:3954} INFO - Setting next_dagrun for consume_1_or_both_2_and_3_with_dataset_expressions to None, run_after=None
[2025-12-27T14:45:25.711+0000] {logging_mixin.py:188} INFO - [2025-12-27T14:45:25.710+0000] {dag.py:3954} INFO - Setting next_dagrun for dataset_consumes_1 to None, run_after=None
[2025-12-27T14:45:25.720+0000] {logging_mixin.py:188} INFO - [2025-12-27T14:45:25.719+0000] {dag.py:3954} INFO - Setting next_dagrun for dataset_consumes_1_and_2 to None, run_after=None
[2025-12-27T14:45:25.727+0000] {logging_mixin.py:188} INFO - [2025-12-27T14:45:25.726+0000] {dag.py:3954} INFO - Setting next_dagrun for dataset_consumes_1_never_scheduled to None, run_after=None
[2025-12-27T14:45:25.738+0000] {logging_mixin.py:188} INFO - [2025-12-27T14:45:25.736+0000] {dag.py:3954} INFO - Setting next_dagrun for dataset_consumes_unknown_never_scheduled to None, run_after=None
[2025-12-27T14:45:25.764+0000] {logging_mixin.py:188} INFO - [2025-12-27T14:45:25.763+0000] {dag.py:3954} INFO - Setting next_dagrun for dataset_produces_1 to 2025-12-26 00:00:00+00:00, run_after=2025-12-27 00:00:00+00:00
[2025-12-27T14:45:25.770+0000] {logging_mixin.py:188} INFO - [2025-12-27T14:45:25.769+0000] {dag.py:3954} INFO - Setting next_dagrun for dataset_produces_2 to None, run_after=None
[2025-12-27T14:45:25.884+0000] {processor.py:183} INFO - Processing /home/airflow/.local/lib/python3.12/site-packages/airflow/example_dags/example_datasets.py took 0.488 seconds
[2025-12-27T14:45:56.236+0000] {processor.py:161} INFO - Started process (PID=3180) to work on /home/airflow/.local/lib/python3.12/site-packages/airflow/example_dags/example_datasets.py
[2025-12-27T14:45:56.239+0000] {processor.py:830} INFO - Processing file /home/airflow/.local/lib/python3.12/site-packages/airflow/example_dags/example_datasets.py for tasks to queue
[2025-12-27T14:45:56.242+0000] {logging_mixin.py:188} INFO - [2025-12-27T14:45:56.241+0000] {dagbag.py:540} INFO - Filling up the DagBag from /home/airflow/.local/lib/python3.12/site-packages/airflow/example_dags/example_datasets.py
[2025-12-27T14:45:56.280+0000] {processor.py:840} INFO - DAG(s) 'dataset_produces_2', 'consume_1_or_2_with_dataset_expressions', 'dataset_consumes_1_never_scheduled', 'dataset_consumes_1', 'conditional_dataset_and_time_based_timetable', 'dataset_consumes_unknown_never_scheduled', 'consume_1_and_2_with_dataset_expressions', 'dataset_produces_1', 'dataset_consumes_1_and_2', 'consume_1_or_both_2_and_3_with_dataset_expressions' retrieved from /home/airflow/.local/lib/python3.12/site-packages/airflow/example_dags/example_datasets.py
[2025-12-27T14:45:56.406+0000] {logging_mixin.py:188} INFO - [2025-12-27T14:45:56.406+0000] {dag.py:3096} INFO - Sync 10 DAGs
[2025-12-27T14:45:56.498+0000] {logging_mixin.py:188} INFO - [2025-12-27T14:45:56.497+0000] {dag.py:3954} INFO - Setting next_dagrun for conditional_dataset_and_time_based_timetable to 2025-12-24 01:00:00+00:00, run_after=2025-12-24 01:00:00+00:00
[2025-12-27T14:45:56.515+0000] {logging_mixin.py:188} INFO - [2025-12-27T14:45:56.514+0000] {dag.py:3954} INFO - Setting next_dagrun for consume_1_and_2_with_dataset_expressions to None, run_after=None
[2025-12-27T14:45:56.525+0000] {logging_mixin.py:188} INFO - [2025-12-27T14:45:56.524+0000] {dag.py:3954} INFO - Setting next_dagrun for consume_1_or_2_with_dataset_expressions to None, run_after=None
[2025-12-27T14:45:56.531+0000] {logging_mixin.py:188} INFO - [2025-12-27T14:45:56.530+0000] {dag.py:3954} INFO - Setting next_dagrun for consume_1_or_both_2_and_3_with_dataset_expressions to None, run_after=None
[2025-12-27T14:45:56.537+0000] {logging_mixin.py:188} INFO - [2025-12-27T14:45:56.536+0000] {dag.py:3954} INFO - Setting next_dagrun for dataset_consumes_1 to None, run_after=None
[2025-12-27T14:45:56.542+0000] {logging_mixin.py:188} INFO - [2025-12-27T14:45:56.542+0000] {dag.py:3954} INFO - Setting next_dagrun for dataset_consumes_1_and_2 to None, run_after=None
[2025-12-27T14:45:56.546+0000] {logging_mixin.py:188} INFO - [2025-12-27T14:45:56.546+0000] {dag.py:3954} INFO - Setting next_dagrun for dataset_consumes_1_never_scheduled to None, run_after=None
[2025-12-27T14:45:56.552+0000] {logging_mixin.py:188} INFO - [2025-12-27T14:45:56.551+0000] {dag.py:3954} INFO - Setting next_dagrun for dataset_consumes_unknown_never_scheduled to None, run_after=None
[2025-12-27T14:45:56.562+0000] {logging_mixin.py:188} INFO - [2025-12-27T14:45:56.561+0000] {dag.py:3954} INFO - Setting next_dagrun for dataset_produces_1 to 2025-12-26 00:00:00+00:00, run_after=2025-12-27 00:00:00+00:00
[2025-12-27T14:45:56.566+0000] {logging_mixin.py:188} INFO - [2025-12-27T14:45:56.566+0000] {dag.py:3954} INFO - Setting next_dagrun for dataset_produces_2 to None, run_after=None
[2025-12-27T14:45:56.751+0000] {processor.py:183} INFO - Processing /home/airflow/.local/lib/python3.12/site-packages/airflow/example_dags/example_datasets.py took 0.531 seconds
[2025-12-27T14:46:26.997+0000] {processor.py:161} INFO - Started process (PID=3238) to work on /home/airflow/.local/lib/python3.12/site-packages/airflow/example_dags/example_datasets.py
[2025-12-27T14:46:27.001+0000] {processor.py:830} INFO - Processing file /home/airflow/.local/lib/python3.12/site-packages/airflow/example_dags/example_datasets.py for tasks to queue
[2025-12-27T14:46:27.005+0000] {logging_mixin.py:188} INFO - [2025-12-27T14:46:27.003+0000] {dagbag.py:540} INFO - Filling up the DagBag from /home/airflow/.local/lib/python3.12/site-packages/airflow/example_dags/example_datasets.py
[2025-12-27T14:46:27.056+0000] {processor.py:840} INFO - DAG(s) 'conditional_dataset_and_time_based_timetable', 'dataset_consumes_1_never_scheduled', 'dataset_consumes_1', 'consume_1_and_2_with_dataset_expressions', 'dataset_produces_1', 'dataset_consumes_1_and_2', 'dataset_produces_2', 'consume_1_or_2_with_dataset_expressions', 'dataset_consumes_unknown_never_scheduled', 'consume_1_or_both_2_and_3_with_dataset_expressions' retrieved from /home/airflow/.local/lib/python3.12/site-packages/airflow/example_dags/example_datasets.py
[2025-12-27T14:46:27.195+0000] {logging_mixin.py:188} INFO - [2025-12-27T14:46:27.194+0000] {dag.py:3096} INFO - Sync 10 DAGs
[2025-12-27T14:46:27.272+0000] {logging_mixin.py:188} INFO - [2025-12-27T14:46:27.272+0000] {dag.py:3954} INFO - Setting next_dagrun for conditional_dataset_and_time_based_timetable to 2025-12-24 01:00:00+00:00, run_after=2025-12-24 01:00:00+00:00
[2025-12-27T14:46:27.282+0000] {logging_mixin.py:188} INFO - [2025-12-27T14:46:27.282+0000] {dag.py:3954} INFO - Setting next_dagrun for consume_1_and_2_with_dataset_expressions to None, run_after=None
[2025-12-27T14:46:27.287+0000] {logging_mixin.py:188} INFO - [2025-12-27T14:46:27.286+0000] {dag.py:3954} INFO - Setting next_dagrun for consume_1_or_2_with_dataset_expressions to None, run_after=None
[2025-12-27T14:46:27.291+0000] {logging_mixin.py:188} INFO - [2025-12-27T14:46:27.290+0000] {dag.py:3954} INFO - Setting next_dagrun for consume_1_or_both_2_and_3_with_dataset_expressions to None, run_after=None
[2025-12-27T14:46:27.294+0000] {logging_mixin.py:188} INFO - [2025-12-27T14:46:27.294+0000] {dag.py:3954} INFO - Setting next_dagrun for dataset_consumes_1 to None, run_after=None
[2025-12-27T14:46:27.299+0000] {logging_mixin.py:188} INFO - [2025-12-27T14:46:27.298+0000] {dag.py:3954} INFO - Setting next_dagrun for dataset_consumes_1_and_2 to None, run_after=None
[2025-12-27T14:46:27.302+0000] {logging_mixin.py:188} INFO - [2025-12-27T14:46:27.302+0000] {dag.py:3954} INFO - Setting next_dagrun for dataset_consumes_1_never_scheduled to None, run_after=None
[2025-12-27T14:46:27.306+0000] {logging_mixin.py:188} INFO - [2025-12-27T14:46:27.306+0000] {dag.py:3954} INFO - Setting next_dagrun for dataset_consumes_unknown_never_scheduled to None, run_after=None
[2025-12-27T14:46:27.317+0000] {logging_mixin.py:188} INFO - [2025-12-27T14:46:27.317+0000] {dag.py:3954} INFO - Setting next_dagrun for dataset_produces_1 to 2025-12-26 00:00:00+00:00, run_after=2025-12-27 00:00:00+00:00
[2025-12-27T14:46:27.323+0000] {logging_mixin.py:188} INFO - [2025-12-27T14:46:27.322+0000] {dag.py:3954} INFO - Setting next_dagrun for dataset_produces_2 to None, run_after=None
[2025-12-27T14:46:27.436+0000] {processor.py:183} INFO - Processing /home/airflow/.local/lib/python3.12/site-packages/airflow/example_dags/example_datasets.py took 0.461 seconds
[2025-12-27T14:46:58.373+0000] {processor.py:161} INFO - Started process (PID=3297) to work on /home/airflow/.local/lib/python3.12/site-packages/airflow/example_dags/example_datasets.py
[2025-12-27T14:46:58.376+0000] {processor.py:830} INFO - Processing file /home/airflow/.local/lib/python3.12/site-packages/airflow/example_dags/example_datasets.py for tasks to queue
[2025-12-27T14:46:58.378+0000] {logging_mixin.py:188} INFO - [2025-12-27T14:46:58.378+0000] {dagbag.py:540} INFO - Filling up the DagBag from /home/airflow/.local/lib/python3.12/site-packages/airflow/example_dags/example_datasets.py
[2025-12-27T14:46:58.458+0000] {processor.py:840} INFO - DAG(s) 'consume_1_or_2_with_dataset_expressions', 'conditional_dataset_and_time_based_timetable', 'dataset_produces_2', 'dataset_produces_1', 'consume_1_or_both_2_and_3_with_dataset_expressions', 'dataset_consumes_1_and_2', 'consume_1_and_2_with_dataset_expressions', 'dataset_consumes_1_never_scheduled', 'dataset_consumes_1', 'dataset_consumes_unknown_never_scheduled' retrieved from /home/airflow/.local/lib/python3.12/site-packages/airflow/example_dags/example_datasets.py
[2025-12-27T14:46:58.601+0000] {logging_mixin.py:188} INFO - [2025-12-27T14:46:58.600+0000] {dag.py:3096} INFO - Sync 10 DAGs
[2025-12-27T14:46:58.688+0000] {logging_mixin.py:188} INFO - [2025-12-27T14:46:58.687+0000] {dag.py:3954} INFO - Setting next_dagrun for conditional_dataset_and_time_based_timetable to 2025-12-24 01:00:00+00:00, run_after=2025-12-24 01:00:00+00:00
[2025-12-27T14:46:58.710+0000] {logging_mixin.py:188} INFO - [2025-12-27T14:46:58.709+0000] {dag.py:3954} INFO - Setting next_dagrun for consume_1_and_2_with_dataset_expressions to None, run_after=None
[2025-12-27T14:46:58.718+0000] {logging_mixin.py:188} INFO - [2025-12-27T14:46:58.717+0000] {dag.py:3954} INFO - Setting next_dagrun for consume_1_or_2_with_dataset_expressions to None, run_after=None
[2025-12-27T14:46:58.725+0000] {logging_mixin.py:188} INFO - [2025-12-27T14:46:58.725+0000] {dag.py:3954} INFO - Setting next_dagrun for consume_1_or_both_2_and_3_with_dataset_expressions to None, run_after=None
[2025-12-27T14:46:58.731+0000] {logging_mixin.py:188} INFO - [2025-12-27T14:46:58.730+0000] {dag.py:3954} INFO - Setting next_dagrun for dataset_consumes_1 to None, run_after=None
[2025-12-27T14:46:58.736+0000] {logging_mixin.py:188} INFO - [2025-12-27T14:46:58.735+0000] {dag.py:3954} INFO - Setting next_dagrun for dataset_consumes_1_and_2 to None, run_after=None
[2025-12-27T14:46:58.741+0000] {logging_mixin.py:188} INFO - [2025-12-27T14:46:58.741+0000] {dag.py:3954} INFO - Setting next_dagrun for dataset_consumes_1_never_scheduled to None, run_after=None
[2025-12-27T14:46:58.746+0000] {logging_mixin.py:188} INFO - [2025-12-27T14:46:58.746+0000] {dag.py:3954} INFO - Setting next_dagrun for dataset_consumes_unknown_never_scheduled to None, run_after=None
[2025-12-27T14:46:58.757+0000] {logging_mixin.py:188} INFO - [2025-12-27T14:46:58.756+0000] {dag.py:3954} INFO - Setting next_dagrun for dataset_produces_1 to 2025-12-26 00:00:00+00:00, run_after=2025-12-27 00:00:00+00:00
[2025-12-27T14:46:58.763+0000] {logging_mixin.py:188} INFO - [2025-12-27T14:46:58.762+0000] {dag.py:3954} INFO - Setting next_dagrun for dataset_produces_2 to None, run_after=None
[2025-12-27T14:46:58.902+0000] {processor.py:183} INFO - Processing /home/airflow/.local/lib/python3.12/site-packages/airflow/example_dags/example_datasets.py took 0.554 seconds
[2025-12-27T14:47:29.076+0000] {processor.py:161} INFO - Started process (PID=3356) to work on /home/airflow/.local/lib/python3.12/site-packages/airflow/example_dags/example_datasets.py
[2025-12-27T14:47:29.078+0000] {processor.py:830} INFO - Processing file /home/airflow/.local/lib/python3.12/site-packages/airflow/example_dags/example_datasets.py for tasks to queue
[2025-12-27T14:47:29.081+0000] {logging_mixin.py:188} INFO - [2025-12-27T14:47:29.080+0000] {dagbag.py:540} INFO - Filling up the DagBag from /home/airflow/.local/lib/python3.12/site-packages/airflow/example_dags/example_datasets.py
[2025-12-27T14:47:29.120+0000] {processor.py:840} INFO - DAG(s) 'consume_1_or_both_2_and_3_with_dataset_expressions', 'conditional_dataset_and_time_based_timetable', 'dataset_produces_2', 'dataset_consumes_1_never_scheduled', 'consume_1_and_2_with_dataset_expressions', 'dataset_consumes_1', 'dataset_consumes_unknown_never_scheduled', 'dataset_consumes_1_and_2', 'consume_1_or_2_with_dataset_expressions', 'dataset_produces_1' retrieved from /home/airflow/.local/lib/python3.12/site-packages/airflow/example_dags/example_datasets.py
[2025-12-27T14:47:29.266+0000] {logging_mixin.py:188} INFO - [2025-12-27T14:47:29.265+0000] {dag.py:3096} INFO - Sync 10 DAGs
[2025-12-27T14:47:29.355+0000] {logging_mixin.py:188} INFO - [2025-12-27T14:47:29.353+0000] {dag.py:3954} INFO - Setting next_dagrun for conditional_dataset_and_time_based_timetable to 2025-12-24 01:00:00+00:00, run_after=2025-12-24 01:00:00+00:00
[2025-12-27T14:47:29.376+0000] {logging_mixin.py:188} INFO - [2025-12-27T14:47:29.376+0000] {dag.py:3954} INFO - Setting next_dagrun for consume_1_and_2_with_dataset_expressions to None, run_after=None
[2025-12-27T14:47:29.382+0000] {logging_mixin.py:188} INFO - [2025-12-27T14:47:29.381+0000] {dag.py:3954} INFO - Setting next_dagrun for consume_1_or_2_with_dataset_expressions to None, run_after=None
[2025-12-27T14:47:29.390+0000] {logging_mixin.py:188} INFO - [2025-12-27T14:47:29.389+0000] {dag.py:3954} INFO - Setting next_dagrun for consume_1_or_both_2_and_3_with_dataset_expressions to None, run_after=None
[2025-12-27T14:47:29.403+0000] {logging_mixin.py:188} INFO - [2025-12-27T14:47:29.402+0000] {dag.py:3954} INFO - Setting next_dagrun for dataset_consumes_1 to None, run_after=None
[2025-12-27T14:47:29.412+0000] {logging_mixin.py:188} INFO - [2025-12-27T14:47:29.412+0000] {dag.py:3954} INFO - Setting next_dagrun for dataset_consumes_1_and_2 to None, run_after=None
[2025-12-27T14:47:29.418+0000] {logging_mixin.py:188} INFO - [2025-12-27T14:47:29.417+0000] {dag.py:3954} INFO - Setting next_dagrun for dataset_consumes_1_never_scheduled to None, run_after=None
[2025-12-27T14:47:29.423+0000] {logging_mixin.py:188} INFO - [2025-12-27T14:47:29.422+0000] {dag.py:3954} INFO - Setting next_dagrun for dataset_consumes_unknown_never_scheduled to None, run_after=None
[2025-12-27T14:47:29.436+0000] {logging_mixin.py:188} INFO - [2025-12-27T14:47:29.435+0000] {dag.py:3954} INFO - Setting next_dagrun for dataset_produces_1 to 2025-12-26 00:00:00+00:00, run_after=2025-12-27 00:00:00+00:00
[2025-12-27T14:47:29.441+0000] {logging_mixin.py:188} INFO - [2025-12-27T14:47:29.440+0000] {dag.py:3954} INFO - Setting next_dagrun for dataset_produces_2 to None, run_after=None
[2025-12-27T14:47:29.563+0000] {processor.py:183} INFO - Processing /home/airflow/.local/lib/python3.12/site-packages/airflow/example_dags/example_datasets.py took 0.506 seconds
[2025-12-27T14:47:59.848+0000] {processor.py:161} INFO - Started process (PID=3414) to work on /home/airflow/.local/lib/python3.12/site-packages/airflow/example_dags/example_datasets.py
[2025-12-27T14:47:59.852+0000] {processor.py:830} INFO - Processing file /home/airflow/.local/lib/python3.12/site-packages/airflow/example_dags/example_datasets.py for tasks to queue
[2025-12-27T14:47:59.856+0000] {logging_mixin.py:188} INFO - [2025-12-27T14:47:59.854+0000] {dagbag.py:540} INFO - Filling up the DagBag from /home/airflow/.local/lib/python3.12/site-packages/airflow/example_dags/example_datasets.py
[2025-12-27T14:47:59.897+0000] {processor.py:840} INFO - DAG(s) 'dataset_consumes_unknown_never_scheduled', 'conditional_dataset_and_time_based_timetable', 'consume_1_or_both_2_and_3_with_dataset_expressions', 'dataset_consumes_1_never_scheduled', 'consume_1_and_2_with_dataset_expressions', 'dataset_consumes_1', 'dataset_produces_2', 'dataset_consumes_1_and_2', 'consume_1_or_2_with_dataset_expressions', 'dataset_produces_1' retrieved from /home/airflow/.local/lib/python3.12/site-packages/airflow/example_dags/example_datasets.py
[2025-12-27T14:48:00.028+0000] {logging_mixin.py:188} INFO - [2025-12-27T14:48:00.027+0000] {dag.py:3096} INFO - Sync 10 DAGs
[2025-12-27T14:48:00.126+0000] {logging_mixin.py:188} INFO - [2025-12-27T14:48:00.125+0000] {dag.py:3954} INFO - Setting next_dagrun for conditional_dataset_and_time_based_timetable to 2025-12-24 01:00:00+00:00, run_after=2025-12-24 01:00:00+00:00
[2025-12-27T14:48:00.137+0000] {logging_mixin.py:188} INFO - [2025-12-27T14:48:00.136+0000] {dag.py:3954} INFO - Setting next_dagrun for consume_1_and_2_with_dataset_expressions to None, run_after=None
[2025-12-27T14:48:00.140+0000] {logging_mixin.py:188} INFO - [2025-12-27T14:48:00.140+0000] {dag.py:3954} INFO - Setting next_dagrun for consume_1_or_2_with_dataset_expressions to None, run_after=None
[2025-12-27T14:48:00.144+0000] {logging_mixin.py:188} INFO - [2025-12-27T14:48:00.144+0000] {dag.py:3954} INFO - Setting next_dagrun for consume_1_or_both_2_and_3_with_dataset_expressions to None, run_after=None
[2025-12-27T14:48:00.151+0000] {logging_mixin.py:188} INFO - [2025-12-27T14:48:00.150+0000] {dag.py:3954} INFO - Setting next_dagrun for dataset_consumes_1 to None, run_after=None
[2025-12-27T14:48:00.156+0000] {logging_mixin.py:188} INFO - [2025-12-27T14:48:00.155+0000] {dag.py:3954} INFO - Setting next_dagrun for dataset_consumes_1_and_2 to None, run_after=None
[2025-12-27T14:48:00.160+0000] {logging_mixin.py:188} INFO - [2025-12-27T14:48:00.159+0000] {dag.py:3954} INFO - Setting next_dagrun for dataset_consumes_1_never_scheduled to None, run_after=None
[2025-12-27T14:48:00.166+0000] {logging_mixin.py:188} INFO - [2025-12-27T14:48:00.165+0000] {dag.py:3954} INFO - Setting next_dagrun for dataset_consumes_unknown_never_scheduled to None, run_after=None
[2025-12-27T14:48:00.172+0000] {logging_mixin.py:188} INFO - [2025-12-27T14:48:00.171+0000] {dag.py:3954} INFO - Setting next_dagrun for dataset_produces_1 to 2025-12-26 00:00:00+00:00, run_after=2025-12-27 00:00:00+00:00
[2025-12-27T14:48:00.176+0000] {logging_mixin.py:188} INFO - [2025-12-27T14:48:00.176+0000] {dag.py:3954} INFO - Setting next_dagrun for dataset_produces_2 to None, run_after=None
[2025-12-27T14:48:00.267+0000] {processor.py:183} INFO - Processing /home/airflow/.local/lib/python3.12/site-packages/airflow/example_dags/example_datasets.py took 0.436 seconds
[2025-12-27T14:48:30.887+0000] {processor.py:161} INFO - Started process (PID=3473) to work on /home/airflow/.local/lib/python3.12/site-packages/airflow/example_dags/example_datasets.py
[2025-12-27T14:48:30.907+0000] {processor.py:830} INFO - Processing file /home/airflow/.local/lib/python3.12/site-packages/airflow/example_dags/example_datasets.py for tasks to queue
[2025-12-27T14:48:30.931+0000] {logging_mixin.py:188} INFO - [2025-12-27T14:48:30.929+0000] {dagbag.py:540} INFO - Filling up the DagBag from /home/airflow/.local/lib/python3.12/site-packages/airflow/example_dags/example_datasets.py
[2025-12-27T14:48:31.424+0000] {processor.py:840} INFO - DAG(s) 'dataset_consumes_1', 'consume_1_and_2_with_dataset_expressions', 'dataset_consumes_1_never_scheduled', 'dataset_consumes_unknown_never_scheduled', 'consume_1_or_both_2_and_3_with_dataset_expressions', 'consume_1_or_2_with_dataset_expressions', 'dataset_produces_1', 'conditional_dataset_and_time_based_timetable', 'dataset_consumes_1_and_2', 'dataset_produces_2' retrieved from /home/airflow/.local/lib/python3.12/site-packages/airflow/example_dags/example_datasets.py
[2025-12-27T14:48:31.974+0000] {logging_mixin.py:188} INFO - [2025-12-27T14:48:31.973+0000] {dag.py:3096} INFO - Sync 10 DAGs
[2025-12-27T14:48:32.255+0000] {logging_mixin.py:188} INFO - [2025-12-27T14:48:32.254+0000] {dag.py:3954} INFO - Setting next_dagrun for conditional_dataset_and_time_based_timetable to 2025-12-24 01:00:00+00:00, run_after=2025-12-24 01:00:00+00:00
[2025-12-27T14:48:32.276+0000] {logging_mixin.py:188} INFO - [2025-12-27T14:48:32.275+0000] {dag.py:3954} INFO - Setting next_dagrun for consume_1_and_2_with_dataset_expressions to None, run_after=None
[2025-12-27T14:48:32.286+0000] {logging_mixin.py:188} INFO - [2025-12-27T14:48:32.285+0000] {dag.py:3954} INFO - Setting next_dagrun for consume_1_or_2_with_dataset_expressions to None, run_after=None
[2025-12-27T14:48:32.291+0000] {logging_mixin.py:188} INFO - [2025-12-27T14:48:32.291+0000] {dag.py:3954} INFO - Setting next_dagrun for consume_1_or_both_2_and_3_with_dataset_expressions to None, run_after=None
[2025-12-27T14:48:32.302+0000] {logging_mixin.py:188} INFO - [2025-12-27T14:48:32.301+0000] {dag.py:3954} INFO - Setting next_dagrun for dataset_consumes_1 to None, run_after=None
[2025-12-27T14:48:32.309+0000] {logging_mixin.py:188} INFO - [2025-12-27T14:48:32.309+0000] {dag.py:3954} INFO - Setting next_dagrun for dataset_consumes_1_and_2 to None, run_after=None
[2025-12-27T14:48:32.326+0000] {logging_mixin.py:188} INFO - [2025-12-27T14:48:32.325+0000] {dag.py:3954} INFO - Setting next_dagrun for dataset_consumes_1_never_scheduled to None, run_after=None
[2025-12-27T14:48:32.338+0000] {logging_mixin.py:188} INFO - [2025-12-27T14:48:32.338+0000] {dag.py:3954} INFO - Setting next_dagrun for dataset_consumes_unknown_never_scheduled to None, run_after=None
[2025-12-27T14:48:32.355+0000] {logging_mixin.py:188} INFO - [2025-12-27T14:48:32.354+0000] {dag.py:3954} INFO - Setting next_dagrun for dataset_produces_1 to 2025-12-26 00:00:00+00:00, run_after=2025-12-27 00:00:00+00:00
[2025-12-27T14:48:32.367+0000] {logging_mixin.py:188} INFO - [2025-12-27T14:48:32.366+0000] {dag.py:3954} INFO - Setting next_dagrun for dataset_produces_2 to None, run_after=None
[2025-12-27T14:48:32.599+0000] {processor.py:183} INFO - Processing /home/airflow/.local/lib/python3.12/site-packages/airflow/example_dags/example_datasets.py took 1.769 seconds
[2025-12-27T14:49:04.684+0000] {processor.py:161} INFO - Started process (PID=3530) to work on /home/airflow/.local/lib/python3.12/site-packages/airflow/example_dags/example_datasets.py
[2025-12-27T14:49:04.689+0000] {processor.py:830} INFO - Processing file /home/airflow/.local/lib/python3.12/site-packages/airflow/example_dags/example_datasets.py for tasks to queue
[2025-12-27T14:49:04.693+0000] {logging_mixin.py:188} INFO - [2025-12-27T14:49:04.692+0000] {dagbag.py:540} INFO - Filling up the DagBag from /home/airflow/.local/lib/python3.12/site-packages/airflow/example_dags/example_datasets.py
[2025-12-27T14:49:04.788+0000] {processor.py:840} INFO - DAG(s) 'dataset_consumes_1', 'dataset_consumes_unknown_never_scheduled', 'consume_1_and_2_with_dataset_expressions', 'dataset_produces_2', 'dataset_consumes_1_and_2', 'dataset_consumes_1_never_scheduled', 'consume_1_or_2_with_dataset_expressions', 'dataset_produces_1', 'conditional_dataset_and_time_based_timetable', 'consume_1_or_both_2_and_3_with_dataset_expressions' retrieved from /home/airflow/.local/lib/python3.12/site-packages/airflow/example_dags/example_datasets.py
[2025-12-27T14:49:04.982+0000] {logging_mixin.py:188} INFO - [2025-12-27T14:49:04.980+0000] {dag.py:3096} INFO - Sync 10 DAGs
[2025-12-27T14:49:05.102+0000] {logging_mixin.py:188} INFO - [2025-12-27T14:49:05.101+0000] {dag.py:3954} INFO - Setting next_dagrun for conditional_dataset_and_time_based_timetable to 2025-12-24 01:00:00+00:00, run_after=2025-12-24 01:00:00+00:00
[2025-12-27T14:49:05.115+0000] {logging_mixin.py:188} INFO - [2025-12-27T14:49:05.114+0000] {dag.py:3954} INFO - Setting next_dagrun for consume_1_and_2_with_dataset_expressions to None, run_after=None
[2025-12-27T14:49:05.121+0000] {logging_mixin.py:188} INFO - [2025-12-27T14:49:05.120+0000] {dag.py:3954} INFO - Setting next_dagrun for consume_1_or_2_with_dataset_expressions to None, run_after=None
[2025-12-27T14:49:05.127+0000] {logging_mixin.py:188} INFO - [2025-12-27T14:49:05.126+0000] {dag.py:3954} INFO - Setting next_dagrun for consume_1_or_both_2_and_3_with_dataset_expressions to None, run_after=None
[2025-12-27T14:49:05.133+0000] {logging_mixin.py:188} INFO - [2025-12-27T14:49:05.133+0000] {dag.py:3954} INFO - Setting next_dagrun for dataset_consumes_1 to None, run_after=None
[2025-12-27T14:49:05.138+0000] {logging_mixin.py:188} INFO - [2025-12-27T14:49:05.137+0000] {dag.py:3954} INFO - Setting next_dagrun for dataset_consumes_1_and_2 to None, run_after=None
[2025-12-27T14:49:05.144+0000] {logging_mixin.py:188} INFO - [2025-12-27T14:49:05.144+0000] {dag.py:3954} INFO - Setting next_dagrun for dataset_consumes_1_never_scheduled to None, run_after=None
[2025-12-27T14:49:05.166+0000] {logging_mixin.py:188} INFO - [2025-12-27T14:49:05.165+0000] {dag.py:3954} INFO - Setting next_dagrun for dataset_consumes_unknown_never_scheduled to None, run_after=None
[2025-12-27T14:49:05.176+0000] {logging_mixin.py:188} INFO - [2025-12-27T14:49:05.176+0000] {dag.py:3954} INFO - Setting next_dagrun for dataset_produces_1 to 2025-12-26 00:00:00+00:00, run_after=2025-12-27 00:00:00+00:00
[2025-12-27T14:49:05.183+0000] {logging_mixin.py:188} INFO - [2025-12-27T14:49:05.181+0000] {dag.py:3954} INFO - Setting next_dagrun for dataset_produces_2 to None, run_after=None
[2025-12-27T14:49:05.356+0000] {processor.py:183} INFO - Processing /home/airflow/.local/lib/python3.12/site-packages/airflow/example_dags/example_datasets.py took 0.700 seconds
[2025-12-27T14:49:35.784+0000] {processor.py:161} INFO - Started process (PID=3588) to work on /home/airflow/.local/lib/python3.12/site-packages/airflow/example_dags/example_datasets.py
[2025-12-27T14:49:35.788+0000] {processor.py:830} INFO - Processing file /home/airflow/.local/lib/python3.12/site-packages/airflow/example_dags/example_datasets.py for tasks to queue
[2025-12-27T14:49:35.791+0000] {logging_mixin.py:188} INFO - [2025-12-27T14:49:35.790+0000] {dagbag.py:540} INFO - Filling up the DagBag from /home/airflow/.local/lib/python3.12/site-packages/airflow/example_dags/example_datasets.py
[2025-12-27T14:49:35.841+0000] {processor.py:840} INFO - DAG(s) 'dataset_consumes_unknown_never_scheduled', 'dataset_produces_1', 'dataset_consumes_1', 'consume_1_or_both_2_and_3_with_dataset_expressions', 'consume_1_and_2_with_dataset_expressions', 'dataset_produces_2', 'conditional_dataset_and_time_based_timetable', 'dataset_consumes_1_never_scheduled', 'consume_1_or_2_with_dataset_expressions', 'dataset_consumes_1_and_2' retrieved from /home/airflow/.local/lib/python3.12/site-packages/airflow/example_dags/example_datasets.py
[2025-12-27T14:49:35.994+0000] {logging_mixin.py:188} INFO - [2025-12-27T14:49:35.993+0000] {dag.py:3096} INFO - Sync 10 DAGs
[2025-12-27T14:49:36.071+0000] {logging_mixin.py:188} INFO - [2025-12-27T14:49:36.070+0000] {dag.py:3954} INFO - Setting next_dagrun for conditional_dataset_and_time_based_timetable to 2025-12-24 01:00:00+00:00, run_after=2025-12-24 01:00:00+00:00
[2025-12-27T14:49:36.082+0000] {logging_mixin.py:188} INFO - [2025-12-27T14:49:36.081+0000] {dag.py:3954} INFO - Setting next_dagrun for consume_1_and_2_with_dataset_expressions to None, run_after=None
[2025-12-27T14:49:36.086+0000] {logging_mixin.py:188} INFO - [2025-12-27T14:49:36.086+0000] {dag.py:3954} INFO - Setting next_dagrun for consume_1_or_2_with_dataset_expressions to None, run_after=None
[2025-12-27T14:49:36.090+0000] {logging_mixin.py:188} INFO - [2025-12-27T14:49:36.089+0000] {dag.py:3954} INFO - Setting next_dagrun for consume_1_or_both_2_and_3_with_dataset_expressions to None, run_after=None
[2025-12-27T14:49:36.094+0000] {logging_mixin.py:188} INFO - [2025-12-27T14:49:36.094+0000] {dag.py:3954} INFO - Setting next_dagrun for dataset_consumes_1 to None, run_after=None
[2025-12-27T14:49:36.100+0000] {logging_mixin.py:188} INFO - [2025-12-27T14:49:36.100+0000] {dag.py:3954} INFO - Setting next_dagrun for dataset_consumes_1_and_2 to None, run_after=None
[2025-12-27T14:49:36.104+0000] {logging_mixin.py:188} INFO - [2025-12-27T14:49:36.103+0000] {dag.py:3954} INFO - Setting next_dagrun for dataset_consumes_1_never_scheduled to None, run_after=None
[2025-12-27T14:49:36.108+0000] {logging_mixin.py:188} INFO - [2025-12-27T14:49:36.107+0000] {dag.py:3954} INFO - Setting next_dagrun for dataset_consumes_unknown_never_scheduled to None, run_after=None
[2025-12-27T14:49:36.115+0000] {logging_mixin.py:188} INFO - [2025-12-27T14:49:36.115+0000] {dag.py:3954} INFO - Setting next_dagrun for dataset_produces_1 to 2025-12-26 00:00:00+00:00, run_after=2025-12-27 00:00:00+00:00
[2025-12-27T14:49:36.119+0000] {logging_mixin.py:188} INFO - [2025-12-27T14:49:36.118+0000] {dag.py:3954} INFO - Setting next_dagrun for dataset_produces_2 to None, run_after=None
[2025-12-27T14:49:36.231+0000] {processor.py:183} INFO - Processing /home/airflow/.local/lib/python3.12/site-packages/airflow/example_dags/example_datasets.py took 0.465 seconds
[2025-12-27T14:50:06.719+0000] {processor.py:161} INFO - Started process (PID=3640) to work on /home/airflow/.local/lib/python3.12/site-packages/airflow/example_dags/example_datasets.py
[2025-12-27T14:50:06.802+0000] {processor.py:830} INFO - Processing file /home/airflow/.local/lib/python3.12/site-packages/airflow/example_dags/example_datasets.py for tasks to queue
[2025-12-27T14:50:06.806+0000] {logging_mixin.py:188} INFO - [2025-12-27T14:50:06.805+0000] {dagbag.py:540} INFO - Filling up the DagBag from /home/airflow/.local/lib/python3.12/site-packages/airflow/example_dags/example_datasets.py
[2025-12-27T14:50:07.685+0000] {processor.py:840} INFO - DAG(s) 'dataset_consumes_1_and_2', 'conditional_dataset_and_time_based_timetable', 'dataset_consumes_1', 'dataset_consumes_1_never_scheduled', 'consume_1_or_both_2_and_3_with_dataset_expressions', 'consume_1_or_2_with_dataset_expressions', 'dataset_produces_2', 'consume_1_and_2_with_dataset_expressions', 'dataset_produces_1', 'dataset_consumes_unknown_never_scheduled' retrieved from /home/airflow/.local/lib/python3.12/site-packages/airflow/example_dags/example_datasets.py
[2025-12-27T14:50:08.055+0000] {logging_mixin.py:188} INFO - [2025-12-27T14:50:08.054+0000] {dag.py:3096} INFO - Sync 10 DAGs
[2025-12-27T14:50:08.212+0000] {logging_mixin.py:188} INFO - [2025-12-27T14:50:08.212+0000] {dag.py:3954} INFO - Setting next_dagrun for conditional_dataset_and_time_based_timetable to 2025-12-24 01:00:00+00:00, run_after=2025-12-24 01:00:00+00:00
[2025-12-27T14:50:08.231+0000] {logging_mixin.py:188} INFO - [2025-12-27T14:50:08.230+0000] {dag.py:3954} INFO - Setting next_dagrun for consume_1_and_2_with_dataset_expressions to None, run_after=None
[2025-12-27T14:50:08.236+0000] {logging_mixin.py:188} INFO - [2025-12-27T14:50:08.235+0000] {dag.py:3954} INFO - Setting next_dagrun for consume_1_or_2_with_dataset_expressions to None, run_after=None
[2025-12-27T14:50:08.242+0000] {logging_mixin.py:188} INFO - [2025-12-27T14:50:08.241+0000] {dag.py:3954} INFO - Setting next_dagrun for consume_1_or_both_2_and_3_with_dataset_expressions to None, run_after=None
[2025-12-27T14:50:08.250+0000] {logging_mixin.py:188} INFO - [2025-12-27T14:50:08.249+0000] {dag.py:3954} INFO - Setting next_dagrun for dataset_consumes_1 to None, run_after=None
[2025-12-27T14:50:08.255+0000] {logging_mixin.py:188} INFO - [2025-12-27T14:50:08.254+0000] {dag.py:3954} INFO - Setting next_dagrun for dataset_consumes_1_and_2 to None, run_after=None
[2025-12-27T14:50:08.266+0000] {logging_mixin.py:188} INFO - [2025-12-27T14:50:08.265+0000] {dag.py:3954} INFO - Setting next_dagrun for dataset_consumes_1_never_scheduled to None, run_after=None
[2025-12-27T14:50:08.274+0000] {logging_mixin.py:188} INFO - [2025-12-27T14:50:08.274+0000] {dag.py:3954} INFO - Setting next_dagrun for dataset_consumes_unknown_never_scheduled to None, run_after=None
[2025-12-27T14:50:08.288+0000] {logging_mixin.py:188} INFO - [2025-12-27T14:50:08.287+0000] {dag.py:3954} INFO - Setting next_dagrun for dataset_produces_1 to 2025-12-26 00:00:00+00:00, run_after=2025-12-27 00:00:00+00:00
[2025-12-27T14:50:08.292+0000] {logging_mixin.py:188} INFO - [2025-12-27T14:50:08.291+0000] {dag.py:3954} INFO - Setting next_dagrun for dataset_produces_2 to None, run_after=None
[2025-12-27T14:50:08.657+0000] {processor.py:183} INFO - Processing /home/airflow/.local/lib/python3.12/site-packages/airflow/example_dags/example_datasets.py took 1.966 seconds
[2025-12-27T14:50:39.176+0000] {processor.py:161} INFO - Started process (PID=3697) to work on /home/airflow/.local/lib/python3.12/site-packages/airflow/example_dags/example_datasets.py
[2025-12-27T14:50:39.181+0000] {processor.py:830} INFO - Processing file /home/airflow/.local/lib/python3.12/site-packages/airflow/example_dags/example_datasets.py for tasks to queue
[2025-12-27T14:50:39.185+0000] {logging_mixin.py:188} INFO - [2025-12-27T14:50:39.183+0000] {dagbag.py:540} INFO - Filling up the DagBag from /home/airflow/.local/lib/python3.12/site-packages/airflow/example_dags/example_datasets.py
[2025-12-27T14:50:39.348+0000] {processor.py:840} INFO - DAG(s) 'consume_1_and_2_with_dataset_expressions', 'conditional_dataset_and_time_based_timetable', 'consume_1_or_both_2_and_3_with_dataset_expressions', 'dataset_produces_1', 'dataset_consumes_1_never_scheduled', 'dataset_consumes_1_and_2', 'dataset_consumes_unknown_never_scheduled', 'consume_1_or_2_with_dataset_expressions', 'dataset_consumes_1', 'dataset_produces_2' retrieved from /home/airflow/.local/lib/python3.12/site-packages/airflow/example_dags/example_datasets.py
[2025-12-27T14:50:39.542+0000] {logging_mixin.py:188} INFO - [2025-12-27T14:50:39.541+0000] {dag.py:3096} INFO - Sync 10 DAGs
[2025-12-27T14:50:39.636+0000] {logging_mixin.py:188} INFO - [2025-12-27T14:50:39.635+0000] {dag.py:3954} INFO - Setting next_dagrun for conditional_dataset_and_time_based_timetable to 2025-12-24 01:00:00+00:00, run_after=2025-12-24 01:00:00+00:00
[2025-12-27T14:50:39.649+0000] {logging_mixin.py:188} INFO - [2025-12-27T14:50:39.649+0000] {dag.py:3954} INFO - Setting next_dagrun for consume_1_and_2_with_dataset_expressions to None, run_after=None
[2025-12-27T14:50:39.655+0000] {logging_mixin.py:188} INFO - [2025-12-27T14:50:39.654+0000] {dag.py:3954} INFO - Setting next_dagrun for consume_1_or_2_with_dataset_expressions to None, run_after=None
[2025-12-27T14:50:39.662+0000] {logging_mixin.py:188} INFO - [2025-12-27T14:50:39.661+0000] {dag.py:3954} INFO - Setting next_dagrun for consume_1_or_both_2_and_3_with_dataset_expressions to None, run_after=None
[2025-12-27T14:50:39.668+0000] {logging_mixin.py:188} INFO - [2025-12-27T14:50:39.668+0000] {dag.py:3954} INFO - Setting next_dagrun for dataset_consumes_1 to None, run_after=None
[2025-12-27T14:50:39.676+0000] {logging_mixin.py:188} INFO - [2025-12-27T14:50:39.675+0000] {dag.py:3954} INFO - Setting next_dagrun for dataset_consumes_1_and_2 to None, run_after=None
[2025-12-27T14:50:39.683+0000] {logging_mixin.py:188} INFO - [2025-12-27T14:50:39.682+0000] {dag.py:3954} INFO - Setting next_dagrun for dataset_consumes_1_never_scheduled to None, run_after=None
[2025-12-27T14:50:39.705+0000] {logging_mixin.py:188} INFO - [2025-12-27T14:50:39.702+0000] {dag.py:3954} INFO - Setting next_dagrun for dataset_consumes_unknown_never_scheduled to None, run_after=None
[2025-12-27T14:50:39.730+0000] {logging_mixin.py:188} INFO - [2025-12-27T14:50:39.729+0000] {dag.py:3954} INFO - Setting next_dagrun for dataset_produces_1 to 2025-12-26 00:00:00+00:00, run_after=2025-12-27 00:00:00+00:00
[2025-12-27T14:50:39.746+0000] {logging_mixin.py:188} INFO - [2025-12-27T14:50:39.745+0000] {dag.py:3954} INFO - Setting next_dagrun for dataset_produces_2 to None, run_after=None
[2025-12-27T14:50:39.937+0000] {processor.py:183} INFO - Processing /home/airflow/.local/lib/python3.12/site-packages/airflow/example_dags/example_datasets.py took 0.791 seconds
[2025-12-27T14:51:12.891+0000] {processor.py:161} INFO - Started process (PID=3755) to work on /home/airflow/.local/lib/python3.12/site-packages/airflow/example_dags/example_datasets.py
[2025-12-27T14:51:12.921+0000] {processor.py:830} INFO - Processing file /home/airflow/.local/lib/python3.12/site-packages/airflow/example_dags/example_datasets.py for tasks to queue
[2025-12-27T14:51:12.946+0000] {logging_mixin.py:188} INFO - [2025-12-27T14:51:12.944+0000] {dagbag.py:540} INFO - Filling up the DagBag from /home/airflow/.local/lib/python3.12/site-packages/airflow/example_dags/example_datasets.py
[2025-12-27T14:51:15.105+0000] {processor.py:840} INFO - DAG(s) 'consume_1_or_both_2_and_3_with_dataset_expressions', 'consume_1_or_2_with_dataset_expressions', 'dataset_produces_1', 'dataset_consumes_1_never_scheduled', 'consume_1_and_2_with_dataset_expressions', 'conditional_dataset_and_time_based_timetable', 'dataset_consumes_unknown_never_scheduled', 'dataset_consumes_1_and_2', 'dataset_consumes_1', 'dataset_produces_2' retrieved from /home/airflow/.local/lib/python3.12/site-packages/airflow/example_dags/example_datasets.py
[2025-12-27T14:51:15.797+0000] {logging_mixin.py:188} INFO - [2025-12-27T14:51:15.796+0000] {dag.py:3096} INFO - Sync 10 DAGs
[2025-12-27T14:51:17.649+0000] {logging_mixin.py:188} INFO - [2025-12-27T14:51:17.637+0000] {dag.py:3954} INFO - Setting next_dagrun for conditional_dataset_and_time_based_timetable to 2025-12-24 01:00:00+00:00, run_after=2025-12-24 01:00:00+00:00
[2025-12-27T14:51:17.677+0000] {logging_mixin.py:188} INFO - [2025-12-27T14:51:17.677+0000] {dag.py:3954} INFO - Setting next_dagrun for consume_1_and_2_with_dataset_expressions to None, run_after=None
[2025-12-27T14:51:17.690+0000] {logging_mixin.py:188} INFO - [2025-12-27T14:51:17.689+0000] {dag.py:3954} INFO - Setting next_dagrun for consume_1_or_2_with_dataset_expressions to None, run_after=None
[2025-12-27T14:51:17.698+0000] {logging_mixin.py:188} INFO - [2025-12-27T14:51:17.698+0000] {dag.py:3954} INFO - Setting next_dagrun for consume_1_or_both_2_and_3_with_dataset_expressions to None, run_after=None
[2025-12-27T14:51:17.715+0000] {logging_mixin.py:188} INFO - [2025-12-27T14:51:17.714+0000] {dag.py:3954} INFO - Setting next_dagrun for dataset_consumes_1 to None, run_after=None
[2025-12-27T14:51:17.743+0000] {logging_mixin.py:188} INFO - [2025-12-27T14:51:17.742+0000] {dag.py:3954} INFO - Setting next_dagrun for dataset_consumes_1_and_2 to None, run_after=None
[2025-12-27T14:51:17.782+0000] {logging_mixin.py:188} INFO - [2025-12-27T14:51:17.781+0000] {dag.py:3954} INFO - Setting next_dagrun for dataset_consumes_1_never_scheduled to None, run_after=None
[2025-12-27T14:51:17.830+0000] {logging_mixin.py:188} INFO - [2025-12-27T14:51:17.829+0000] {dag.py:3954} INFO - Setting next_dagrun for dataset_consumes_unknown_never_scheduled to None, run_after=None
[2025-12-27T14:51:17.868+0000] {logging_mixin.py:188} INFO - [2025-12-27T14:51:17.867+0000] {dag.py:3954} INFO - Setting next_dagrun for dataset_produces_1 to 2025-12-26 00:00:00+00:00, run_after=2025-12-27 00:00:00+00:00
[2025-12-27T14:51:17.941+0000] {logging_mixin.py:188} INFO - [2025-12-27T14:51:17.940+0000] {dag.py:3954} INFO - Setting next_dagrun for dataset_produces_2 to None, run_after=None
[2025-12-27T14:51:18.360+0000] {processor.py:183} INFO - Processing /home/airflow/.local/lib/python3.12/site-packages/airflow/example_dags/example_datasets.py took 6.024 seconds
[2025-12-27T14:52:58.673+0000] {processor.py:161} INFO - Started process (PID=3819) to work on /home/airflow/.local/lib/python3.12/site-packages/airflow/example_dags/example_datasets.py
[2025-12-27T14:52:58.751+0000] {processor.py:830} INFO - Processing file /home/airflow/.local/lib/python3.12/site-packages/airflow/example_dags/example_datasets.py for tasks to queue
[2025-12-27T14:52:58.823+0000] {logging_mixin.py:188} INFO - [2025-12-27T14:52:58.787+0000] {dagbag.py:540} INFO - Filling up the DagBag from /home/airflow/.local/lib/python3.12/site-packages/airflow/example_dags/example_datasets.py
[2025-12-27T14:53:00.033+0000] {processor.py:840} INFO - DAG(s) 'dataset_produces_2', 'consume_1_or_2_with_dataset_expressions', 'dataset_consumes_1', 'dataset_consumes_unknown_never_scheduled', 'dataset_produces_1', 'consume_1_or_both_2_and_3_with_dataset_expressions', 'dataset_consumes_1_never_scheduled', 'conditional_dataset_and_time_based_timetable', 'consume_1_and_2_with_dataset_expressions', 'dataset_consumes_1_and_2' retrieved from /home/airflow/.local/lib/python3.12/site-packages/airflow/example_dags/example_datasets.py
[2025-12-27T14:53:01.389+0000] {logging_mixin.py:188} INFO - [2025-12-27T14:53:01.388+0000] {dag.py:3096} INFO - Sync 10 DAGs
[2025-12-27T14:53:01.908+0000] {logging_mixin.py:188} INFO - [2025-12-27T14:53:01.907+0000] {dag.py:3954} INFO - Setting next_dagrun for conditional_dataset_and_time_based_timetable to 2025-12-24 01:00:00+00:00, run_after=2025-12-24 01:00:00+00:00
[2025-12-27T14:53:02.031+0000] {logging_mixin.py:188} INFO - [2025-12-27T14:53:02.030+0000] {dag.py:3954} INFO - Setting next_dagrun for consume_1_and_2_with_dataset_expressions to None, run_after=None
[2025-12-27T14:53:02.062+0000] {logging_mixin.py:188} INFO - [2025-12-27T14:53:02.061+0000] {dag.py:3954} INFO - Setting next_dagrun for consume_1_or_2_with_dataset_expressions to None, run_after=None
[2025-12-27T14:53:02.098+0000] {logging_mixin.py:188} INFO - [2025-12-27T14:53:02.097+0000] {dag.py:3954} INFO - Setting next_dagrun for consume_1_or_both_2_and_3_with_dataset_expressions to None, run_after=None
[2025-12-27T14:53:02.136+0000] {logging_mixin.py:188} INFO - [2025-12-27T14:53:02.135+0000] {dag.py:3954} INFO - Setting next_dagrun for dataset_consumes_1 to None, run_after=None
[2025-12-27T14:53:02.140+0000] {logging_mixin.py:188} INFO - [2025-12-27T14:53:02.140+0000] {dag.py:3954} INFO - Setting next_dagrun for dataset_consumes_1_and_2 to None, run_after=None
[2025-12-27T14:53:02.187+0000] {logging_mixin.py:188} INFO - [2025-12-27T14:53:02.185+0000] {dag.py:3954} INFO - Setting next_dagrun for dataset_consumes_1_never_scheduled to None, run_after=None
[2025-12-27T14:53:02.194+0000] {logging_mixin.py:188} INFO - [2025-12-27T14:53:02.194+0000] {dag.py:3954} INFO - Setting next_dagrun for dataset_consumes_unknown_never_scheduled to None, run_after=None
[2025-12-27T14:53:02.202+0000] {logging_mixin.py:188} INFO - [2025-12-27T14:53:02.202+0000] {dag.py:3954} INFO - Setting next_dagrun for dataset_produces_1 to 2025-12-26 00:00:00+00:00, run_after=2025-12-27 00:00:00+00:00
[2025-12-27T14:53:02.207+0000] {logging_mixin.py:188} INFO - [2025-12-27T14:53:02.206+0000] {dag.py:3954} INFO - Setting next_dagrun for dataset_produces_2 to None, run_after=None
[2025-12-27T14:53:03.798+0000] {processor.py:183} INFO - Processing /home/airflow/.local/lib/python3.12/site-packages/airflow/example_dags/example_datasets.py took 5.632 seconds
[2025-12-27T14:55:03.408+0000] {processor.py:161} INFO - Started process (PID=3876) to work on /home/airflow/.local/lib/python3.12/site-packages/airflow/example_dags/example_datasets.py
[2025-12-27T14:55:03.446+0000] {processor.py:830} INFO - Processing file /home/airflow/.local/lib/python3.12/site-packages/airflow/example_dags/example_datasets.py for tasks to queue
[2025-12-27T14:55:03.485+0000] {logging_mixin.py:188} INFO - [2025-12-27T14:55:03.465+0000] {dagbag.py:540} INFO - Filling up the DagBag from /home/airflow/.local/lib/python3.12/site-packages/airflow/example_dags/example_datasets.py
[2025-12-27T14:55:04.531+0000] {processor.py:840} INFO - DAG(s) 'dataset_consumes_1_never_scheduled', 'conditional_dataset_and_time_based_timetable', 'dataset_consumes_1', 'dataset_produces_1', 'consume_1_or_both_2_and_3_with_dataset_expressions', 'dataset_consumes_1_and_2', 'dataset_consumes_unknown_never_scheduled', 'consume_1_and_2_with_dataset_expressions', 'consume_1_or_2_with_dataset_expressions', 'dataset_produces_2' retrieved from /home/airflow/.local/lib/python3.12/site-packages/airflow/example_dags/example_datasets.py
[2025-12-27T14:55:07.115+0000] {logging_mixin.py:188} INFO - [2025-12-27T14:55:06.767+0000] {dag.py:3096} INFO - Sync 10 DAGs
[2025-12-27T14:55:10.104+0000] {logging_mixin.py:188} INFO - [2025-12-27T14:55:10.048+0000] {dag.py:3954} INFO - Setting next_dagrun for conditional_dataset_and_time_based_timetable to 2025-12-24 01:00:00+00:00, run_after=2025-12-24 01:00:00+00:00
[2025-12-27T14:55:10.218+0000] {logging_mixin.py:188} INFO - [2025-12-27T14:55:10.218+0000] {dag.py:3954} INFO - Setting next_dagrun for consume_1_and_2_with_dataset_expressions to None, run_after=None
[2025-12-27T14:55:10.303+0000] {logging_mixin.py:188} INFO - [2025-12-27T14:55:10.303+0000] {dag.py:3954} INFO - Setting next_dagrun for consume_1_or_2_with_dataset_expressions to None, run_after=None
[2025-12-27T14:55:10.325+0000] {logging_mixin.py:188} INFO - [2025-12-27T14:55:10.324+0000] {dag.py:3954} INFO - Setting next_dagrun for consume_1_or_both_2_and_3_with_dataset_expressions to None, run_after=None
[2025-12-27T14:55:10.342+0000] {logging_mixin.py:188} INFO - [2025-12-27T14:55:10.341+0000] {dag.py:3954} INFO - Setting next_dagrun for dataset_consumes_1 to None, run_after=None
[2025-12-27T14:55:10.369+0000] {logging_mixin.py:188} INFO - [2025-12-27T14:55:10.364+0000] {dag.py:3954} INFO - Setting next_dagrun for dataset_consumes_1_and_2 to None, run_after=None
[2025-12-27T14:55:10.403+0000] {logging_mixin.py:188} INFO - [2025-12-27T14:55:10.402+0000] {dag.py:3954} INFO - Setting next_dagrun for dataset_consumes_1_never_scheduled to None, run_after=None
[2025-12-27T14:55:10.411+0000] {logging_mixin.py:188} INFO - [2025-12-27T14:55:10.410+0000] {dag.py:3954} INFO - Setting next_dagrun for dataset_consumes_unknown_never_scheduled to None, run_after=None
[2025-12-27T14:55:10.464+0000] {logging_mixin.py:188} INFO - [2025-12-27T14:55:10.459+0000] {dag.py:3954} INFO - Setting next_dagrun for dataset_produces_1 to 2025-12-26 00:00:00+00:00, run_after=2025-12-27 00:00:00+00:00
[2025-12-27T14:55:10.476+0000] {logging_mixin.py:188} INFO - [2025-12-27T14:55:10.475+0000] {dag.py:3954} INFO - Setting next_dagrun for dataset_produces_2 to None, run_after=None
[2025-12-27T14:55:12.879+0000] {processor.py:183} INFO - Processing /home/airflow/.local/lib/python3.12/site-packages/airflow/example_dags/example_datasets.py took 9.709 seconds
