[2025-12-27T14:15:09.840+0000] {processor.py:161} INFO - Started process (PID=121) to work on /home/airflow/.local/lib/python3.12/site-packages/airflow/example_dags/example_setup_teardown_taskflow.py
[2025-12-27T14:15:09.843+0000] {processor.py:830} INFO - Processing file /home/airflow/.local/lib/python3.12/site-packages/airflow/example_dags/example_setup_teardown_taskflow.py for tasks to queue
[2025-12-27T14:15:09.850+0000] {logging_mixin.py:188} INFO - [2025-12-27T14:15:09.849+0000] {dagbag.py:540} INFO - Filling up the DagBag from /home/airflow/.local/lib/python3.12/site-packages/airflow/example_dags/example_setup_teardown_taskflow.py
[2025-12-27T14:15:09.893+0000] {processor.py:840} INFO - DAG(s) 'example_setup_teardown_taskflow' retrieved from /home/airflow/.local/lib/python3.12/site-packages/airflow/example_dags/example_setup_teardown_taskflow.py
[2025-12-27T14:15:10.606+0000] {logging_mixin.py:188} INFO - [2025-12-27T14:15:10.605+0000] {dag.py:3096} INFO - Sync 1 DAGs
[2025-12-27T14:15:10.781+0000] {logging_mixin.py:188} INFO - [2025-12-27T14:15:10.780+0000] {dag.py:3954} INFO - Setting next_dagrun for example_setup_teardown_taskflow to 2025-12-26 00:00:00+00:00, run_after=2025-12-27 00:00:00+00:00
[2025-12-27T14:15:10.907+0000] {processor.py:183} INFO - Processing /home/airflow/.local/lib/python3.12/site-packages/airflow/example_dags/example_setup_teardown_taskflow.py took 1.092 seconds
[2025-12-27T14:15:41.082+0000] {processor.py:161} INFO - Started process (PID=178) to work on /home/airflow/.local/lib/python3.12/site-packages/airflow/example_dags/example_setup_teardown_taskflow.py
[2025-12-27T14:15:41.086+0000] {processor.py:830} INFO - Processing file /home/airflow/.local/lib/python3.12/site-packages/airflow/example_dags/example_setup_teardown_taskflow.py for tasks to queue
[2025-12-27T14:15:41.094+0000] {logging_mixin.py:188} INFO - [2025-12-27T14:15:41.093+0000] {dagbag.py:540} INFO - Filling up the DagBag from /home/airflow/.local/lib/python3.12/site-packages/airflow/example_dags/example_setup_teardown_taskflow.py
[2025-12-27T14:15:41.122+0000] {processor.py:840} INFO - DAG(s) 'example_setup_teardown_taskflow' retrieved from /home/airflow/.local/lib/python3.12/site-packages/airflow/example_dags/example_setup_teardown_taskflow.py
[2025-12-27T14:15:41.193+0000] {logging_mixin.py:188} INFO - [2025-12-27T14:15:41.193+0000] {dag.py:3096} INFO - Sync 1 DAGs
[2025-12-27T14:15:41.273+0000] {logging_mixin.py:188} INFO - [2025-12-27T14:15:41.272+0000] {dag.py:3954} INFO - Setting next_dagrun for example_setup_teardown_taskflow to 2025-12-26 00:00:00+00:00, run_after=2025-12-27 00:00:00+00:00
[2025-12-27T14:15:41.346+0000] {processor.py:183} INFO - Processing /home/airflow/.local/lib/python3.12/site-packages/airflow/example_dags/example_setup_teardown_taskflow.py took 0.287 seconds
[2025-12-27T14:16:11.568+0000] {processor.py:161} INFO - Started process (PID=237) to work on /home/airflow/.local/lib/python3.12/site-packages/airflow/example_dags/example_setup_teardown_taskflow.py
[2025-12-27T14:16:11.579+0000] {processor.py:830} INFO - Processing file /home/airflow/.local/lib/python3.12/site-packages/airflow/example_dags/example_setup_teardown_taskflow.py for tasks to queue
[2025-12-27T14:16:11.591+0000] {logging_mixin.py:188} INFO - [2025-12-27T14:16:11.589+0000] {dagbag.py:540} INFO - Filling up the DagBag from /home/airflow/.local/lib/python3.12/site-packages/airflow/example_dags/example_setup_teardown_taskflow.py
[2025-12-27T14:16:11.662+0000] {processor.py:840} INFO - DAG(s) 'example_setup_teardown_taskflow' retrieved from /home/airflow/.local/lib/python3.12/site-packages/airflow/example_dags/example_setup_teardown_taskflow.py
[2025-12-27T14:16:11.783+0000] {logging_mixin.py:188} INFO - [2025-12-27T14:16:11.782+0000] {dag.py:3096} INFO - Sync 1 DAGs
[2025-12-27T14:16:11.850+0000] {logging_mixin.py:188} INFO - [2025-12-27T14:16:11.849+0000] {dag.py:3954} INFO - Setting next_dagrun for example_setup_teardown_taskflow to 2025-12-26 00:00:00+00:00, run_after=2025-12-27 00:00:00+00:00
[2025-12-27T14:16:11.908+0000] {processor.py:183} INFO - Processing /home/airflow/.local/lib/python3.12/site-packages/airflow/example_dags/example_setup_teardown_taskflow.py took 0.392 seconds
[2025-12-27T14:16:42.168+0000] {processor.py:161} INFO - Started process (PID=295) to work on /home/airflow/.local/lib/python3.12/site-packages/airflow/example_dags/example_setup_teardown_taskflow.py
[2025-12-27T14:16:42.171+0000] {processor.py:830} INFO - Processing file /home/airflow/.local/lib/python3.12/site-packages/airflow/example_dags/example_setup_teardown_taskflow.py for tasks to queue
[2025-12-27T14:16:42.180+0000] {logging_mixin.py:188} INFO - [2025-12-27T14:16:42.177+0000] {dagbag.py:540} INFO - Filling up the DagBag from /home/airflow/.local/lib/python3.12/site-packages/airflow/example_dags/example_setup_teardown_taskflow.py
[2025-12-27T14:16:42.217+0000] {processor.py:840} INFO - DAG(s) 'example_setup_teardown_taskflow' retrieved from /home/airflow/.local/lib/python3.12/site-packages/airflow/example_dags/example_setup_teardown_taskflow.py
[2025-12-27T14:16:42.359+0000] {logging_mixin.py:188} INFO - [2025-12-27T14:16:42.358+0000] {dag.py:3096} INFO - Sync 1 DAGs
[2025-12-27T14:16:42.479+0000] {logging_mixin.py:188} INFO - [2025-12-27T14:16:42.477+0000] {dag.py:3954} INFO - Setting next_dagrun for example_setup_teardown_taskflow to 2025-12-26 00:00:00+00:00, run_after=2025-12-27 00:00:00+00:00
[2025-12-27T14:16:42.563+0000] {processor.py:183} INFO - Processing /home/airflow/.local/lib/python3.12/site-packages/airflow/example_dags/example_setup_teardown_taskflow.py took 0.413 seconds
[2025-12-27T14:17:36.186+0000] {processor.py:161} INFO - Started process (PID=358) to work on /home/airflow/.local/lib/python3.12/site-packages/airflow/example_dags/example_setup_teardown_taskflow.py
[2025-12-27T14:17:36.224+0000] {processor.py:830} INFO - Processing file /home/airflow/.local/lib/python3.12/site-packages/airflow/example_dags/example_setup_teardown_taskflow.py for tasks to queue
[2025-12-27T14:17:36.247+0000] {logging_mixin.py:188} INFO - [2025-12-27T14:17:36.244+0000] {dagbag.py:540} INFO - Filling up the DagBag from /home/airflow/.local/lib/python3.12/site-packages/airflow/example_dags/example_setup_teardown_taskflow.py
[2025-12-27T14:17:36.387+0000] {processor.py:840} INFO - DAG(s) 'example_setup_teardown_taskflow' retrieved from /home/airflow/.local/lib/python3.12/site-packages/airflow/example_dags/example_setup_teardown_taskflow.py
[2025-12-27T14:17:36.584+0000] {logging_mixin.py:188} INFO - [2025-12-27T14:17:36.583+0000] {dag.py:3096} INFO - Sync 1 DAGs
[2025-12-27T14:17:36.755+0000] {logging_mixin.py:188} INFO - [2025-12-27T14:17:36.754+0000] {dag.py:3954} INFO - Setting next_dagrun for example_setup_teardown_taskflow to 2025-12-26 00:00:00+00:00, run_after=2025-12-27 00:00:00+00:00
[2025-12-27T14:17:36.874+0000] {processor.py:183} INFO - Processing /home/airflow/.local/lib/python3.12/site-packages/airflow/example_dags/example_setup_teardown_taskflow.py took 0.796 seconds
[2025-12-27T14:18:24.003+0000] {processor.py:161} INFO - Started process (PID=421) to work on /home/airflow/.local/lib/python3.12/site-packages/airflow/example_dags/example_setup_teardown_taskflow.py
[2025-12-27T14:18:24.020+0000] {processor.py:830} INFO - Processing file /home/airflow/.local/lib/python3.12/site-packages/airflow/example_dags/example_setup_teardown_taskflow.py for tasks to queue
[2025-12-27T14:18:24.050+0000] {logging_mixin.py:188} INFO - [2025-12-27T14:18:24.047+0000] {dagbag.py:540} INFO - Filling up the DagBag from /home/airflow/.local/lib/python3.12/site-packages/airflow/example_dags/example_setup_teardown_taskflow.py
[2025-12-27T14:18:24.142+0000] {processor.py:840} INFO - DAG(s) 'example_setup_teardown_taskflow' retrieved from /home/airflow/.local/lib/python3.12/site-packages/airflow/example_dags/example_setup_teardown_taskflow.py
[2025-12-27T14:18:24.275+0000] {logging_mixin.py:188} INFO - [2025-12-27T14:18:24.274+0000] {dag.py:3096} INFO - Sync 1 DAGs
[2025-12-27T14:18:24.398+0000] {logging_mixin.py:188} INFO - [2025-12-27T14:18:24.396+0000] {dag.py:3954} INFO - Setting next_dagrun for example_setup_teardown_taskflow to 2025-12-26 00:00:00+00:00, run_after=2025-12-27 00:00:00+00:00
[2025-12-27T14:18:24.487+0000] {processor.py:183} INFO - Processing /home/airflow/.local/lib/python3.12/site-packages/airflow/example_dags/example_setup_teardown_taskflow.py took 0.575 seconds
[2025-12-27T14:18:54.656+0000] {processor.py:161} INFO - Started process (PID=477) to work on /home/airflow/.local/lib/python3.12/site-packages/airflow/example_dags/example_setup_teardown_taskflow.py
[2025-12-27T14:18:54.659+0000] {processor.py:830} INFO - Processing file /home/airflow/.local/lib/python3.12/site-packages/airflow/example_dags/example_setup_teardown_taskflow.py for tasks to queue
[2025-12-27T14:18:54.666+0000] {logging_mixin.py:188} INFO - [2025-12-27T14:18:54.665+0000] {dagbag.py:540} INFO - Filling up the DagBag from /home/airflow/.local/lib/python3.12/site-packages/airflow/example_dags/example_setup_teardown_taskflow.py
[2025-12-27T14:18:54.703+0000] {processor.py:840} INFO - DAG(s) 'example_setup_teardown_taskflow' retrieved from /home/airflow/.local/lib/python3.12/site-packages/airflow/example_dags/example_setup_teardown_taskflow.py
[2025-12-27T14:18:54.792+0000] {logging_mixin.py:188} INFO - [2025-12-27T14:18:54.792+0000] {dag.py:3096} INFO - Sync 1 DAGs
[2025-12-27T14:18:54.866+0000] {logging_mixin.py:188} INFO - [2025-12-27T14:18:54.865+0000] {dag.py:3954} INFO - Setting next_dagrun for example_setup_teardown_taskflow to 2025-12-26 00:00:00+00:00, run_after=2025-12-27 00:00:00+00:00
[2025-12-27T14:18:54.929+0000] {processor.py:183} INFO - Processing /home/airflow/.local/lib/python3.12/site-packages/airflow/example_dags/example_setup_teardown_taskflow.py took 0.293 seconds
[2025-12-27T14:19:25.432+0000] {processor.py:161} INFO - Started process (PID=534) to work on /home/airflow/.local/lib/python3.12/site-packages/airflow/example_dags/example_setup_teardown_taskflow.py
[2025-12-27T14:19:25.436+0000] {processor.py:830} INFO - Processing file /home/airflow/.local/lib/python3.12/site-packages/airflow/example_dags/example_setup_teardown_taskflow.py for tasks to queue
[2025-12-27T14:19:25.443+0000] {logging_mixin.py:188} INFO - [2025-12-27T14:19:25.442+0000] {dagbag.py:540} INFO - Filling up the DagBag from /home/airflow/.local/lib/python3.12/site-packages/airflow/example_dags/example_setup_teardown_taskflow.py
[2025-12-27T14:19:25.473+0000] {processor.py:840} INFO - DAG(s) 'example_setup_teardown_taskflow' retrieved from /home/airflow/.local/lib/python3.12/site-packages/airflow/example_dags/example_setup_teardown_taskflow.py
[2025-12-27T14:19:25.543+0000] {logging_mixin.py:188} INFO - [2025-12-27T14:19:25.542+0000] {dag.py:3096} INFO - Sync 1 DAGs
[2025-12-27T14:19:25.604+0000] {logging_mixin.py:188} INFO - [2025-12-27T14:19:25.604+0000] {dag.py:3954} INFO - Setting next_dagrun for example_setup_teardown_taskflow to 2025-12-26 00:00:00+00:00, run_after=2025-12-27 00:00:00+00:00
[2025-12-27T14:19:25.669+0000] {processor.py:183} INFO - Processing /home/airflow/.local/lib/python3.12/site-packages/airflow/example_dags/example_setup_teardown_taskflow.py took 0.257 seconds
[2025-12-27T14:19:55.948+0000] {processor.py:161} INFO - Started process (PID=592) to work on /home/airflow/.local/lib/python3.12/site-packages/airflow/example_dags/example_setup_teardown_taskflow.py
[2025-12-27T14:19:55.952+0000] {processor.py:830} INFO - Processing file /home/airflow/.local/lib/python3.12/site-packages/airflow/example_dags/example_setup_teardown_taskflow.py for tasks to queue
[2025-12-27T14:19:55.956+0000] {logging_mixin.py:188} INFO - [2025-12-27T14:19:55.956+0000] {dagbag.py:540} INFO - Filling up the DagBag from /home/airflow/.local/lib/python3.12/site-packages/airflow/example_dags/example_setup_teardown_taskflow.py
[2025-12-27T14:19:55.984+0000] {processor.py:840} INFO - DAG(s) 'example_setup_teardown_taskflow' retrieved from /home/airflow/.local/lib/python3.12/site-packages/airflow/example_dags/example_setup_teardown_taskflow.py
[2025-12-27T14:19:56.050+0000] {logging_mixin.py:188} INFO - [2025-12-27T14:19:56.050+0000] {dag.py:3096} INFO - Sync 1 DAGs
[2025-12-27T14:19:56.110+0000] {logging_mixin.py:188} INFO - [2025-12-27T14:19:56.110+0000] {dag.py:3954} INFO - Setting next_dagrun for example_setup_teardown_taskflow to 2025-12-26 00:00:00+00:00, run_after=2025-12-27 00:00:00+00:00
[2025-12-27T14:19:56.170+0000] {processor.py:183} INFO - Processing /home/airflow/.local/lib/python3.12/site-packages/airflow/example_dags/example_setup_teardown_taskflow.py took 0.237 seconds
[2025-12-27T14:20:26.664+0000] {processor.py:161} INFO - Started process (PID=650) to work on /home/airflow/.local/lib/python3.12/site-packages/airflow/example_dags/example_setup_teardown_taskflow.py
[2025-12-27T14:20:26.672+0000] {processor.py:830} INFO - Processing file /home/airflow/.local/lib/python3.12/site-packages/airflow/example_dags/example_setup_teardown_taskflow.py for tasks to queue
[2025-12-27T14:20:26.682+0000] {logging_mixin.py:188} INFO - [2025-12-27T14:20:26.680+0000] {dagbag.py:540} INFO - Filling up the DagBag from /home/airflow/.local/lib/python3.12/site-packages/airflow/example_dags/example_setup_teardown_taskflow.py
[2025-12-27T14:20:26.734+0000] {processor.py:840} INFO - DAG(s) 'example_setup_teardown_taskflow' retrieved from /home/airflow/.local/lib/python3.12/site-packages/airflow/example_dags/example_setup_teardown_taskflow.py
[2025-12-27T14:20:26.834+0000] {logging_mixin.py:188} INFO - [2025-12-27T14:20:26.833+0000] {dag.py:3096} INFO - Sync 1 DAGs
[2025-12-27T14:20:26.931+0000] {logging_mixin.py:188} INFO - [2025-12-27T14:20:26.930+0000] {dag.py:3954} INFO - Setting next_dagrun for example_setup_teardown_taskflow to 2025-12-26 00:00:00+00:00, run_after=2025-12-27 00:00:00+00:00
[2025-12-27T14:20:27.008+0000] {processor.py:183} INFO - Processing /home/airflow/.local/lib/python3.12/site-packages/airflow/example_dags/example_setup_teardown_taskflow.py took 0.377 seconds
[2025-12-27T14:20:57.535+0000] {processor.py:161} INFO - Started process (PID=708) to work on /home/airflow/.local/lib/python3.12/site-packages/airflow/example_dags/example_setup_teardown_taskflow.py
[2025-12-27T14:20:57.543+0000] {processor.py:830} INFO - Processing file /home/airflow/.local/lib/python3.12/site-packages/airflow/example_dags/example_setup_teardown_taskflow.py for tasks to queue
[2025-12-27T14:20:57.557+0000] {logging_mixin.py:188} INFO - [2025-12-27T14:20:57.555+0000] {dagbag.py:540} INFO - Filling up the DagBag from /home/airflow/.local/lib/python3.12/site-packages/airflow/example_dags/example_setup_teardown_taskflow.py
[2025-12-27T14:20:57.635+0000] {processor.py:840} INFO - DAG(s) 'example_setup_teardown_taskflow' retrieved from /home/airflow/.local/lib/python3.12/site-packages/airflow/example_dags/example_setup_teardown_taskflow.py
[2025-12-27T14:20:57.812+0000] {logging_mixin.py:188} INFO - [2025-12-27T14:20:57.811+0000] {dag.py:3096} INFO - Sync 1 DAGs
[2025-12-27T14:20:57.881+0000] {logging_mixin.py:188} INFO - [2025-12-27T14:20:57.880+0000] {dag.py:3954} INFO - Setting next_dagrun for example_setup_teardown_taskflow to 2025-12-26 00:00:00+00:00, run_after=2025-12-27 00:00:00+00:00
[2025-12-27T14:20:57.944+0000] {processor.py:183} INFO - Processing /home/airflow/.local/lib/python3.12/site-packages/airflow/example_dags/example_setup_teardown_taskflow.py took 0.454 seconds
[2025-12-27T14:21:36.170+0000] {processor.py:161} INFO - Started process (PID=755) to work on /home/airflow/.local/lib/python3.12/site-packages/airflow/example_dags/example_setup_teardown_taskflow.py
[2025-12-27T14:21:36.176+0000] {processor.py:830} INFO - Processing file /home/airflow/.local/lib/python3.12/site-packages/airflow/example_dags/example_setup_teardown_taskflow.py for tasks to queue
[2025-12-27T14:21:36.186+0000] {logging_mixin.py:188} INFO - [2025-12-27T14:21:36.185+0000] {dagbag.py:540} INFO - Filling up the DagBag from /home/airflow/.local/lib/python3.12/site-packages/airflow/example_dags/example_setup_teardown_taskflow.py
[2025-12-27T14:21:36.244+0000] {processor.py:840} INFO - DAG(s) 'example_setup_teardown_taskflow' retrieved from /home/airflow/.local/lib/python3.12/site-packages/airflow/example_dags/example_setup_teardown_taskflow.py
[2025-12-27T14:21:36.338+0000] {logging_mixin.py:188} INFO - [2025-12-27T14:21:36.337+0000] {dag.py:3096} INFO - Sync 1 DAGs
[2025-12-27T14:21:36.426+0000] {logging_mixin.py:188} INFO - [2025-12-27T14:21:36.425+0000] {dag.py:3954} INFO - Setting next_dagrun for example_setup_teardown_taskflow to 2025-12-26 00:00:00+00:00, run_after=2025-12-27 00:00:00+00:00
[2025-12-27T14:21:36.574+0000] {processor.py:183} INFO - Processing /home/airflow/.local/lib/python3.12/site-packages/airflow/example_dags/example_setup_teardown_taskflow.py took 0.432 seconds
[2025-12-27T14:22:28.980+0000] {processor.py:161} INFO - Started process (PID=815) to work on /home/airflow/.local/lib/python3.12/site-packages/airflow/example_dags/example_setup_teardown_taskflow.py
[2025-12-27T14:22:28.992+0000] {processor.py:830} INFO - Processing file /home/airflow/.local/lib/python3.12/site-packages/airflow/example_dags/example_setup_teardown_taskflow.py for tasks to queue
[2025-12-27T14:22:29.000+0000] {logging_mixin.py:188} INFO - [2025-12-27T14:22:28.998+0000] {dagbag.py:540} INFO - Filling up the DagBag from /home/airflow/.local/lib/python3.12/site-packages/airflow/example_dags/example_setup_teardown_taskflow.py
[2025-12-27T14:22:29.067+0000] {processor.py:840} INFO - DAG(s) 'example_setup_teardown_taskflow' retrieved from /home/airflow/.local/lib/python3.12/site-packages/airflow/example_dags/example_setup_teardown_taskflow.py
[2025-12-27T14:22:29.234+0000] {logging_mixin.py:188} INFO - [2025-12-27T14:22:29.232+0000] {dag.py:3096} INFO - Sync 1 DAGs
[2025-12-27T14:22:29.403+0000] {logging_mixin.py:188} INFO - [2025-12-27T14:22:29.402+0000] {dag.py:3954} INFO - Setting next_dagrun for example_setup_teardown_taskflow to 2025-12-26 00:00:00+00:00, run_after=2025-12-27 00:00:00+00:00
[2025-12-27T14:22:29.519+0000] {processor.py:183} INFO - Processing /home/airflow/.local/lib/python3.12/site-packages/airflow/example_dags/example_setup_teardown_taskflow.py took 0.572 seconds
[2025-12-27T14:24:03.970+0000] {processor.py:161} INFO - Started process (PID=898) to work on /home/airflow/.local/lib/python3.12/site-packages/airflow/example_dags/example_setup_teardown_taskflow.py
[2025-12-27T14:24:04.008+0000] {processor.py:830} INFO - Processing file /home/airflow/.local/lib/python3.12/site-packages/airflow/example_dags/example_setup_teardown_taskflow.py for tasks to queue
[2025-12-27T14:24:04.025+0000] {logging_mixin.py:188} INFO - [2025-12-27T14:24:04.024+0000] {dagbag.py:540} INFO - Filling up the DagBag from /home/airflow/.local/lib/python3.12/site-packages/airflow/example_dags/example_setup_teardown_taskflow.py
[2025-12-27T14:24:04.129+0000] {processor.py:840} INFO - DAG(s) 'example_setup_teardown_taskflow' retrieved from /home/airflow/.local/lib/python3.12/site-packages/airflow/example_dags/example_setup_teardown_taskflow.py
[2025-12-27T14:24:04.533+0000] {logging_mixin.py:188} INFO - [2025-12-27T14:24:04.532+0000] {dag.py:3096} INFO - Sync 1 DAGs
[2025-12-27T14:24:04.784+0000] {logging_mixin.py:188} INFO - [2025-12-27T14:24:04.783+0000] {dag.py:3954} INFO - Setting next_dagrun for example_setup_teardown_taskflow to 2025-12-26 00:00:00+00:00, run_after=2025-12-27 00:00:00+00:00
[2025-12-27T14:24:04.981+0000] {processor.py:183} INFO - Processing /home/airflow/.local/lib/python3.12/site-packages/airflow/example_dags/example_setup_teardown_taskflow.py took 1.082 seconds
[2025-12-27T14:24:35.599+0000] {processor.py:161} INFO - Started process (PID=956) to work on /home/airflow/.local/lib/python3.12/site-packages/airflow/example_dags/example_setup_teardown_taskflow.py
[2025-12-27T14:24:35.605+0000] {processor.py:830} INFO - Processing file /home/airflow/.local/lib/python3.12/site-packages/airflow/example_dags/example_setup_teardown_taskflow.py for tasks to queue
[2025-12-27T14:24:35.611+0000] {logging_mixin.py:188} INFO - [2025-12-27T14:24:35.608+0000] {dagbag.py:540} INFO - Filling up the DagBag from /home/airflow/.local/lib/python3.12/site-packages/airflow/example_dags/example_setup_teardown_taskflow.py
[2025-12-27T14:24:35.685+0000] {processor.py:840} INFO - DAG(s) 'example_setup_teardown_taskflow' retrieved from /home/airflow/.local/lib/python3.12/site-packages/airflow/example_dags/example_setup_teardown_taskflow.py
[2025-12-27T14:24:35.836+0000] {logging_mixin.py:188} INFO - [2025-12-27T14:24:35.836+0000] {dag.py:3096} INFO - Sync 1 DAGs
[2025-12-27T14:24:35.982+0000] {logging_mixin.py:188} INFO - [2025-12-27T14:24:35.980+0000] {dag.py:3954} INFO - Setting next_dagrun for example_setup_teardown_taskflow to 2025-12-26 00:00:00+00:00, run_after=2025-12-27 00:00:00+00:00
[2025-12-27T14:24:36.104+0000] {processor.py:183} INFO - Processing /home/airflow/.local/lib/python3.12/site-packages/airflow/example_dags/example_setup_teardown_taskflow.py took 0.544 seconds
[2025-12-27T14:25:17.955+0000] {processor.py:161} INFO - Started process (PID=1014) to work on /home/airflow/.local/lib/python3.12/site-packages/airflow/example_dags/example_setup_teardown_taskflow.py
[2025-12-27T14:25:17.961+0000] {processor.py:830} INFO - Processing file /home/airflow/.local/lib/python3.12/site-packages/airflow/example_dags/example_setup_teardown_taskflow.py for tasks to queue
[2025-12-27T14:25:17.966+0000] {logging_mixin.py:188} INFO - [2025-12-27T14:25:17.965+0000] {dagbag.py:540} INFO - Filling up the DagBag from /home/airflow/.local/lib/python3.12/site-packages/airflow/example_dags/example_setup_teardown_taskflow.py
[2025-12-27T14:25:18.027+0000] {processor.py:840} INFO - DAG(s) 'example_setup_teardown_taskflow' retrieved from /home/airflow/.local/lib/python3.12/site-packages/airflow/example_dags/example_setup_teardown_taskflow.py
[2025-12-27T14:25:18.177+0000] {logging_mixin.py:188} INFO - [2025-12-27T14:25:18.177+0000] {dag.py:3096} INFO - Sync 1 DAGs
[2025-12-27T14:25:18.346+0000] {logging_mixin.py:188} INFO - [2025-12-27T14:25:18.344+0000] {dag.py:3954} INFO - Setting next_dagrun for example_setup_teardown_taskflow to 2025-12-26 00:00:00+00:00, run_after=2025-12-27 00:00:00+00:00
[2025-12-27T14:25:18.463+0000] {processor.py:183} INFO - Processing /home/airflow/.local/lib/python3.12/site-packages/airflow/example_dags/example_setup_teardown_taskflow.py took 0.531 seconds
[2025-12-27T14:26:29.947+0000] {processor.py:161} INFO - Started process (PID=1085) to work on /home/airflow/.local/lib/python3.12/site-packages/airflow/example_dags/example_setup_teardown_taskflow.py
[2025-12-27T14:26:29.952+0000] {processor.py:830} INFO - Processing file /home/airflow/.local/lib/python3.12/site-packages/airflow/example_dags/example_setup_teardown_taskflow.py for tasks to queue
[2025-12-27T14:26:29.955+0000] {logging_mixin.py:188} INFO - [2025-12-27T14:26:29.954+0000] {dagbag.py:540} INFO - Filling up the DagBag from /home/airflow/.local/lib/python3.12/site-packages/airflow/example_dags/example_setup_teardown_taskflow.py
[2025-12-27T14:26:29.999+0000] {processor.py:840} INFO - DAG(s) 'example_setup_teardown_taskflow' retrieved from /home/airflow/.local/lib/python3.12/site-packages/airflow/example_dags/example_setup_teardown_taskflow.py
[2025-12-27T14:26:30.094+0000] {logging_mixin.py:188} INFO - [2025-12-27T14:26:30.094+0000] {dag.py:3096} INFO - Sync 1 DAGs
[2025-12-27T14:26:30.201+0000] {logging_mixin.py:188} INFO - [2025-12-27T14:26:30.200+0000] {dag.py:3954} INFO - Setting next_dagrun for example_setup_teardown_taskflow to 2025-12-26 00:00:00+00:00, run_after=2025-12-27 00:00:00+00:00
[2025-12-27T14:26:30.277+0000] {processor.py:183} INFO - Processing /home/airflow/.local/lib/python3.12/site-packages/airflow/example_dags/example_setup_teardown_taskflow.py took 0.358 seconds
[2025-12-27T14:27:46.854+0000] {processor.py:161} INFO - Started process (PID=1166) to work on /home/airflow/.local/lib/python3.12/site-packages/airflow/example_dags/example_setup_teardown_taskflow.py
[2025-12-27T14:27:46.859+0000] {processor.py:830} INFO - Processing file /home/airflow/.local/lib/python3.12/site-packages/airflow/example_dags/example_setup_teardown_taskflow.py for tasks to queue
[2025-12-27T14:27:46.866+0000] {logging_mixin.py:188} INFO - [2025-12-27T14:27:46.865+0000] {dagbag.py:540} INFO - Filling up the DagBag from /home/airflow/.local/lib/python3.12/site-packages/airflow/example_dags/example_setup_teardown_taskflow.py
[2025-12-27T14:27:46.991+0000] {processor.py:840} INFO - DAG(s) 'example_setup_teardown_taskflow' retrieved from /home/airflow/.local/lib/python3.12/site-packages/airflow/example_dags/example_setup_teardown_taskflow.py
[2025-12-27T14:27:47.101+0000] {logging_mixin.py:188} INFO - [2025-12-27T14:27:47.101+0000] {dag.py:3096} INFO - Sync 1 DAGs
[2025-12-27T14:27:47.246+0000] {logging_mixin.py:188} INFO - [2025-12-27T14:27:47.244+0000] {dag.py:3954} INFO - Setting next_dagrun for example_setup_teardown_taskflow to 2025-12-26 00:00:00+00:00, run_after=2025-12-27 00:00:00+00:00
[2025-12-27T14:27:47.397+0000] {processor.py:183} INFO - Processing /home/airflow/.local/lib/python3.12/site-packages/airflow/example_dags/example_setup_teardown_taskflow.py took 0.577 seconds
[2025-12-27T14:28:17.613+0000] {processor.py:161} INFO - Started process (PID=1224) to work on /home/airflow/.local/lib/python3.12/site-packages/airflow/example_dags/example_setup_teardown_taskflow.py
[2025-12-27T14:28:17.616+0000] {processor.py:830} INFO - Processing file /home/airflow/.local/lib/python3.12/site-packages/airflow/example_dags/example_setup_teardown_taskflow.py for tasks to queue
[2025-12-27T14:28:17.620+0000] {logging_mixin.py:188} INFO - [2025-12-27T14:28:17.618+0000] {dagbag.py:540} INFO - Filling up the DagBag from /home/airflow/.local/lib/python3.12/site-packages/airflow/example_dags/example_setup_teardown_taskflow.py
[2025-12-27T14:28:17.658+0000] {processor.py:840} INFO - DAG(s) 'example_setup_teardown_taskflow' retrieved from /home/airflow/.local/lib/python3.12/site-packages/airflow/example_dags/example_setup_teardown_taskflow.py
[2025-12-27T14:28:17.722+0000] {logging_mixin.py:188} INFO - [2025-12-27T14:28:17.721+0000] {dag.py:3096} INFO - Sync 1 DAGs
[2025-12-27T14:28:17.784+0000] {logging_mixin.py:188} INFO - [2025-12-27T14:28:17.784+0000] {dag.py:3954} INFO - Setting next_dagrun for example_setup_teardown_taskflow to 2025-12-26 00:00:00+00:00, run_after=2025-12-27 00:00:00+00:00
[2025-12-27T14:28:17.841+0000] {processor.py:183} INFO - Processing /home/airflow/.local/lib/python3.12/site-packages/airflow/example_dags/example_setup_teardown_taskflow.py took 0.256 seconds
[2025-12-27T14:28:49.498+0000] {processor.py:161} INFO - Started process (PID=1282) to work on /home/airflow/.local/lib/python3.12/site-packages/airflow/example_dags/example_setup_teardown_taskflow.py
[2025-12-27T14:28:49.503+0000] {processor.py:830} INFO - Processing file /home/airflow/.local/lib/python3.12/site-packages/airflow/example_dags/example_setup_teardown_taskflow.py for tasks to queue
[2025-12-27T14:28:49.506+0000] {logging_mixin.py:188} INFO - [2025-12-27T14:28:49.505+0000] {dagbag.py:540} INFO - Filling up the DagBag from /home/airflow/.local/lib/python3.12/site-packages/airflow/example_dags/example_setup_teardown_taskflow.py
[2025-12-27T14:28:49.551+0000] {processor.py:840} INFO - DAG(s) 'example_setup_teardown_taskflow' retrieved from /home/airflow/.local/lib/python3.12/site-packages/airflow/example_dags/example_setup_teardown_taskflow.py
[2025-12-27T14:28:49.722+0000] {logging_mixin.py:188} INFO - [2025-12-27T14:28:49.721+0000] {dag.py:3096} INFO - Sync 1 DAGs
[2025-12-27T14:28:49.850+0000] {logging_mixin.py:188} INFO - [2025-12-27T14:28:49.849+0000] {dag.py:3954} INFO - Setting next_dagrun for example_setup_teardown_taskflow to 2025-12-26 00:00:00+00:00, run_after=2025-12-27 00:00:00+00:00
[2025-12-27T14:28:49.933+0000] {processor.py:183} INFO - Processing /home/airflow/.local/lib/python3.12/site-packages/airflow/example_dags/example_setup_teardown_taskflow.py took 0.469 seconds
[2025-12-27T14:29:21.923+0000] {processor.py:161} INFO - Started process (PID=1340) to work on /home/airflow/.local/lib/python3.12/site-packages/airflow/example_dags/example_setup_teardown_taskflow.py
[2025-12-27T14:29:21.952+0000] {processor.py:830} INFO - Processing file /home/airflow/.local/lib/python3.12/site-packages/airflow/example_dags/example_setup_teardown_taskflow.py for tasks to queue
[2025-12-27T14:29:21.957+0000] {logging_mixin.py:188} INFO - [2025-12-27T14:29:21.955+0000] {dagbag.py:540} INFO - Filling up the DagBag from /home/airflow/.local/lib/python3.12/site-packages/airflow/example_dags/example_setup_teardown_taskflow.py
[2025-12-27T14:29:22.027+0000] {processor.py:840} INFO - DAG(s) 'example_setup_teardown_taskflow' retrieved from /home/airflow/.local/lib/python3.12/site-packages/airflow/example_dags/example_setup_teardown_taskflow.py
[2025-12-27T14:29:22.170+0000] {logging_mixin.py:188} INFO - [2025-12-27T14:29:22.167+0000] {dag.py:3096} INFO - Sync 1 DAGs
[2025-12-27T14:29:22.315+0000] {logging_mixin.py:188} INFO - [2025-12-27T14:29:22.315+0000] {dag.py:3954} INFO - Setting next_dagrun for example_setup_teardown_taskflow to 2025-12-26 00:00:00+00:00, run_after=2025-12-27 00:00:00+00:00
[2025-12-27T14:29:22.669+0000] {processor.py:183} INFO - Processing /home/airflow/.local/lib/python3.12/site-packages/airflow/example_dags/example_setup_teardown_taskflow.py took 0.763 seconds
[2025-12-27T14:29:55.675+0000] {processor.py:161} INFO - Started process (PID=1401) to work on /home/airflow/.local/lib/python3.12/site-packages/airflow/example_dags/example_setup_teardown_taskflow.py
[2025-12-27T14:29:55.713+0000] {processor.py:830} INFO - Processing file /home/airflow/.local/lib/python3.12/site-packages/airflow/example_dags/example_setup_teardown_taskflow.py for tasks to queue
[2025-12-27T14:29:55.717+0000] {logging_mixin.py:188} INFO - [2025-12-27T14:29:55.716+0000] {dagbag.py:540} INFO - Filling up the DagBag from /home/airflow/.local/lib/python3.12/site-packages/airflow/example_dags/example_setup_teardown_taskflow.py
[2025-12-27T14:29:56.017+0000] {processor.py:840} INFO - DAG(s) 'example_setup_teardown_taskflow' retrieved from /home/airflow/.local/lib/python3.12/site-packages/airflow/example_dags/example_setup_teardown_taskflow.py
[2025-12-27T14:29:56.114+0000] {logging_mixin.py:188} INFO - [2025-12-27T14:29:56.114+0000] {dag.py:3096} INFO - Sync 1 DAGs
[2025-12-27T14:29:56.174+0000] {logging_mixin.py:188} INFO - [2025-12-27T14:29:56.173+0000] {dag.py:3954} INFO - Setting next_dagrun for example_setup_teardown_taskflow to 2025-12-26 00:00:00+00:00, run_after=2025-12-27 00:00:00+00:00
[2025-12-27T14:29:56.388+0000] {processor.py:183} INFO - Processing /home/airflow/.local/lib/python3.12/site-packages/airflow/example_dags/example_setup_teardown_taskflow.py took 0.749 seconds
[2025-12-27T14:30:26.531+0000] {processor.py:161} INFO - Started process (PID=1458) to work on /home/airflow/.local/lib/python3.12/site-packages/airflow/example_dags/example_setup_teardown_taskflow.py
[2025-12-27T14:30:26.534+0000] {processor.py:830} INFO - Processing file /home/airflow/.local/lib/python3.12/site-packages/airflow/example_dags/example_setup_teardown_taskflow.py for tasks to queue
[2025-12-27T14:30:26.538+0000] {logging_mixin.py:188} INFO - [2025-12-27T14:30:26.537+0000] {dagbag.py:540} INFO - Filling up the DagBag from /home/airflow/.local/lib/python3.12/site-packages/airflow/example_dags/example_setup_teardown_taskflow.py
[2025-12-27T14:30:26.568+0000] {processor.py:840} INFO - DAG(s) 'example_setup_teardown_taskflow' retrieved from /home/airflow/.local/lib/python3.12/site-packages/airflow/example_dags/example_setup_teardown_taskflow.py
[2025-12-27T14:30:26.652+0000] {logging_mixin.py:188} INFO - [2025-12-27T14:30:26.652+0000] {dag.py:3096} INFO - Sync 1 DAGs
[2025-12-27T14:30:26.741+0000] {logging_mixin.py:188} INFO - [2025-12-27T14:30:26.740+0000] {dag.py:3954} INFO - Setting next_dagrun for example_setup_teardown_taskflow to 2025-12-26 00:00:00+00:00, run_after=2025-12-27 00:00:00+00:00
[2025-12-27T14:30:26.830+0000] {processor.py:183} INFO - Processing /home/airflow/.local/lib/python3.12/site-packages/airflow/example_dags/example_setup_teardown_taskflow.py took 0.318 seconds
[2025-12-27T14:30:57.024+0000] {processor.py:161} INFO - Started process (PID=1516) to work on /home/airflow/.local/lib/python3.12/site-packages/airflow/example_dags/example_setup_teardown_taskflow.py
[2025-12-27T14:30:57.027+0000] {processor.py:830} INFO - Processing file /home/airflow/.local/lib/python3.12/site-packages/airflow/example_dags/example_setup_teardown_taskflow.py for tasks to queue
[2025-12-27T14:30:57.030+0000] {logging_mixin.py:188} INFO - [2025-12-27T14:30:57.029+0000] {dagbag.py:540} INFO - Filling up the DagBag from /home/airflow/.local/lib/python3.12/site-packages/airflow/example_dags/example_setup_teardown_taskflow.py
[2025-12-27T14:30:57.060+0000] {processor.py:840} INFO - DAG(s) 'example_setup_teardown_taskflow' retrieved from /home/airflow/.local/lib/python3.12/site-packages/airflow/example_dags/example_setup_teardown_taskflow.py
[2025-12-27T14:30:57.122+0000] {logging_mixin.py:188} INFO - [2025-12-27T14:30:57.122+0000] {dag.py:3096} INFO - Sync 1 DAGs
[2025-12-27T14:30:57.180+0000] {logging_mixin.py:188} INFO - [2025-12-27T14:30:57.179+0000] {dag.py:3954} INFO - Setting next_dagrun for example_setup_teardown_taskflow to 2025-12-26 00:00:00+00:00, run_after=2025-12-27 00:00:00+00:00
[2025-12-27T14:30:57.260+0000] {processor.py:183} INFO - Processing /home/airflow/.local/lib/python3.12/site-packages/airflow/example_dags/example_setup_teardown_taskflow.py took 0.256 seconds
[2025-12-27T14:31:27.836+0000] {processor.py:161} INFO - Started process (PID=1574) to work on /home/airflow/.local/lib/python3.12/site-packages/airflow/example_dags/example_setup_teardown_taskflow.py
[2025-12-27T14:31:27.839+0000] {processor.py:830} INFO - Processing file /home/airflow/.local/lib/python3.12/site-packages/airflow/example_dags/example_setup_teardown_taskflow.py for tasks to queue
[2025-12-27T14:31:27.842+0000] {logging_mixin.py:188} INFO - [2025-12-27T14:31:27.841+0000] {dagbag.py:540} INFO - Filling up the DagBag from /home/airflow/.local/lib/python3.12/site-packages/airflow/example_dags/example_setup_teardown_taskflow.py
[2025-12-27T14:31:27.868+0000] {processor.py:840} INFO - DAG(s) 'example_setup_teardown_taskflow' retrieved from /home/airflow/.local/lib/python3.12/site-packages/airflow/example_dags/example_setup_teardown_taskflow.py
[2025-12-27T14:31:27.922+0000] {logging_mixin.py:188} INFO - [2025-12-27T14:31:27.921+0000] {dag.py:3096} INFO - Sync 1 DAGs
[2025-12-27T14:31:27.975+0000] {logging_mixin.py:188} INFO - [2025-12-27T14:31:27.974+0000] {dag.py:3954} INFO - Setting next_dagrun for example_setup_teardown_taskflow to 2025-12-26 00:00:00+00:00, run_after=2025-12-27 00:00:00+00:00
[2025-12-27T14:31:28.026+0000] {processor.py:183} INFO - Processing /home/airflow/.local/lib/python3.12/site-packages/airflow/example_dags/example_setup_teardown_taskflow.py took 0.207 seconds
[2025-12-27T14:31:58.434+0000] {processor.py:161} INFO - Started process (PID=1632) to work on /home/airflow/.local/lib/python3.12/site-packages/airflow/example_dags/example_setup_teardown_taskflow.py
[2025-12-27T14:31:58.437+0000] {processor.py:830} INFO - Processing file /home/airflow/.local/lib/python3.12/site-packages/airflow/example_dags/example_setup_teardown_taskflow.py for tasks to queue
[2025-12-27T14:31:58.439+0000] {logging_mixin.py:188} INFO - [2025-12-27T14:31:58.438+0000] {dagbag.py:540} INFO - Filling up the DagBag from /home/airflow/.local/lib/python3.12/site-packages/airflow/example_dags/example_setup_teardown_taskflow.py
[2025-12-27T14:31:58.470+0000] {processor.py:840} INFO - DAG(s) 'example_setup_teardown_taskflow' retrieved from /home/airflow/.local/lib/python3.12/site-packages/airflow/example_dags/example_setup_teardown_taskflow.py
[2025-12-27T14:31:58.543+0000] {logging_mixin.py:188} INFO - [2025-12-27T14:31:58.543+0000] {dag.py:3096} INFO - Sync 1 DAGs
[2025-12-27T14:31:58.617+0000] {logging_mixin.py:188} INFO - [2025-12-27T14:31:58.616+0000] {dag.py:3954} INFO - Setting next_dagrun for example_setup_teardown_taskflow to 2025-12-26 00:00:00+00:00, run_after=2025-12-27 00:00:00+00:00
[2025-12-27T14:31:58.666+0000] {processor.py:183} INFO - Processing /home/airflow/.local/lib/python3.12/site-packages/airflow/example_dags/example_setup_teardown_taskflow.py took 0.249 seconds
[2025-12-27T14:32:28.883+0000] {processor.py:161} INFO - Started process (PID=1689) to work on /home/airflow/.local/lib/python3.12/site-packages/airflow/example_dags/example_setup_teardown_taskflow.py
[2025-12-27T14:32:28.887+0000] {processor.py:830} INFO - Processing file /home/airflow/.local/lib/python3.12/site-packages/airflow/example_dags/example_setup_teardown_taskflow.py for tasks to queue
[2025-12-27T14:32:28.890+0000] {logging_mixin.py:188} INFO - [2025-12-27T14:32:28.889+0000] {dagbag.py:540} INFO - Filling up the DagBag from /home/airflow/.local/lib/python3.12/site-packages/airflow/example_dags/example_setup_teardown_taskflow.py
[2025-12-27T14:32:28.920+0000] {processor.py:840} INFO - DAG(s) 'example_setup_teardown_taskflow' retrieved from /home/airflow/.local/lib/python3.12/site-packages/airflow/example_dags/example_setup_teardown_taskflow.py
[2025-12-27T14:32:28.973+0000] {logging_mixin.py:188} INFO - [2025-12-27T14:32:28.973+0000] {dag.py:3096} INFO - Sync 1 DAGs
[2025-12-27T14:32:29.027+0000] {logging_mixin.py:188} INFO - [2025-12-27T14:32:29.027+0000] {dag.py:3954} INFO - Setting next_dagrun for example_setup_teardown_taskflow to 2025-12-26 00:00:00+00:00, run_after=2025-12-27 00:00:00+00:00
[2025-12-27T14:32:29.076+0000] {processor.py:183} INFO - Processing /home/airflow/.local/lib/python3.12/site-packages/airflow/example_dags/example_setup_teardown_taskflow.py took 0.211 seconds
[2025-12-27T14:32:59.927+0000] {processor.py:161} INFO - Started process (PID=1749) to work on /home/airflow/.local/lib/python3.12/site-packages/airflow/example_dags/example_setup_teardown_taskflow.py
[2025-12-27T14:32:59.930+0000] {processor.py:830} INFO - Processing file /home/airflow/.local/lib/python3.12/site-packages/airflow/example_dags/example_setup_teardown_taskflow.py for tasks to queue
[2025-12-27T14:32:59.933+0000] {logging_mixin.py:188} INFO - [2025-12-27T14:32:59.932+0000] {dagbag.py:540} INFO - Filling up the DagBag from /home/airflow/.local/lib/python3.12/site-packages/airflow/example_dags/example_setup_teardown_taskflow.py
[2025-12-27T14:32:59.964+0000] {processor.py:840} INFO - DAG(s) 'example_setup_teardown_taskflow' retrieved from /home/airflow/.local/lib/python3.12/site-packages/airflow/example_dags/example_setup_teardown_taskflow.py
[2025-12-27T14:33:00.033+0000] {logging_mixin.py:188} INFO - [2025-12-27T14:33:00.032+0000] {dag.py:3096} INFO - Sync 1 DAGs
[2025-12-27T14:33:00.096+0000] {logging_mixin.py:188} INFO - [2025-12-27T14:33:00.095+0000] {dag.py:3954} INFO - Setting next_dagrun for example_setup_teardown_taskflow to 2025-12-26 00:00:00+00:00, run_after=2025-12-27 00:00:00+00:00
[2025-12-27T14:33:00.149+0000] {processor.py:183} INFO - Processing /home/airflow/.local/lib/python3.12/site-packages/airflow/example_dags/example_setup_teardown_taskflow.py took 0.238 seconds
[2025-12-27T14:33:30.845+0000] {processor.py:161} INFO - Started process (PID=1807) to work on /home/airflow/.local/lib/python3.12/site-packages/airflow/example_dags/example_setup_teardown_taskflow.py
[2025-12-27T14:33:30.847+0000] {processor.py:830} INFO - Processing file /home/airflow/.local/lib/python3.12/site-packages/airflow/example_dags/example_setup_teardown_taskflow.py for tasks to queue
[2025-12-27T14:33:30.850+0000] {logging_mixin.py:188} INFO - [2025-12-27T14:33:30.849+0000] {dagbag.py:540} INFO - Filling up the DagBag from /home/airflow/.local/lib/python3.12/site-packages/airflow/example_dags/example_setup_teardown_taskflow.py
[2025-12-27T14:33:30.879+0000] {processor.py:840} INFO - DAG(s) 'example_setup_teardown_taskflow' retrieved from /home/airflow/.local/lib/python3.12/site-packages/airflow/example_dags/example_setup_teardown_taskflow.py
[2025-12-27T14:33:30.939+0000] {logging_mixin.py:188} INFO - [2025-12-27T14:33:30.939+0000] {dag.py:3096} INFO - Sync 1 DAGs
[2025-12-27T14:33:30.996+0000] {logging_mixin.py:188} INFO - [2025-12-27T14:33:30.996+0000] {dag.py:3954} INFO - Setting next_dagrun for example_setup_teardown_taskflow to 2025-12-26 00:00:00+00:00, run_after=2025-12-27 00:00:00+00:00
[2025-12-27T14:33:31.049+0000] {processor.py:183} INFO - Processing /home/airflow/.local/lib/python3.12/site-packages/airflow/example_dags/example_setup_teardown_taskflow.py took 0.220 seconds
[2025-12-27T14:34:01.286+0000] {processor.py:161} INFO - Started process (PID=1864) to work on /home/airflow/.local/lib/python3.12/site-packages/airflow/example_dags/example_setup_teardown_taskflow.py
[2025-12-27T14:34:01.289+0000] {processor.py:830} INFO - Processing file /home/airflow/.local/lib/python3.12/site-packages/airflow/example_dags/example_setup_teardown_taskflow.py for tasks to queue
[2025-12-27T14:34:01.292+0000] {logging_mixin.py:188} INFO - [2025-12-27T14:34:01.291+0000] {dagbag.py:540} INFO - Filling up the DagBag from /home/airflow/.local/lib/python3.12/site-packages/airflow/example_dags/example_setup_teardown_taskflow.py
[2025-12-27T14:34:01.321+0000] {processor.py:840} INFO - DAG(s) 'example_setup_teardown_taskflow' retrieved from /home/airflow/.local/lib/python3.12/site-packages/airflow/example_dags/example_setup_teardown_taskflow.py
[2025-12-27T14:34:01.380+0000] {logging_mixin.py:188} INFO - [2025-12-27T14:34:01.379+0000] {dag.py:3096} INFO - Sync 1 DAGs
[2025-12-27T14:34:01.433+0000] {logging_mixin.py:188} INFO - [2025-12-27T14:34:01.432+0000] {dag.py:3954} INFO - Setting next_dagrun for example_setup_teardown_taskflow to 2025-12-26 00:00:00+00:00, run_after=2025-12-27 00:00:00+00:00
[2025-12-27T14:34:01.482+0000] {processor.py:183} INFO - Processing /home/airflow/.local/lib/python3.12/site-packages/airflow/example_dags/example_setup_teardown_taskflow.py took 0.212 seconds
[2025-12-27T14:34:32.559+0000] {processor.py:161} INFO - Started process (PID=1923) to work on /home/airflow/.local/lib/python3.12/site-packages/airflow/example_dags/example_setup_teardown_taskflow.py
[2025-12-27T14:34:32.564+0000] {processor.py:830} INFO - Processing file /home/airflow/.local/lib/python3.12/site-packages/airflow/example_dags/example_setup_teardown_taskflow.py for tasks to queue
[2025-12-27T14:34:32.568+0000] {logging_mixin.py:188} INFO - [2025-12-27T14:34:32.566+0000] {dagbag.py:540} INFO - Filling up the DagBag from /home/airflow/.local/lib/python3.12/site-packages/airflow/example_dags/example_setup_teardown_taskflow.py
[2025-12-27T14:34:32.650+0000] {processor.py:840} INFO - DAG(s) 'example_setup_teardown_taskflow' retrieved from /home/airflow/.local/lib/python3.12/site-packages/airflow/example_dags/example_setup_teardown_taskflow.py
[2025-12-27T14:34:32.897+0000] {logging_mixin.py:188} INFO - [2025-12-27T14:34:32.896+0000] {dag.py:3096} INFO - Sync 1 DAGs
[2025-12-27T14:34:33.006+0000] {logging_mixin.py:188} INFO - [2025-12-27T14:34:33.006+0000] {dag.py:3954} INFO - Setting next_dagrun for example_setup_teardown_taskflow to 2025-12-26 00:00:00+00:00, run_after=2025-12-27 00:00:00+00:00
[2025-12-27T14:34:33.129+0000] {processor.py:183} INFO - Processing /home/airflow/.local/lib/python3.12/site-packages/airflow/example_dags/example_setup_teardown_taskflow.py took 0.608 seconds
[2025-12-27T14:35:03.310+0000] {processor.py:161} INFO - Started process (PID=1981) to work on /home/airflow/.local/lib/python3.12/site-packages/airflow/example_dags/example_setup_teardown_taskflow.py
[2025-12-27T14:35:03.314+0000] {processor.py:830} INFO - Processing file /home/airflow/.local/lib/python3.12/site-packages/airflow/example_dags/example_setup_teardown_taskflow.py for tasks to queue
[2025-12-27T14:35:03.318+0000] {logging_mixin.py:188} INFO - [2025-12-27T14:35:03.317+0000] {dagbag.py:540} INFO - Filling up the DagBag from /home/airflow/.local/lib/python3.12/site-packages/airflow/example_dags/example_setup_teardown_taskflow.py
[2025-12-27T14:35:03.353+0000] {processor.py:840} INFO - DAG(s) 'example_setup_teardown_taskflow' retrieved from /home/airflow/.local/lib/python3.12/site-packages/airflow/example_dags/example_setup_teardown_taskflow.py
[2025-12-27T14:35:03.424+0000] {logging_mixin.py:188} INFO - [2025-12-27T14:35:03.423+0000] {dag.py:3096} INFO - Sync 1 DAGs
[2025-12-27T14:35:03.496+0000] {logging_mixin.py:188} INFO - [2025-12-27T14:35:03.495+0000] {dag.py:3954} INFO - Setting next_dagrun for example_setup_teardown_taskflow to 2025-12-26 00:00:00+00:00, run_after=2025-12-27 00:00:00+00:00
[2025-12-27T14:35:03.555+0000] {processor.py:183} INFO - Processing /home/airflow/.local/lib/python3.12/site-packages/airflow/example_dags/example_setup_teardown_taskflow.py took 0.263 seconds
[2025-12-27T14:35:34.160+0000] {processor.py:161} INFO - Started process (PID=2039) to work on /home/airflow/.local/lib/python3.12/site-packages/airflow/example_dags/example_setup_teardown_taskflow.py
[2025-12-27T14:35:34.163+0000] {processor.py:830} INFO - Processing file /home/airflow/.local/lib/python3.12/site-packages/airflow/example_dags/example_setup_teardown_taskflow.py for tasks to queue
[2025-12-27T14:35:34.166+0000] {logging_mixin.py:188} INFO - [2025-12-27T14:35:34.165+0000] {dagbag.py:540} INFO - Filling up the DagBag from /home/airflow/.local/lib/python3.12/site-packages/airflow/example_dags/example_setup_teardown_taskflow.py
[2025-12-27T14:35:34.202+0000] {processor.py:840} INFO - DAG(s) 'example_setup_teardown_taskflow' retrieved from /home/airflow/.local/lib/python3.12/site-packages/airflow/example_dags/example_setup_teardown_taskflow.py
[2025-12-27T14:35:34.264+0000] {logging_mixin.py:188} INFO - [2025-12-27T14:35:34.264+0000] {dag.py:3096} INFO - Sync 1 DAGs
[2025-12-27T14:35:34.332+0000] {logging_mixin.py:188} INFO - [2025-12-27T14:35:34.331+0000] {dag.py:3954} INFO - Setting next_dagrun for example_setup_teardown_taskflow to 2025-12-26 00:00:00+00:00, run_after=2025-12-27 00:00:00+00:00
[2025-12-27T14:35:34.386+0000] {processor.py:183} INFO - Processing /home/airflow/.local/lib/python3.12/site-packages/airflow/example_dags/example_setup_teardown_taskflow.py took 0.247 seconds
[2025-12-27T14:36:09.643+0000] {processor.py:161} INFO - Started process (PID=2095) to work on /home/airflow/.local/lib/python3.12/site-packages/airflow/example_dags/example_setup_teardown_taskflow.py
[2025-12-27T14:36:09.657+0000] {processor.py:830} INFO - Processing file /home/airflow/.local/lib/python3.12/site-packages/airflow/example_dags/example_setup_teardown_taskflow.py for tasks to queue
[2025-12-27T14:36:09.670+0000] {logging_mixin.py:188} INFO - [2025-12-27T14:36:09.668+0000] {dagbag.py:540} INFO - Filling up the DagBag from /home/airflow/.local/lib/python3.12/site-packages/airflow/example_dags/example_setup_teardown_taskflow.py
[2025-12-27T14:36:09.749+0000] {processor.py:840} INFO - DAG(s) 'example_setup_teardown_taskflow' retrieved from /home/airflow/.local/lib/python3.12/site-packages/airflow/example_dags/example_setup_teardown_taskflow.py
[2025-12-27T14:36:09.936+0000] {logging_mixin.py:188} INFO - [2025-12-27T14:36:09.935+0000] {dag.py:3096} INFO - Sync 1 DAGs
[2025-12-27T14:36:10.135+0000] {logging_mixin.py:188} INFO - [2025-12-27T14:36:10.134+0000] {dag.py:3954} INFO - Setting next_dagrun for example_setup_teardown_taskflow to 2025-12-26 00:00:00+00:00, run_after=2025-12-27 00:00:00+00:00
[2025-12-27T14:36:10.361+0000] {processor.py:183} INFO - Processing /home/airflow/.local/lib/python3.12/site-packages/airflow/example_dags/example_setup_teardown_taskflow.py took 0.765 seconds
[2025-12-27T14:36:42.235+0000] {processor.py:161} INFO - Started process (PID=2153) to work on /home/airflow/.local/lib/python3.12/site-packages/airflow/example_dags/example_setup_teardown_taskflow.py
[2025-12-27T14:36:42.240+0000] {processor.py:830} INFO - Processing file /home/airflow/.local/lib/python3.12/site-packages/airflow/example_dags/example_setup_teardown_taskflow.py for tasks to queue
[2025-12-27T14:36:42.245+0000] {logging_mixin.py:188} INFO - [2025-12-27T14:36:42.244+0000] {dagbag.py:540} INFO - Filling up the DagBag from /home/airflow/.local/lib/python3.12/site-packages/airflow/example_dags/example_setup_teardown_taskflow.py
[2025-12-27T14:36:42.313+0000] {processor.py:840} INFO - DAG(s) 'example_setup_teardown_taskflow' retrieved from /home/airflow/.local/lib/python3.12/site-packages/airflow/example_dags/example_setup_teardown_taskflow.py
[2025-12-27T14:36:42.527+0000] {logging_mixin.py:188} INFO - [2025-12-27T14:36:42.526+0000] {dag.py:3096} INFO - Sync 1 DAGs
[2025-12-27T14:36:42.762+0000] {logging_mixin.py:188} INFO - [2025-12-27T14:36:42.761+0000] {dag.py:3954} INFO - Setting next_dagrun for example_setup_teardown_taskflow to 2025-12-26 00:00:00+00:00, run_after=2025-12-27 00:00:00+00:00
[2025-12-27T14:36:42.990+0000] {processor.py:183} INFO - Processing /home/airflow/.local/lib/python3.12/site-packages/airflow/example_dags/example_setup_teardown_taskflow.py took 0.791 seconds
[2025-12-27T14:37:13.559+0000] {processor.py:161} INFO - Started process (PID=2212) to work on /home/airflow/.local/lib/python3.12/site-packages/airflow/example_dags/example_setup_teardown_taskflow.py
[2025-12-27T14:37:13.564+0000] {processor.py:830} INFO - Processing file /home/airflow/.local/lib/python3.12/site-packages/airflow/example_dags/example_setup_teardown_taskflow.py for tasks to queue
[2025-12-27T14:37:13.567+0000] {logging_mixin.py:188} INFO - [2025-12-27T14:37:13.566+0000] {dagbag.py:540} INFO - Filling up the DagBag from /home/airflow/.local/lib/python3.12/site-packages/airflow/example_dags/example_setup_teardown_taskflow.py
[2025-12-27T14:37:13.638+0000] {processor.py:840} INFO - DAG(s) 'example_setup_teardown_taskflow' retrieved from /home/airflow/.local/lib/python3.12/site-packages/airflow/example_dags/example_setup_teardown_taskflow.py
[2025-12-27T14:37:13.748+0000] {logging_mixin.py:188} INFO - [2025-12-27T14:37:13.746+0000] {dag.py:3096} INFO - Sync 1 DAGs
[2025-12-27T14:37:13.848+0000] {logging_mixin.py:188} INFO - [2025-12-27T14:37:13.847+0000] {dag.py:3954} INFO - Setting next_dagrun for example_setup_teardown_taskflow to 2025-12-26 00:00:00+00:00, run_after=2025-12-27 00:00:00+00:00
[2025-12-27T14:37:13.953+0000] {processor.py:183} INFO - Processing /home/airflow/.local/lib/python3.12/site-packages/airflow/example_dags/example_setup_teardown_taskflow.py took 0.419 seconds
[2025-12-27T14:37:44.127+0000] {processor.py:161} INFO - Started process (PID=2271) to work on /home/airflow/.local/lib/python3.12/site-packages/airflow/example_dags/example_setup_teardown_taskflow.py
[2025-12-27T14:37:44.130+0000] {processor.py:830} INFO - Processing file /home/airflow/.local/lib/python3.12/site-packages/airflow/example_dags/example_setup_teardown_taskflow.py for tasks to queue
[2025-12-27T14:37:44.134+0000] {logging_mixin.py:188} INFO - [2025-12-27T14:37:44.132+0000] {dagbag.py:540} INFO - Filling up the DagBag from /home/airflow/.local/lib/python3.12/site-packages/airflow/example_dags/example_setup_teardown_taskflow.py
[2025-12-27T14:37:44.173+0000] {processor.py:840} INFO - DAG(s) 'example_setup_teardown_taskflow' retrieved from /home/airflow/.local/lib/python3.12/site-packages/airflow/example_dags/example_setup_teardown_taskflow.py
[2025-12-27T14:37:44.256+0000] {logging_mixin.py:188} INFO - [2025-12-27T14:37:44.256+0000] {dag.py:3096} INFO - Sync 1 DAGs
[2025-12-27T14:37:44.321+0000] {logging_mixin.py:188} INFO - [2025-12-27T14:37:44.320+0000] {dag.py:3954} INFO - Setting next_dagrun for example_setup_teardown_taskflow to 2025-12-26 00:00:00+00:00, run_after=2025-12-27 00:00:00+00:00
[2025-12-27T14:37:44.396+0000] {processor.py:183} INFO - Processing /home/airflow/.local/lib/python3.12/site-packages/airflow/example_dags/example_setup_teardown_taskflow.py took 0.291 seconds
[2025-12-27T14:38:15.554+0000] {processor.py:161} INFO - Started process (PID=2329) to work on /home/airflow/.local/lib/python3.12/site-packages/airflow/example_dags/example_setup_teardown_taskflow.py
[2025-12-27T14:38:15.556+0000] {processor.py:830} INFO - Processing file /home/airflow/.local/lib/python3.12/site-packages/airflow/example_dags/example_setup_teardown_taskflow.py for tasks to queue
[2025-12-27T14:38:15.558+0000] {logging_mixin.py:188} INFO - [2025-12-27T14:38:15.558+0000] {dagbag.py:540} INFO - Filling up the DagBag from /home/airflow/.local/lib/python3.12/site-packages/airflow/example_dags/example_setup_teardown_taskflow.py
[2025-12-27T14:38:15.593+0000] {processor.py:840} INFO - DAG(s) 'example_setup_teardown_taskflow' retrieved from /home/airflow/.local/lib/python3.12/site-packages/airflow/example_dags/example_setup_teardown_taskflow.py
[2025-12-27T14:38:15.667+0000] {logging_mixin.py:188} INFO - [2025-12-27T14:38:15.665+0000] {dag.py:3096} INFO - Sync 1 DAGs
[2025-12-27T14:38:15.733+0000] {logging_mixin.py:188} INFO - [2025-12-27T14:38:15.733+0000] {dag.py:3954} INFO - Setting next_dagrun for example_setup_teardown_taskflow to 2025-12-26 00:00:00+00:00, run_after=2025-12-27 00:00:00+00:00
[2025-12-27T14:38:15.786+0000] {processor.py:183} INFO - Processing /home/airflow/.local/lib/python3.12/site-packages/airflow/example_dags/example_setup_teardown_taskflow.py took 0.249 seconds
[2025-12-27T14:38:48.314+0000] {processor.py:161} INFO - Started process (PID=2387) to work on /home/airflow/.local/lib/python3.12/site-packages/airflow/example_dags/example_setup_teardown_taskflow.py
[2025-12-27T14:38:48.318+0000] {processor.py:830} INFO - Processing file /home/airflow/.local/lib/python3.12/site-packages/airflow/example_dags/example_setup_teardown_taskflow.py for tasks to queue
[2025-12-27T14:38:48.322+0000] {logging_mixin.py:188} INFO - [2025-12-27T14:38:48.321+0000] {dagbag.py:540} INFO - Filling up the DagBag from /home/airflow/.local/lib/python3.12/site-packages/airflow/example_dags/example_setup_teardown_taskflow.py
[2025-12-27T14:38:48.372+0000] {processor.py:840} INFO - DAG(s) 'example_setup_teardown_taskflow' retrieved from /home/airflow/.local/lib/python3.12/site-packages/airflow/example_dags/example_setup_teardown_taskflow.py
[2025-12-27T14:38:48.468+0000] {logging_mixin.py:188} INFO - [2025-12-27T14:38:48.467+0000] {dag.py:3096} INFO - Sync 1 DAGs
[2025-12-27T14:38:48.582+0000] {logging_mixin.py:188} INFO - [2025-12-27T14:38:48.581+0000] {dag.py:3954} INFO - Setting next_dagrun for example_setup_teardown_taskflow to 2025-12-26 00:00:00+00:00, run_after=2025-12-27 00:00:00+00:00
[2025-12-27T14:38:48.651+0000] {processor.py:183} INFO - Processing /home/airflow/.local/lib/python3.12/site-packages/airflow/example_dags/example_setup_teardown_taskflow.py took 0.364 seconds
[2025-12-27T14:39:23.240+0000] {processor.py:161} INFO - Started process (PID=2446) to work on /home/airflow/.local/lib/python3.12/site-packages/airflow/example_dags/example_setup_teardown_taskflow.py
[2025-12-27T14:39:23.245+0000] {processor.py:830} INFO - Processing file /home/airflow/.local/lib/python3.12/site-packages/airflow/example_dags/example_setup_teardown_taskflow.py for tasks to queue
[2025-12-27T14:39:23.250+0000] {logging_mixin.py:188} INFO - [2025-12-27T14:39:23.248+0000] {dagbag.py:540} INFO - Filling up the DagBag from /home/airflow/.local/lib/python3.12/site-packages/airflow/example_dags/example_setup_teardown_taskflow.py
[2025-12-27T14:39:23.319+0000] {processor.py:840} INFO - DAG(s) 'example_setup_teardown_taskflow' retrieved from /home/airflow/.local/lib/python3.12/site-packages/airflow/example_dags/example_setup_teardown_taskflow.py
[2025-12-27T14:39:23.427+0000] {logging_mixin.py:188} INFO - [2025-12-27T14:39:23.426+0000] {dag.py:3096} INFO - Sync 1 DAGs
[2025-12-27T14:39:23.526+0000] {logging_mixin.py:188} INFO - [2025-12-27T14:39:23.525+0000] {dag.py:3954} INFO - Setting next_dagrun for example_setup_teardown_taskflow to 2025-12-26 00:00:00+00:00, run_after=2025-12-27 00:00:00+00:00
[2025-12-27T14:39:23.610+0000] {processor.py:183} INFO - Processing /home/airflow/.local/lib/python3.12/site-packages/airflow/example_dags/example_setup_teardown_taskflow.py took 0.416 seconds
[2025-12-27T14:39:54.145+0000] {processor.py:161} INFO - Started process (PID=2504) to work on /home/airflow/.local/lib/python3.12/site-packages/airflow/example_dags/example_setup_teardown_taskflow.py
[2025-12-27T14:39:54.160+0000] {processor.py:830} INFO - Processing file /home/airflow/.local/lib/python3.12/site-packages/airflow/example_dags/example_setup_teardown_taskflow.py for tasks to queue
[2025-12-27T14:39:54.164+0000] {logging_mixin.py:188} INFO - [2025-12-27T14:39:54.162+0000] {dagbag.py:540} INFO - Filling up the DagBag from /home/airflow/.local/lib/python3.12/site-packages/airflow/example_dags/example_setup_teardown_taskflow.py
[2025-12-27T14:39:54.330+0000] {processor.py:840} INFO - DAG(s) 'example_setup_teardown_taskflow' retrieved from /home/airflow/.local/lib/python3.12/site-packages/airflow/example_dags/example_setup_teardown_taskflow.py
[2025-12-27T14:39:54.437+0000] {logging_mixin.py:188} INFO - [2025-12-27T14:39:54.437+0000] {dag.py:3096} INFO - Sync 1 DAGs
[2025-12-27T14:39:54.549+0000] {logging_mixin.py:188} INFO - [2025-12-27T14:39:54.548+0000] {dag.py:3954} INFO - Setting next_dagrun for example_setup_teardown_taskflow to 2025-12-26 00:00:00+00:00, run_after=2025-12-27 00:00:00+00:00
[2025-12-27T14:39:54.695+0000] {processor.py:183} INFO - Processing /home/airflow/.local/lib/python3.12/site-packages/airflow/example_dags/example_setup_teardown_taskflow.py took 0.578 seconds
[2025-12-27T14:40:24.866+0000] {processor.py:161} INFO - Started process (PID=2562) to work on /home/airflow/.local/lib/python3.12/site-packages/airflow/example_dags/example_setup_teardown_taskflow.py
[2025-12-27T14:40:24.869+0000] {processor.py:830} INFO - Processing file /home/airflow/.local/lib/python3.12/site-packages/airflow/example_dags/example_setup_teardown_taskflow.py for tasks to queue
[2025-12-27T14:40:24.872+0000] {logging_mixin.py:188} INFO - [2025-12-27T14:40:24.871+0000] {dagbag.py:540} INFO - Filling up the DagBag from /home/airflow/.local/lib/python3.12/site-packages/airflow/example_dags/example_setup_teardown_taskflow.py
[2025-12-27T14:40:24.912+0000] {processor.py:840} INFO - DAG(s) 'example_setup_teardown_taskflow' retrieved from /home/airflow/.local/lib/python3.12/site-packages/airflow/example_dags/example_setup_teardown_taskflow.py
[2025-12-27T14:40:24.975+0000] {logging_mixin.py:188} INFO - [2025-12-27T14:40:24.975+0000] {dag.py:3096} INFO - Sync 1 DAGs
[2025-12-27T14:40:25.030+0000] {logging_mixin.py:188} INFO - [2025-12-27T14:40:25.030+0000] {dag.py:3954} INFO - Setting next_dagrun for example_setup_teardown_taskflow to 2025-12-26 00:00:00+00:00, run_after=2025-12-27 00:00:00+00:00
[2025-12-27T14:40:25.081+0000] {processor.py:183} INFO - Processing /home/airflow/.local/lib/python3.12/site-packages/airflow/example_dags/example_setup_teardown_taskflow.py took 0.232 seconds
[2025-12-27T14:40:55.228+0000] {processor.py:161} INFO - Started process (PID=2620) to work on /home/airflow/.local/lib/python3.12/site-packages/airflow/example_dags/example_setup_teardown_taskflow.py
[2025-12-27T14:40:55.232+0000] {processor.py:830} INFO - Processing file /home/airflow/.local/lib/python3.12/site-packages/airflow/example_dags/example_setup_teardown_taskflow.py for tasks to queue
[2025-12-27T14:40:55.235+0000] {logging_mixin.py:188} INFO - [2025-12-27T14:40:55.234+0000] {dagbag.py:540} INFO - Filling up the DagBag from /home/airflow/.local/lib/python3.12/site-packages/airflow/example_dags/example_setup_teardown_taskflow.py
[2025-12-27T14:40:55.268+0000] {processor.py:840} INFO - DAG(s) 'example_setup_teardown_taskflow' retrieved from /home/airflow/.local/lib/python3.12/site-packages/airflow/example_dags/example_setup_teardown_taskflow.py
[2025-12-27T14:40:55.335+0000] {logging_mixin.py:188} INFO - [2025-12-27T14:40:55.334+0000] {dag.py:3096} INFO - Sync 1 DAGs
[2025-12-27T14:40:55.396+0000] {logging_mixin.py:188} INFO - [2025-12-27T14:40:55.395+0000] {dag.py:3954} INFO - Setting next_dagrun for example_setup_teardown_taskflow to 2025-12-26 00:00:00+00:00, run_after=2025-12-27 00:00:00+00:00
[2025-12-27T14:40:55.457+0000] {processor.py:183} INFO - Processing /home/airflow/.local/lib/python3.12/site-packages/airflow/example_dags/example_setup_teardown_taskflow.py took 0.251 seconds
[2025-12-27T14:41:25.690+0000] {processor.py:161} INFO - Started process (PID=2678) to work on /home/airflow/.local/lib/python3.12/site-packages/airflow/example_dags/example_setup_teardown_taskflow.py
[2025-12-27T14:41:25.693+0000] {processor.py:830} INFO - Processing file /home/airflow/.local/lib/python3.12/site-packages/airflow/example_dags/example_setup_teardown_taskflow.py for tasks to queue
[2025-12-27T14:41:25.695+0000] {logging_mixin.py:188} INFO - [2025-12-27T14:41:25.695+0000] {dagbag.py:540} INFO - Filling up the DagBag from /home/airflow/.local/lib/python3.12/site-packages/airflow/example_dags/example_setup_teardown_taskflow.py
[2025-12-27T14:41:25.728+0000] {processor.py:840} INFO - DAG(s) 'example_setup_teardown_taskflow' retrieved from /home/airflow/.local/lib/python3.12/site-packages/airflow/example_dags/example_setup_teardown_taskflow.py
[2025-12-27T14:41:25.788+0000] {logging_mixin.py:188} INFO - [2025-12-27T14:41:25.787+0000] {dag.py:3096} INFO - Sync 1 DAGs
[2025-12-27T14:41:25.842+0000] {logging_mixin.py:188} INFO - [2025-12-27T14:41:25.841+0000] {dag.py:3954} INFO - Setting next_dagrun for example_setup_teardown_taskflow to 2025-12-26 00:00:00+00:00, run_after=2025-12-27 00:00:00+00:00
[2025-12-27T14:41:25.893+0000] {processor.py:183} INFO - Processing /home/airflow/.local/lib/python3.12/site-packages/airflow/example_dags/example_setup_teardown_taskflow.py took 0.219 seconds
[2025-12-27T14:41:56.266+0000] {processor.py:161} INFO - Started process (PID=2736) to work on /home/airflow/.local/lib/python3.12/site-packages/airflow/example_dags/example_setup_teardown_taskflow.py
[2025-12-27T14:41:56.269+0000] {processor.py:830} INFO - Processing file /home/airflow/.local/lib/python3.12/site-packages/airflow/example_dags/example_setup_teardown_taskflow.py for tasks to queue
[2025-12-27T14:41:56.271+0000] {logging_mixin.py:188} INFO - [2025-12-27T14:41:56.270+0000] {dagbag.py:540} INFO - Filling up the DagBag from /home/airflow/.local/lib/python3.12/site-packages/airflow/example_dags/example_setup_teardown_taskflow.py
[2025-12-27T14:41:56.298+0000] {processor.py:840} INFO - DAG(s) 'example_setup_teardown_taskflow' retrieved from /home/airflow/.local/lib/python3.12/site-packages/airflow/example_dags/example_setup_teardown_taskflow.py
[2025-12-27T14:41:56.374+0000] {logging_mixin.py:188} INFO - [2025-12-27T14:41:56.373+0000] {dag.py:3096} INFO - Sync 1 DAGs
[2025-12-27T14:41:56.442+0000] {logging_mixin.py:188} INFO - [2025-12-27T14:41:56.442+0000] {dag.py:3954} INFO - Setting next_dagrun for example_setup_teardown_taskflow to 2025-12-26 00:00:00+00:00, run_after=2025-12-27 00:00:00+00:00
[2025-12-27T14:41:56.507+0000] {processor.py:183} INFO - Processing /home/airflow/.local/lib/python3.12/site-packages/airflow/example_dags/example_setup_teardown_taskflow.py took 0.257 seconds
[2025-12-27T14:42:26.809+0000] {processor.py:161} INFO - Started process (PID=2794) to work on /home/airflow/.local/lib/python3.12/site-packages/airflow/example_dags/example_setup_teardown_taskflow.py
[2025-12-27T14:42:26.814+0000] {processor.py:830} INFO - Processing file /home/airflow/.local/lib/python3.12/site-packages/airflow/example_dags/example_setup_teardown_taskflow.py for tasks to queue
[2025-12-27T14:42:26.818+0000] {logging_mixin.py:188} INFO - [2025-12-27T14:42:26.817+0000] {dagbag.py:540} INFO - Filling up the DagBag from /home/airflow/.local/lib/python3.12/site-packages/airflow/example_dags/example_setup_teardown_taskflow.py
[2025-12-27T14:42:26.854+0000] {processor.py:840} INFO - DAG(s) 'example_setup_teardown_taskflow' retrieved from /home/airflow/.local/lib/python3.12/site-packages/airflow/example_dags/example_setup_teardown_taskflow.py
[2025-12-27T14:42:26.931+0000] {logging_mixin.py:188} INFO - [2025-12-27T14:42:26.931+0000] {dag.py:3096} INFO - Sync 1 DAGs
[2025-12-27T14:42:27.017+0000] {logging_mixin.py:188} INFO - [2025-12-27T14:42:27.016+0000] {dag.py:3954} INFO - Setting next_dagrun for example_setup_teardown_taskflow to 2025-12-26 00:00:00+00:00, run_after=2025-12-27 00:00:00+00:00
[2025-12-27T14:42:27.080+0000] {processor.py:183} INFO - Processing /home/airflow/.local/lib/python3.12/site-packages/airflow/example_dags/example_setup_teardown_taskflow.py took 0.295 seconds
[2025-12-27T14:42:58.075+0000] {processor.py:161} INFO - Started process (PID=2852) to work on /home/airflow/.local/lib/python3.12/site-packages/airflow/example_dags/example_setup_teardown_taskflow.py
[2025-12-27T14:42:58.078+0000] {processor.py:830} INFO - Processing file /home/airflow/.local/lib/python3.12/site-packages/airflow/example_dags/example_setup_teardown_taskflow.py for tasks to queue
[2025-12-27T14:42:58.083+0000] {logging_mixin.py:188} INFO - [2025-12-27T14:42:58.082+0000] {dagbag.py:540} INFO - Filling up the DagBag from /home/airflow/.local/lib/python3.12/site-packages/airflow/example_dags/example_setup_teardown_taskflow.py
[2025-12-27T14:42:58.113+0000] {processor.py:840} INFO - DAG(s) 'example_setup_teardown_taskflow' retrieved from /home/airflow/.local/lib/python3.12/site-packages/airflow/example_dags/example_setup_teardown_taskflow.py
[2025-12-27T14:42:58.168+0000] {logging_mixin.py:188} INFO - [2025-12-27T14:42:58.167+0000] {dag.py:3096} INFO - Sync 1 DAGs
[2025-12-27T14:42:58.230+0000] {logging_mixin.py:188} INFO - [2025-12-27T14:42:58.229+0000] {dag.py:3954} INFO - Setting next_dagrun for example_setup_teardown_taskflow to 2025-12-26 00:00:00+00:00, run_after=2025-12-27 00:00:00+00:00
[2025-12-27T14:42:58.280+0000] {processor.py:183} INFO - Processing /home/airflow/.local/lib/python3.12/site-packages/airflow/example_dags/example_setup_teardown_taskflow.py took 0.228 seconds
[2025-12-27T14:43:28.677+0000] {processor.py:161} INFO - Started process (PID=2909) to work on /home/airflow/.local/lib/python3.12/site-packages/airflow/example_dags/example_setup_teardown_taskflow.py
[2025-12-27T14:43:28.679+0000] {processor.py:830} INFO - Processing file /home/airflow/.local/lib/python3.12/site-packages/airflow/example_dags/example_setup_teardown_taskflow.py for tasks to queue
[2025-12-27T14:43:28.682+0000] {logging_mixin.py:188} INFO - [2025-12-27T14:43:28.681+0000] {dagbag.py:540} INFO - Filling up the DagBag from /home/airflow/.local/lib/python3.12/site-packages/airflow/example_dags/example_setup_teardown_taskflow.py
[2025-12-27T14:43:28.720+0000] {processor.py:840} INFO - DAG(s) 'example_setup_teardown_taskflow' retrieved from /home/airflow/.local/lib/python3.12/site-packages/airflow/example_dags/example_setup_teardown_taskflow.py
[2025-12-27T14:43:28.799+0000] {logging_mixin.py:188} INFO - [2025-12-27T14:43:28.798+0000] {dag.py:3096} INFO - Sync 1 DAGs
[2025-12-27T14:43:28.885+0000] {logging_mixin.py:188} INFO - [2025-12-27T14:43:28.885+0000] {dag.py:3954} INFO - Setting next_dagrun for example_setup_teardown_taskflow to 2025-12-26 00:00:00+00:00, run_after=2025-12-27 00:00:00+00:00
[2025-12-27T14:43:28.946+0000] {processor.py:183} INFO - Processing /home/airflow/.local/lib/python3.12/site-packages/airflow/example_dags/example_setup_teardown_taskflow.py took 0.296 seconds
[2025-12-27T14:43:59.602+0000] {processor.py:161} INFO - Started process (PID=2966) to work on /home/airflow/.local/lib/python3.12/site-packages/airflow/example_dags/example_setup_teardown_taskflow.py
[2025-12-27T14:43:59.605+0000] {processor.py:830} INFO - Processing file /home/airflow/.local/lib/python3.12/site-packages/airflow/example_dags/example_setup_teardown_taskflow.py for tasks to queue
[2025-12-27T14:43:59.608+0000] {logging_mixin.py:188} INFO - [2025-12-27T14:43:59.607+0000] {dagbag.py:540} INFO - Filling up the DagBag from /home/airflow/.local/lib/python3.12/site-packages/airflow/example_dags/example_setup_teardown_taskflow.py
[2025-12-27T14:43:59.641+0000] {processor.py:840} INFO - DAG(s) 'example_setup_teardown_taskflow' retrieved from /home/airflow/.local/lib/python3.12/site-packages/airflow/example_dags/example_setup_teardown_taskflow.py
[2025-12-27T14:43:59.701+0000] {logging_mixin.py:188} INFO - [2025-12-27T14:43:59.700+0000] {dag.py:3096} INFO - Sync 1 DAGs
[2025-12-27T14:43:59.756+0000] {logging_mixin.py:188} INFO - [2025-12-27T14:43:59.755+0000] {dag.py:3954} INFO - Setting next_dagrun for example_setup_teardown_taskflow to 2025-12-26 00:00:00+00:00, run_after=2025-12-27 00:00:00+00:00
[2025-12-27T14:43:59.809+0000] {processor.py:183} INFO - Processing /home/airflow/.local/lib/python3.12/site-packages/airflow/example_dags/example_setup_teardown_taskflow.py took 0.224 seconds
[2025-12-27T14:44:30.554+0000] {processor.py:161} INFO - Started process (PID=3025) to work on /home/airflow/.local/lib/python3.12/site-packages/airflow/example_dags/example_setup_teardown_taskflow.py
[2025-12-27T14:44:30.558+0000] {processor.py:830} INFO - Processing file /home/airflow/.local/lib/python3.12/site-packages/airflow/example_dags/example_setup_teardown_taskflow.py for tasks to queue
[2025-12-27T14:44:30.562+0000] {logging_mixin.py:188} INFO - [2025-12-27T14:44:30.561+0000] {dagbag.py:540} INFO - Filling up the DagBag from /home/airflow/.local/lib/python3.12/site-packages/airflow/example_dags/example_setup_teardown_taskflow.py
[2025-12-27T14:44:30.607+0000] {processor.py:840} INFO - DAG(s) 'example_setup_teardown_taskflow' retrieved from /home/airflow/.local/lib/python3.12/site-packages/airflow/example_dags/example_setup_teardown_taskflow.py
[2025-12-27T14:44:30.679+0000] {logging_mixin.py:188} INFO - [2025-12-27T14:44:30.679+0000] {dag.py:3096} INFO - Sync 1 DAGs
[2025-12-27T14:44:30.760+0000] {logging_mixin.py:188} INFO - [2025-12-27T14:44:30.759+0000] {dag.py:3954} INFO - Setting next_dagrun for example_setup_teardown_taskflow to 2025-12-26 00:00:00+00:00, run_after=2025-12-27 00:00:00+00:00
[2025-12-27T14:44:30.822+0000] {processor.py:183} INFO - Processing /home/airflow/.local/lib/python3.12/site-packages/airflow/example_dags/example_setup_teardown_taskflow.py took 0.299 seconds
[2025-12-27T14:45:02.399+0000] {processor.py:161} INFO - Started process (PID=3084) to work on /home/airflow/.local/lib/python3.12/site-packages/airflow/example_dags/example_setup_teardown_taskflow.py
[2025-12-27T14:45:02.449+0000] {processor.py:830} INFO - Processing file /home/airflow/.local/lib/python3.12/site-packages/airflow/example_dags/example_setup_teardown_taskflow.py for tasks to queue
[2025-12-27T14:45:02.454+0000] {logging_mixin.py:188} INFO - [2025-12-27T14:45:02.453+0000] {dagbag.py:540} INFO - Filling up the DagBag from /home/airflow/.local/lib/python3.12/site-packages/airflow/example_dags/example_setup_teardown_taskflow.py
[2025-12-27T14:45:02.601+0000] {processor.py:840} INFO - DAG(s) 'example_setup_teardown_taskflow' retrieved from /home/airflow/.local/lib/python3.12/site-packages/airflow/example_dags/example_setup_teardown_taskflow.py
[2025-12-27T14:45:02.730+0000] {logging_mixin.py:188} INFO - [2025-12-27T14:45:02.728+0000] {dag.py:3096} INFO - Sync 1 DAGs
[2025-12-27T14:45:02.915+0000] {logging_mixin.py:188} INFO - [2025-12-27T14:45:02.902+0000] {dag.py:3954} INFO - Setting next_dagrun for example_setup_teardown_taskflow to 2025-12-26 00:00:00+00:00, run_after=2025-12-27 00:00:00+00:00
[2025-12-27T14:45:03.187+0000] {processor.py:183} INFO - Processing /home/airflow/.local/lib/python3.12/site-packages/airflow/example_dags/example_setup_teardown_taskflow.py took 0.813 seconds
[2025-12-27T14:45:33.984+0000] {processor.py:161} INFO - Started process (PID=3143) to work on /home/airflow/.local/lib/python3.12/site-packages/airflow/example_dags/example_setup_teardown_taskflow.py
[2025-12-27T14:45:33.989+0000] {processor.py:830} INFO - Processing file /home/airflow/.local/lib/python3.12/site-packages/airflow/example_dags/example_setup_teardown_taskflow.py for tasks to queue
[2025-12-27T14:45:33.992+0000] {logging_mixin.py:188} INFO - [2025-12-27T14:45:33.991+0000] {dagbag.py:540} INFO - Filling up the DagBag from /home/airflow/.local/lib/python3.12/site-packages/airflow/example_dags/example_setup_teardown_taskflow.py
[2025-12-27T14:45:34.037+0000] {processor.py:840} INFO - DAG(s) 'example_setup_teardown_taskflow' retrieved from /home/airflow/.local/lib/python3.12/site-packages/airflow/example_dags/example_setup_teardown_taskflow.py
[2025-12-27T14:45:34.115+0000] {logging_mixin.py:188} INFO - [2025-12-27T14:45:34.114+0000] {dag.py:3096} INFO - Sync 1 DAGs
[2025-12-27T14:45:34.192+0000] {logging_mixin.py:188} INFO - [2025-12-27T14:45:34.191+0000] {dag.py:3954} INFO - Setting next_dagrun for example_setup_teardown_taskflow to 2025-12-26 00:00:00+00:00, run_after=2025-12-27 00:00:00+00:00
[2025-12-27T14:45:34.265+0000] {processor.py:183} INFO - Processing /home/airflow/.local/lib/python3.12/site-packages/airflow/example_dags/example_setup_teardown_taskflow.py took 0.302 seconds
[2025-12-27T14:46:04.955+0000] {processor.py:161} INFO - Started process (PID=3201) to work on /home/airflow/.local/lib/python3.12/site-packages/airflow/example_dags/example_setup_teardown_taskflow.py
[2025-12-27T14:46:04.958+0000] {processor.py:830} INFO - Processing file /home/airflow/.local/lib/python3.12/site-packages/airflow/example_dags/example_setup_teardown_taskflow.py for tasks to queue
[2025-12-27T14:46:04.961+0000] {logging_mixin.py:188} INFO - [2025-12-27T14:46:04.960+0000] {dagbag.py:540} INFO - Filling up the DagBag from /home/airflow/.local/lib/python3.12/site-packages/airflow/example_dags/example_setup_teardown_taskflow.py
[2025-12-27T14:46:04.990+0000] {processor.py:840} INFO - DAG(s) 'example_setup_teardown_taskflow' retrieved from /home/airflow/.local/lib/python3.12/site-packages/airflow/example_dags/example_setup_teardown_taskflow.py
[2025-12-27T14:46:05.053+0000] {logging_mixin.py:188} INFO - [2025-12-27T14:46:05.052+0000] {dag.py:3096} INFO - Sync 1 DAGs
[2025-12-27T14:46:05.112+0000] {logging_mixin.py:188} INFO - [2025-12-27T14:46:05.112+0000] {dag.py:3954} INFO - Setting next_dagrun for example_setup_teardown_taskflow to 2025-12-26 00:00:00+00:00, run_after=2025-12-27 00:00:00+00:00
[2025-12-27T14:46:05.164+0000] {processor.py:183} INFO - Processing /home/airflow/.local/lib/python3.12/site-packages/airflow/example_dags/example_setup_teardown_taskflow.py took 0.227 seconds
[2025-12-27T14:46:35.537+0000] {processor.py:161} INFO - Started process (PID=3259) to work on /home/airflow/.local/lib/python3.12/site-packages/airflow/example_dags/example_setup_teardown_taskflow.py
[2025-12-27T14:46:35.539+0000] {processor.py:830} INFO - Processing file /home/airflow/.local/lib/python3.12/site-packages/airflow/example_dags/example_setup_teardown_taskflow.py for tasks to queue
[2025-12-27T14:46:35.542+0000] {logging_mixin.py:188} INFO - [2025-12-27T14:46:35.541+0000] {dagbag.py:540} INFO - Filling up the DagBag from /home/airflow/.local/lib/python3.12/site-packages/airflow/example_dags/example_setup_teardown_taskflow.py
[2025-12-27T14:46:35.570+0000] {processor.py:840} INFO - DAG(s) 'example_setup_teardown_taskflow' retrieved from /home/airflow/.local/lib/python3.12/site-packages/airflow/example_dags/example_setup_teardown_taskflow.py
[2025-12-27T14:46:35.628+0000] {logging_mixin.py:188} INFO - [2025-12-27T14:46:35.627+0000] {dag.py:3096} INFO - Sync 1 DAGs
[2025-12-27T14:46:35.682+0000] {logging_mixin.py:188} INFO - [2025-12-27T14:46:35.682+0000] {dag.py:3954} INFO - Setting next_dagrun for example_setup_teardown_taskflow to 2025-12-26 00:00:00+00:00, run_after=2025-12-27 00:00:00+00:00
[2025-12-27T14:46:35.733+0000] {processor.py:183} INFO - Processing /home/airflow/.local/lib/python3.12/site-packages/airflow/example_dags/example_setup_teardown_taskflow.py took 0.212 seconds
[2025-12-27T14:47:05.899+0000] {processor.py:161} INFO - Started process (PID=3318) to work on /home/airflow/.local/lib/python3.12/site-packages/airflow/example_dags/example_setup_teardown_taskflow.py
[2025-12-27T14:47:05.902+0000] {processor.py:830} INFO - Processing file /home/airflow/.local/lib/python3.12/site-packages/airflow/example_dags/example_setup_teardown_taskflow.py for tasks to queue
[2025-12-27T14:47:05.905+0000] {logging_mixin.py:188} INFO - [2025-12-27T14:47:05.904+0000] {dagbag.py:540} INFO - Filling up the DagBag from /home/airflow/.local/lib/python3.12/site-packages/airflow/example_dags/example_setup_teardown_taskflow.py
[2025-12-27T14:47:05.935+0000] {processor.py:840} INFO - DAG(s) 'example_setup_teardown_taskflow' retrieved from /home/airflow/.local/lib/python3.12/site-packages/airflow/example_dags/example_setup_teardown_taskflow.py
[2025-12-27T14:47:05.996+0000] {logging_mixin.py:188} INFO - [2025-12-27T14:47:05.996+0000] {dag.py:3096} INFO - Sync 1 DAGs
[2025-12-27T14:47:06.053+0000] {logging_mixin.py:188} INFO - [2025-12-27T14:47:06.052+0000] {dag.py:3954} INFO - Setting next_dagrun for example_setup_teardown_taskflow to 2025-12-26 00:00:00+00:00, run_after=2025-12-27 00:00:00+00:00
[2025-12-27T14:47:06.102+0000] {processor.py:183} INFO - Processing /home/airflow/.local/lib/python3.12/site-packages/airflow/example_dags/example_setup_teardown_taskflow.py took 0.221 seconds
[2025-12-27T14:47:36.870+0000] {processor.py:161} INFO - Started process (PID=3376) to work on /home/airflow/.local/lib/python3.12/site-packages/airflow/example_dags/example_setup_teardown_taskflow.py
[2025-12-27T14:47:36.875+0000] {processor.py:830} INFO - Processing file /home/airflow/.local/lib/python3.12/site-packages/airflow/example_dags/example_setup_teardown_taskflow.py for tasks to queue
[2025-12-27T14:47:36.881+0000] {logging_mixin.py:188} INFO - [2025-12-27T14:47:36.880+0000] {dagbag.py:540} INFO - Filling up the DagBag from /home/airflow/.local/lib/python3.12/site-packages/airflow/example_dags/example_setup_teardown_taskflow.py
[2025-12-27T14:47:36.955+0000] {processor.py:840} INFO - DAG(s) 'example_setup_teardown_taskflow' retrieved from /home/airflow/.local/lib/python3.12/site-packages/airflow/example_dags/example_setup_teardown_taskflow.py
[2025-12-27T14:47:37.017+0000] {logging_mixin.py:188} INFO - [2025-12-27T14:47:37.016+0000] {dag.py:3096} INFO - Sync 1 DAGs
[2025-12-27T14:47:37.086+0000] {logging_mixin.py:188} INFO - [2025-12-27T14:47:37.085+0000] {dag.py:3954} INFO - Setting next_dagrun for example_setup_teardown_taskflow to 2025-12-26 00:00:00+00:00, run_after=2025-12-27 00:00:00+00:00
[2025-12-27T14:47:37.143+0000] {processor.py:183} INFO - Processing /home/airflow/.local/lib/python3.12/site-packages/airflow/example_dags/example_setup_teardown_taskflow.py took 0.310 seconds
[2025-12-27T14:48:07.348+0000] {processor.py:161} INFO - Started process (PID=3433) to work on /home/airflow/.local/lib/python3.12/site-packages/airflow/example_dags/example_setup_teardown_taskflow.py
[2025-12-27T14:48:07.351+0000] {processor.py:830} INFO - Processing file /home/airflow/.local/lib/python3.12/site-packages/airflow/example_dags/example_setup_teardown_taskflow.py for tasks to queue
[2025-12-27T14:48:07.354+0000] {logging_mixin.py:188} INFO - [2025-12-27T14:48:07.353+0000] {dagbag.py:540} INFO - Filling up the DagBag from /home/airflow/.local/lib/python3.12/site-packages/airflow/example_dags/example_setup_teardown_taskflow.py
[2025-12-27T14:48:07.388+0000] {processor.py:840} INFO - DAG(s) 'example_setup_teardown_taskflow' retrieved from /home/airflow/.local/lib/python3.12/site-packages/airflow/example_dags/example_setup_teardown_taskflow.py
[2025-12-27T14:48:07.466+0000] {logging_mixin.py:188} INFO - [2025-12-27T14:48:07.466+0000] {dag.py:3096} INFO - Sync 1 DAGs
[2025-12-27T14:48:07.525+0000] {logging_mixin.py:188} INFO - [2025-12-27T14:48:07.524+0000] {dag.py:3954} INFO - Setting next_dagrun for example_setup_teardown_taskflow to 2025-12-26 00:00:00+00:00, run_after=2025-12-27 00:00:00+00:00
[2025-12-27T14:48:07.574+0000] {processor.py:183} INFO - Processing /home/airflow/.local/lib/python3.12/site-packages/airflow/example_dags/example_setup_teardown_taskflow.py took 0.249 seconds
[2025-12-27T14:48:39.988+0000] {processor.py:161} INFO - Started process (PID=3493) to work on /home/airflow/.local/lib/python3.12/site-packages/airflow/example_dags/example_setup_teardown_taskflow.py
[2025-12-27T14:48:40.015+0000] {processor.py:830} INFO - Processing file /home/airflow/.local/lib/python3.12/site-packages/airflow/example_dags/example_setup_teardown_taskflow.py for tasks to queue
[2025-12-27T14:48:40.028+0000] {logging_mixin.py:188} INFO - [2025-12-27T14:48:40.026+0000] {dagbag.py:540} INFO - Filling up the DagBag from /home/airflow/.local/lib/python3.12/site-packages/airflow/example_dags/example_setup_teardown_taskflow.py
[2025-12-27T14:48:40.153+0000] {processor.py:840} INFO - DAG(s) 'example_setup_teardown_taskflow' retrieved from /home/airflow/.local/lib/python3.12/site-packages/airflow/example_dags/example_setup_teardown_taskflow.py
[2025-12-27T14:48:40.290+0000] {logging_mixin.py:188} INFO - [2025-12-27T14:48:40.288+0000] {dag.py:3096} INFO - Sync 1 DAGs
[2025-12-27T14:48:40.421+0000] {logging_mixin.py:188} INFO - [2025-12-27T14:48:40.420+0000] {dag.py:3954} INFO - Setting next_dagrun for example_setup_teardown_taskflow to 2025-12-26 00:00:00+00:00, run_after=2025-12-27 00:00:00+00:00
[2025-12-27T14:48:40.659+0000] {processor.py:183} INFO - Processing /home/airflow/.local/lib/python3.12/site-packages/airflow/example_dags/example_setup_teardown_taskflow.py took 0.709 seconds
[2025-12-27T14:49:11.753+0000] {processor.py:161} INFO - Started process (PID=3550) to work on /home/airflow/.local/lib/python3.12/site-packages/airflow/example_dags/example_setup_teardown_taskflow.py
[2025-12-27T14:49:11.763+0000] {processor.py:830} INFO - Processing file /home/airflow/.local/lib/python3.12/site-packages/airflow/example_dags/example_setup_teardown_taskflow.py for tasks to queue
[2025-12-27T14:49:11.767+0000] {logging_mixin.py:188} INFO - [2025-12-27T14:49:11.766+0000] {dagbag.py:540} INFO - Filling up the DagBag from /home/airflow/.local/lib/python3.12/site-packages/airflow/example_dags/example_setup_teardown_taskflow.py
[2025-12-27T14:49:11.847+0000] {processor.py:840} INFO - DAG(s) 'example_setup_teardown_taskflow' retrieved from /home/airflow/.local/lib/python3.12/site-packages/airflow/example_dags/example_setup_teardown_taskflow.py
[2025-12-27T14:49:12.023+0000] {logging_mixin.py:188} INFO - [2025-12-27T14:49:12.022+0000] {dag.py:3096} INFO - Sync 1 DAGs
[2025-12-27T14:49:12.349+0000] {logging_mixin.py:188} INFO - [2025-12-27T14:49:12.319+0000] {dag.py:3954} INFO - Setting next_dagrun for example_setup_teardown_taskflow to 2025-12-26 00:00:00+00:00, run_after=2025-12-27 00:00:00+00:00
[2025-12-27T14:49:12.466+0000] {processor.py:183} INFO - Processing /home/airflow/.local/lib/python3.12/site-packages/airflow/example_dags/example_setup_teardown_taskflow.py took 0.759 seconds
[2025-12-27T14:49:42.960+0000] {processor.py:161} INFO - Started process (PID=3608) to work on /home/airflow/.local/lib/python3.12/site-packages/airflow/example_dags/example_setup_teardown_taskflow.py
[2025-12-27T14:49:42.964+0000] {processor.py:830} INFO - Processing file /home/airflow/.local/lib/python3.12/site-packages/airflow/example_dags/example_setup_teardown_taskflow.py for tasks to queue
[2025-12-27T14:49:42.967+0000] {logging_mixin.py:188} INFO - [2025-12-27T14:49:42.965+0000] {dagbag.py:540} INFO - Filling up the DagBag from /home/airflow/.local/lib/python3.12/site-packages/airflow/example_dags/example_setup_teardown_taskflow.py
[2025-12-27T14:49:43.008+0000] {processor.py:840} INFO - DAG(s) 'example_setup_teardown_taskflow' retrieved from /home/airflow/.local/lib/python3.12/site-packages/airflow/example_dags/example_setup_teardown_taskflow.py
[2025-12-27T14:49:43.082+0000] {logging_mixin.py:188} INFO - [2025-12-27T14:49:43.081+0000] {dag.py:3096} INFO - Sync 1 DAGs
[2025-12-27T14:49:43.204+0000] {logging_mixin.py:188} INFO - [2025-12-27T14:49:43.203+0000] {dag.py:3954} INFO - Setting next_dagrun for example_setup_teardown_taskflow to 2025-12-26 00:00:00+00:00, run_after=2025-12-27 00:00:00+00:00
[2025-12-27T14:49:43.316+0000] {processor.py:183} INFO - Processing /home/airflow/.local/lib/python3.12/site-packages/airflow/example_dags/example_setup_teardown_taskflow.py took 0.381 seconds
[2025-12-27T14:50:24.777+0000] {processor.py:161} INFO - Started process (PID=3677) to work on /home/airflow/.local/lib/python3.12/site-packages/airflow/example_dags/example_setup_teardown_taskflow.py
[2025-12-27T14:50:24.782+0000] {processor.py:830} INFO - Processing file /home/airflow/.local/lib/python3.12/site-packages/airflow/example_dags/example_setup_teardown_taskflow.py for tasks to queue
[2025-12-27T14:50:24.788+0000] {logging_mixin.py:188} INFO - [2025-12-27T14:50:24.785+0000] {dagbag.py:540} INFO - Filling up the DagBag from /home/airflow/.local/lib/python3.12/site-packages/airflow/example_dags/example_setup_teardown_taskflow.py
[2025-12-27T14:50:24.842+0000] {processor.py:840} INFO - DAG(s) 'example_setup_teardown_taskflow' retrieved from /home/airflow/.local/lib/python3.12/site-packages/airflow/example_dags/example_setup_teardown_taskflow.py
[2025-12-27T14:50:24.984+0000] {logging_mixin.py:188} INFO - [2025-12-27T14:50:24.983+0000] {dag.py:3096} INFO - Sync 1 DAGs
[2025-12-27T14:50:25.108+0000] {logging_mixin.py:188} INFO - [2025-12-27T14:50:25.108+0000] {dag.py:3954} INFO - Setting next_dagrun for example_setup_teardown_taskflow to 2025-12-26 00:00:00+00:00, run_after=2025-12-27 00:00:00+00:00
[2025-12-27T14:50:25.205+0000] {processor.py:183} INFO - Processing /home/airflow/.local/lib/python3.12/site-packages/airflow/example_dags/example_setup_teardown_taskflow.py took 0.457 seconds
[2025-12-27T14:50:56.687+0000] {processor.py:161} INFO - Started process (PID=3735) to work on /home/airflow/.local/lib/python3.12/site-packages/airflow/example_dags/example_setup_teardown_taskflow.py
[2025-12-27T14:50:56.692+0000] {processor.py:830} INFO - Processing file /home/airflow/.local/lib/python3.12/site-packages/airflow/example_dags/example_setup_teardown_taskflow.py for tasks to queue
[2025-12-27T14:50:56.697+0000] {logging_mixin.py:188} INFO - [2025-12-27T14:50:56.696+0000] {dagbag.py:540} INFO - Filling up the DagBag from /home/airflow/.local/lib/python3.12/site-packages/airflow/example_dags/example_setup_teardown_taskflow.py
[2025-12-27T14:50:56.769+0000] {processor.py:840} INFO - DAG(s) 'example_setup_teardown_taskflow' retrieved from /home/airflow/.local/lib/python3.12/site-packages/airflow/example_dags/example_setup_teardown_taskflow.py
[2025-12-27T14:50:56.870+0000] {logging_mixin.py:188} INFO - [2025-12-27T14:50:56.869+0000] {dag.py:3096} INFO - Sync 1 DAGs
[2025-12-27T14:50:57.098+0000] {logging_mixin.py:188} INFO - [2025-12-27T14:50:57.087+0000] {dag.py:3954} INFO - Setting next_dagrun for example_setup_teardown_taskflow to 2025-12-26 00:00:00+00:00, run_after=2025-12-27 00:00:00+00:00
[2025-12-27T14:50:57.239+0000] {processor.py:183} INFO - Processing /home/airflow/.local/lib/python3.12/site-packages/airflow/example_dags/example_setup_teardown_taskflow.py took 0.586 seconds
[2025-12-27T14:51:50.554+0000] {processor.py:161} INFO - Started process (PID=3792) to work on /home/airflow/.local/lib/python3.12/site-packages/airflow/example_dags/example_setup_teardown_taskflow.py
[2025-12-27T14:51:50.569+0000] {processor.py:830} INFO - Processing file /home/airflow/.local/lib/python3.12/site-packages/airflow/example_dags/example_setup_teardown_taskflow.py for tasks to queue
[2025-12-27T14:51:50.576+0000] {logging_mixin.py:188} INFO - [2025-12-27T14:51:50.574+0000] {dagbag.py:540} INFO - Filling up the DagBag from /home/airflow/.local/lib/python3.12/site-packages/airflow/example_dags/example_setup_teardown_taskflow.py
[2025-12-27T14:51:50.716+0000] {processor.py:840} INFO - DAG(s) 'example_setup_teardown_taskflow' retrieved from /home/airflow/.local/lib/python3.12/site-packages/airflow/example_dags/example_setup_teardown_taskflow.py
[2025-12-27T14:51:50.991+0000] {logging_mixin.py:188} INFO - [2025-12-27T14:51:50.990+0000] {dag.py:3096} INFO - Sync 1 DAGs
[2025-12-27T14:51:51.226+0000] {logging_mixin.py:188} INFO - [2025-12-27T14:51:51.219+0000] {dag.py:3954} INFO - Setting next_dagrun for example_setup_teardown_taskflow to 2025-12-26 00:00:00+00:00, run_after=2025-12-27 00:00:00+00:00
[2025-12-27T14:51:51.428+0000] {processor.py:183} INFO - Processing /home/airflow/.local/lib/python3.12/site-packages/airflow/example_dags/example_setup_teardown_taskflow.py took 0.947 seconds
[2025-12-27T15:05:11.739+0000] {processor.py:161} INFO - Started process (PID=3913) to work on /home/airflow/.local/lib/python3.12/site-packages/airflow/example_dags/example_setup_teardown_taskflow.py
[2025-12-27T15:05:11.785+0000] {processor.py:830} INFO - Processing file /home/airflow/.local/lib/python3.12/site-packages/airflow/example_dags/example_setup_teardown_taskflow.py for tasks to queue
[2025-12-27T15:05:11.870+0000] {logging_mixin.py:188} INFO - [2025-12-27T15:05:11.816+0000] {dagbag.py:540} INFO - Filling up the DagBag from /home/airflow/.local/lib/python3.12/site-packages/airflow/example_dags/example_setup_teardown_taskflow.py
[2025-12-27T15:05:14.113+0000] {processor.py:840} INFO - DAG(s) 'example_setup_teardown_taskflow' retrieved from /home/airflow/.local/lib/python3.12/site-packages/airflow/example_dags/example_setup_teardown_taskflow.py
[2025-12-27T15:07:27.015+0000] {processor.py:186} ERROR - Got an exception! Propagating...
Traceback (most recent call last):
  File "/home/airflow/.local/lib/python3.12/site-packages/sqlalchemy/engine/base.py", line 3371, in _wrap_pool_connect
    return fn()
           ^^^^
  File "/home/airflow/.local/lib/python3.12/site-packages/sqlalchemy/pool/base.py", line 327, in connect
    return _ConnectionFairy._checkout(self)
           ^^^^^^^^^^^^^^^^^^^^^^^^^^^^^^^^
  File "/home/airflow/.local/lib/python3.12/site-packages/sqlalchemy/pool/base.py", line 894, in _checkout
    fairy = _ConnectionRecord.checkout(pool)
            ^^^^^^^^^^^^^^^^^^^^^^^^^^^^^^^^
  File "/home/airflow/.local/lib/python3.12/site-packages/sqlalchemy/pool/base.py", line 493, in checkout
    rec = pool._do_get()
          ^^^^^^^^^^^^^^
  File "/home/airflow/.local/lib/python3.12/site-packages/sqlalchemy/pool/impl.py", line 145, in _do_get
    with util.safe_reraise():
  File "/home/airflow/.local/lib/python3.12/site-packages/sqlalchemy/util/langhelpers.py", line 70, in __exit__
    compat.raise_(
  File "/home/airflow/.local/lib/python3.12/site-packages/sqlalchemy/util/compat.py", line 211, in raise_
    raise exception
  File "/home/airflow/.local/lib/python3.12/site-packages/sqlalchemy/pool/impl.py", line 143, in _do_get
    return self._create_connection()
           ^^^^^^^^^^^^^^^^^^^^^^^^^
  File "/home/airflow/.local/lib/python3.12/site-packages/sqlalchemy/pool/base.py", line 273, in _create_connection
    return _ConnectionRecord(self)
           ^^^^^^^^^^^^^^^^^^^^^^^
  File "/home/airflow/.local/lib/python3.12/site-packages/sqlalchemy/pool/base.py", line 388, in __init__
    self.__connect()
  File "/home/airflow/.local/lib/python3.12/site-packages/sqlalchemy/pool/base.py", line 690, in __connect
    with util.safe_reraise():
  File "/home/airflow/.local/lib/python3.12/site-packages/sqlalchemy/util/langhelpers.py", line 70, in __exit__
    compat.raise_(
  File "/home/airflow/.local/lib/python3.12/site-packages/sqlalchemy/util/compat.py", line 211, in raise_
    raise exception
  File "/home/airflow/.local/lib/python3.12/site-packages/sqlalchemy/pool/base.py", line 686, in __connect
    self.dbapi_connection = connection = pool._invoke_creator(self)
                                         ^^^^^^^^^^^^^^^^^^^^^^^^^^
  File "/home/airflow/.local/lib/python3.12/site-packages/sqlalchemy/engine/create.py", line 574, in connect
    return dialect.connect(*cargs, **cparams)
           ^^^^^^^^^^^^^^^^^^^^^^^^^^^^^^^^^^
  File "/home/airflow/.local/lib/python3.12/site-packages/sqlalchemy/engine/default.py", line 598, in connect
    return self.dbapi.connect(*cargs, **cparams)
           ^^^^^^^^^^^^^^^^^^^^^^^^^^^^^^^^^^^^^
  File "/home/airflow/.local/lib/python3.12/site-packages/psycopg2/__init__.py", line 122, in connect
    conn = _connect(dsn, connection_factory=connection_factory, **kwasync)
           ^^^^^^^^^^^^^^^^^^^^^^^^^^^^^^^^^^^^^^^^^^^^^^^^^^^^^^^^^^^^^^^
psycopg2.OperationalError: could not translate host name "postgres" to address: Temporary failure in name resolution


The above exception was the direct cause of the following exception:

Traceback (most recent call last):
  File "/home/airflow/.local/lib/python3.12/site-packages/airflow/dag_processing/processor.py", line 182, in _run_file_processor
    _handle_dag_file_processing()
  File "/home/airflow/.local/lib/python3.12/site-packages/airflow/dag_processing/processor.py", line 163, in _handle_dag_file_processing
    result: tuple[int, int] = dag_file_processor.process_file(
                              ^^^^^^^^^^^^^^^^^^^^^^^^^^^^^^^^
  File "/home/airflow/.local/lib/python3.12/site-packages/airflow/utils/session.py", line 79, in wrapper
    return func(*args, session=session, **kwargs)
           ^^^^^^^^^^^^^^^^^^^^^^^^^^^^^^^^^^^^^^
  File "/home/airflow/.local/lib/python3.12/site-packages/airflow/dag_processing/processor.py", line 859, in process_file
    serialize_errors = DagFileProcessor.save_dag_to_db(
                       ^^^^^^^^^^^^^^^^^^^^^^^^^^^^^^^^
  File "/home/airflow/.local/lib/python3.12/site-packages/airflow/api_internal/internal_api_call.py", line 115, in wrapper
    return func(*args, **kwargs)
           ^^^^^^^^^^^^^^^^^^^^^
  File "/home/airflow/.local/lib/python3.12/site-packages/airflow/utils/session.py", line 79, in wrapper
    return func(*args, session=session, **kwargs)
           ^^^^^^^^^^^^^^^^^^^^^^^^^^^^^^^^^^^^^^
  File "/home/airflow/.local/lib/python3.12/site-packages/airflow/dag_processing/processor.py", line 895, in save_dag_to_db
    import_errors = DagBag._sync_to_db(dags=dags, processor_subdir=dag_directory, session=session)
                    ^^^^^^^^^^^^^^^^^^^^^^^^^^^^^^^^^^^^^^^^^^^^^^^^^^^^^^^^^^^^^^^^^^^^^^^^^^^^^^
  File "/home/airflow/.local/lib/python3.12/site-packages/airflow/utils/session.py", line 76, in wrapper
    return func(*args, **kwargs)
           ^^^^^^^^^^^^^^^^^^^^^
  File "/home/airflow/.local/lib/python3.12/site-packages/airflow/models/dagbag.py", line 659, in _sync_to_db
    for attempt in run_with_db_retries(logger=log):
  File "/home/airflow/.local/lib/python3.12/site-packages/tenacity/__init__.py", line 347, in __iter__
    do = self.iter(retry_state=retry_state)
         ^^^^^^^^^^^^^^^^^^^^^^^^^^^^^^^^^^
  File "/home/airflow/.local/lib/python3.12/site-packages/tenacity/__init__.py", line 325, in iter
    raise retry_exc.reraise()
          ^^^^^^^^^^^^^^^^^^^
  File "/home/airflow/.local/lib/python3.12/site-packages/tenacity/__init__.py", line 158, in reraise
    raise self.last_attempt.result()
          ^^^^^^^^^^^^^^^^^^^^^^^^^^
  File "/usr/local/lib/python3.12/concurrent/futures/_base.py", line 449, in result
    return self.__get_result()
           ^^^^^^^^^^^^^^^^^^^
  File "/usr/local/lib/python3.12/concurrent/futures/_base.py", line 401, in __get_result
    raise self._exception
  File "/home/airflow/.local/lib/python3.12/site-packages/airflow/models/dagbag.py", line 672, in _sync_to_db
    _serialize_dag_capturing_errors(dag, session, processor_subdir)
  File "/home/airflow/.local/lib/python3.12/site-packages/airflow/models/dagbag.py", line 637, in _serialize_dag_capturing_errors
    dag_was_updated = SerializedDagModel.write_dag(
                      ^^^^^^^^^^^^^^^^^^^^^^^^^^^^^
  File "/home/airflow/.local/lib/python3.12/site-packages/airflow/utils/session.py", line 76, in wrapper
    return func(*args, **kwargs)
           ^^^^^^^^^^^^^^^^^^^^^
  File "/home/airflow/.local/lib/python3.12/site-packages/airflow/models/serialized_dag.py", line 158, in write_dag
    if session.scalar(
       ^^^^^^^^^^^^^^^
  File "/home/airflow/.local/lib/python3.12/site-packages/sqlalchemy/orm/session.py", line 1747, in scalar
    return self.execute(
           ^^^^^^^^^^^^^
  File "/home/airflow/.local/lib/python3.12/site-packages/sqlalchemy/orm/session.py", line 1716, in execute
    conn = self._connection_for_bind(bind)
           ^^^^^^^^^^^^^^^^^^^^^^^^^^^^^^^
  File "/home/airflow/.local/lib/python3.12/site-packages/sqlalchemy/orm/session.py", line 1555, in _connection_for_bind
    return self._transaction._connection_for_bind(
           ^^^^^^^^^^^^^^^^^^^^^^^^^^^^^^^^^^^^^^^
  File "/home/airflow/.local/lib/python3.12/site-packages/sqlalchemy/orm/session.py", line 750, in _connection_for_bind
    conn = bind.connect()
           ^^^^^^^^^^^^^^
  File "/home/airflow/.local/lib/python3.12/site-packages/sqlalchemy/future/engine.py", line 412, in connect
    return super(Engine, self).connect()
           ^^^^^^^^^^^^^^^^^^^^^^^^^^^^^
  File "/home/airflow/.local/lib/python3.12/site-packages/sqlalchemy/engine/base.py", line 3325, in connect
    return self._connection_cls(self, close_with_result=close_with_result)
           ^^^^^^^^^^^^^^^^^^^^^^^^^^^^^^^^^^^^^^^^^^^^^^^^^^^^^^^^^^^^^^^
  File "/home/airflow/.local/lib/python3.12/site-packages/sqlalchemy/engine/base.py", line 96, in __init__
    else engine.raw_connection()
         ^^^^^^^^^^^^^^^^^^^^^^^
  File "/home/airflow/.local/lib/python3.12/site-packages/sqlalchemy/engine/base.py", line 3404, in raw_connection
    return self._wrap_pool_connect(self.pool.connect, _connection)
           ^^^^^^^^^^^^^^^^^^^^^^^^^^^^^^^^^^^^^^^^^^^^^^^^^^^^^^^
  File "/home/airflow/.local/lib/python3.12/site-packages/sqlalchemy/engine/base.py", line 3374, in _wrap_pool_connect
    Connection._handle_dbapi_exception_noconnection(
  File "/home/airflow/.local/lib/python3.12/site-packages/sqlalchemy/engine/base.py", line 2208, in _handle_dbapi_exception_noconnection
    util.raise_(
  File "/home/airflow/.local/lib/python3.12/site-packages/sqlalchemy/util/compat.py", line 211, in raise_
    raise exception
  File "/home/airflow/.local/lib/python3.12/site-packages/sqlalchemy/engine/base.py", line 3371, in _wrap_pool_connect
    return fn()
           ^^^^
  File "/home/airflow/.local/lib/python3.12/site-packages/sqlalchemy/pool/base.py", line 327, in connect
    return _ConnectionFairy._checkout(self)
           ^^^^^^^^^^^^^^^^^^^^^^^^^^^^^^^^
  File "/home/airflow/.local/lib/python3.12/site-packages/sqlalchemy/pool/base.py", line 894, in _checkout
    fairy = _ConnectionRecord.checkout(pool)
            ^^^^^^^^^^^^^^^^^^^^^^^^^^^^^^^^
  File "/home/airflow/.local/lib/python3.12/site-packages/sqlalchemy/pool/base.py", line 493, in checkout
    rec = pool._do_get()
          ^^^^^^^^^^^^^^
  File "/home/airflow/.local/lib/python3.12/site-packages/sqlalchemy/pool/impl.py", line 145, in _do_get
    with util.safe_reraise():
  File "/home/airflow/.local/lib/python3.12/site-packages/sqlalchemy/util/langhelpers.py", line 70, in __exit__
    compat.raise_(
  File "/home/airflow/.local/lib/python3.12/site-packages/sqlalchemy/util/compat.py", line 211, in raise_
    raise exception
  File "/home/airflow/.local/lib/python3.12/site-packages/sqlalchemy/pool/impl.py", line 143, in _do_get
    return self._create_connection()
           ^^^^^^^^^^^^^^^^^^^^^^^^^
  File "/home/airflow/.local/lib/python3.12/site-packages/sqlalchemy/pool/base.py", line 273, in _create_connection
    return _ConnectionRecord(self)
           ^^^^^^^^^^^^^^^^^^^^^^^
  File "/home/airflow/.local/lib/python3.12/site-packages/sqlalchemy/pool/base.py", line 388, in __init__
    self.__connect()
  File "/home/airflow/.local/lib/python3.12/site-packages/sqlalchemy/pool/base.py", line 690, in __connect
    with util.safe_reraise():
  File "/home/airflow/.local/lib/python3.12/site-packages/sqlalchemy/util/langhelpers.py", line 70, in __exit__
    compat.raise_(
  File "/home/airflow/.local/lib/python3.12/site-packages/sqlalchemy/util/compat.py", line 211, in raise_
    raise exception
  File "/home/airflow/.local/lib/python3.12/site-packages/sqlalchemy/pool/base.py", line 686, in __connect
    self.dbapi_connection = connection = pool._invoke_creator(self)
                                         ^^^^^^^^^^^^^^^^^^^^^^^^^^
  File "/home/airflow/.local/lib/python3.12/site-packages/sqlalchemy/engine/create.py", line 574, in connect
    return dialect.connect(*cargs, **cparams)
           ^^^^^^^^^^^^^^^^^^^^^^^^^^^^^^^^^^
  File "/home/airflow/.local/lib/python3.12/site-packages/sqlalchemy/engine/default.py", line 598, in connect
    return self.dbapi.connect(*cargs, **cparams)
           ^^^^^^^^^^^^^^^^^^^^^^^^^^^^^^^^^^^^^
  File "/home/airflow/.local/lib/python3.12/site-packages/psycopg2/__init__.py", line 122, in connect
    conn = _connect(dsn, connection_factory=connection_factory, **kwasync)
           ^^^^^^^^^^^^^^^^^^^^^^^^^^^^^^^^^^^^^^^^^^^^^^^^^^^^^^^^^^^^^^^
sqlalchemy.exc.OperationalError: (psycopg2.OperationalError) could not translate host name "postgres" to address: Temporary failure in name resolution

(Background on this error at: https://sqlalche.me/e/14/e3q8)
