[2025-12-27T14:14:52.135+0000] {processor.py:161} INFO - Started process (PID=105) to work on /home/airflow/.local/lib/python3.12/site-packages/airflow/example_dags/example_branch_datetime_operator.py
[2025-12-27T14:14:52.149+0000] {processor.py:830} INFO - Processing file /home/airflow/.local/lib/python3.12/site-packages/airflow/example_dags/example_branch_datetime_operator.py for tasks to queue
[2025-12-27T14:14:52.161+0000] {logging_mixin.py:188} INFO - [2025-12-27T14:14:52.160+0000] {dagbag.py:540} INFO - Filling up the DagBag from /home/airflow/.local/lib/python3.12/site-packages/airflow/example_dags/example_branch_datetime_operator.py
[2025-12-27T14:14:52.297+0000] {processor.py:840} INFO - DAG(s) 'example_branch_datetime_operator', 'example_branch_datetime_operator_3', 'example_branch_datetime_operator_2' retrieved from /home/airflow/.local/lib/python3.12/site-packages/airflow/example_dags/example_branch_datetime_operator.py
[2025-12-27T14:14:53.931+0000] {logging_mixin.py:188} INFO - [2025-12-27T14:14:53.928+0000] {dag.py:3096} INFO - Sync 3 DAGs
[2025-12-27T14:14:54.302+0000] {logging_mixin.py:188} INFO - [2025-12-27T14:14:54.301+0000] {dag.py:3954} INFO - Setting next_dagrun for example_branch_datetime_operator to 2025-12-26 00:00:00+00:00, run_after=2025-12-27 00:00:00+00:00
[2025-12-27T14:14:54.366+0000] {logging_mixin.py:188} INFO - [2025-12-27T14:14:54.365+0000] {dag.py:3954} INFO - Setting next_dagrun for example_branch_datetime_operator_2 to 2025-12-26 00:00:00+00:00, run_after=2025-12-27 00:00:00+00:00
[2025-12-27T14:14:54.401+0000] {logging_mixin.py:188} INFO - [2025-12-27T14:14:54.401+0000] {dag.py:3954} INFO - Setting next_dagrun for example_branch_datetime_operator_3 to 2025-12-26 00:00:00+00:00, run_after=2025-12-27 00:00:00+00:00
[2025-12-27T14:14:54.806+0000] {processor.py:183} INFO - Processing /home/airflow/.local/lib/python3.12/site-packages/airflow/example_dags/example_branch_datetime_operator.py took 2.736 seconds
[2025-12-27T14:15:30.205+0000] {processor.py:161} INFO - Started process (PID=162) to work on /home/airflow/.local/lib/python3.12/site-packages/airflow/example_dags/example_branch_datetime_operator.py
[2025-12-27T14:15:30.217+0000] {processor.py:830} INFO - Processing file /home/airflow/.local/lib/python3.12/site-packages/airflow/example_dags/example_branch_datetime_operator.py for tasks to queue
[2025-12-27T14:15:30.233+0000] {logging_mixin.py:188} INFO - [2025-12-27T14:15:30.232+0000] {dagbag.py:540} INFO - Filling up the DagBag from /home/airflow/.local/lib/python3.12/site-packages/airflow/example_dags/example_branch_datetime_operator.py
[2025-12-27T14:15:30.358+0000] {processor.py:840} INFO - DAG(s) 'example_branch_datetime_operator_3', 'example_branch_datetime_operator_2', 'example_branch_datetime_operator' retrieved from /home/airflow/.local/lib/python3.12/site-packages/airflow/example_dags/example_branch_datetime_operator.py
[2025-12-27T14:15:30.613+0000] {logging_mixin.py:188} INFO - [2025-12-27T14:15:30.612+0000] {dag.py:3096} INFO - Sync 3 DAGs
[2025-12-27T14:15:30.872+0000] {logging_mixin.py:188} INFO - [2025-12-27T14:15:30.871+0000] {dag.py:3954} INFO - Setting next_dagrun for example_branch_datetime_operator to 2025-12-26 00:00:00+00:00, run_after=2025-12-27 00:00:00+00:00
[2025-12-27T14:15:30.936+0000] {logging_mixin.py:188} INFO - [2025-12-27T14:15:30.935+0000] {dag.py:3954} INFO - Setting next_dagrun for example_branch_datetime_operator_2 to 2025-12-26 00:00:00+00:00, run_after=2025-12-27 00:00:00+00:00
[2025-12-27T14:15:30.966+0000] {logging_mixin.py:188} INFO - [2025-12-27T14:15:30.965+0000] {dag.py:3954} INFO - Setting next_dagrun for example_branch_datetime_operator_3 to 2025-12-26 00:00:00+00:00, run_after=2025-12-27 00:00:00+00:00
[2025-12-27T14:15:31.188+0000] {processor.py:183} INFO - Processing /home/airflow/.local/lib/python3.12/site-packages/airflow/example_dags/example_branch_datetime_operator.py took 1.034 seconds
[2025-12-27T14:16:01.572+0000] {processor.py:161} INFO - Started process (PID=221) to work on /home/airflow/.local/lib/python3.12/site-packages/airflow/example_dags/example_branch_datetime_operator.py
[2025-12-27T14:16:01.576+0000] {processor.py:830} INFO - Processing file /home/airflow/.local/lib/python3.12/site-packages/airflow/example_dags/example_branch_datetime_operator.py for tasks to queue
[2025-12-27T14:16:01.581+0000] {logging_mixin.py:188} INFO - [2025-12-27T14:16:01.581+0000] {dagbag.py:540} INFO - Filling up the DagBag from /home/airflow/.local/lib/python3.12/site-packages/airflow/example_dags/example_branch_datetime_operator.py
[2025-12-27T14:16:01.617+0000] {processor.py:840} INFO - DAG(s) 'example_branch_datetime_operator_2', 'example_branch_datetime_operator_3', 'example_branch_datetime_operator' retrieved from /home/airflow/.local/lib/python3.12/site-packages/airflow/example_dags/example_branch_datetime_operator.py
[2025-12-27T14:16:01.704+0000] {logging_mixin.py:188} INFO - [2025-12-27T14:16:01.703+0000] {dag.py:3096} INFO - Sync 3 DAGs
[2025-12-27T14:16:01.782+0000] {logging_mixin.py:188} INFO - [2025-12-27T14:16:01.782+0000] {dag.py:3954} INFO - Setting next_dagrun for example_branch_datetime_operator to 2025-12-26 00:00:00+00:00, run_after=2025-12-27 00:00:00+00:00
[2025-12-27T14:16:01.795+0000] {logging_mixin.py:188} INFO - [2025-12-27T14:16:01.794+0000] {dag.py:3954} INFO - Setting next_dagrun for example_branch_datetime_operator_2 to 2025-12-26 00:00:00+00:00, run_after=2025-12-27 00:00:00+00:00
[2025-12-27T14:16:01.802+0000] {logging_mixin.py:188} INFO - [2025-12-27T14:16:01.801+0000] {dag.py:3954} INFO - Setting next_dagrun for example_branch_datetime_operator_3 to 2025-12-26 00:00:00+00:00, run_after=2025-12-27 00:00:00+00:00
[2025-12-27T14:16:01.850+0000] {processor.py:183} INFO - Processing /home/airflow/.local/lib/python3.12/site-packages/airflow/example_dags/example_branch_datetime_operator.py took 0.294 seconds
[2025-12-27T14:16:33.330+0000] {processor.py:161} INFO - Started process (PID=277) to work on /home/airflow/.local/lib/python3.12/site-packages/airflow/example_dags/example_branch_datetime_operator.py
[2025-12-27T14:16:33.343+0000] {processor.py:830} INFO - Processing file /home/airflow/.local/lib/python3.12/site-packages/airflow/example_dags/example_branch_datetime_operator.py for tasks to queue
[2025-12-27T14:16:33.366+0000] {logging_mixin.py:188} INFO - [2025-12-27T14:16:33.364+0000] {dagbag.py:540} INFO - Filling up the DagBag from /home/airflow/.local/lib/python3.12/site-packages/airflow/example_dags/example_branch_datetime_operator.py
[2025-12-27T14:16:33.525+0000] {processor.py:840} INFO - DAG(s) 'example_branch_datetime_operator', 'example_branch_datetime_operator_2', 'example_branch_datetime_operator_3' retrieved from /home/airflow/.local/lib/python3.12/site-packages/airflow/example_dags/example_branch_datetime_operator.py
[2025-12-27T14:16:33.812+0000] {logging_mixin.py:188} INFO - [2025-12-27T14:16:33.812+0000] {dag.py:3096} INFO - Sync 3 DAGs
[2025-12-27T14:16:33.998+0000] {logging_mixin.py:188} INFO - [2025-12-27T14:16:33.997+0000] {dag.py:3954} INFO - Setting next_dagrun for example_branch_datetime_operator to 2025-12-26 00:00:00+00:00, run_after=2025-12-27 00:00:00+00:00
[2025-12-27T14:16:34.044+0000] {logging_mixin.py:188} INFO - [2025-12-27T14:16:34.042+0000] {dag.py:3954} INFO - Setting next_dagrun for example_branch_datetime_operator_2 to 2025-12-26 00:00:00+00:00, run_after=2025-12-27 00:00:00+00:00
[2025-12-27T14:16:34.070+0000] {logging_mixin.py:188} INFO - [2025-12-27T14:16:34.069+0000] {dag.py:3954} INFO - Setting next_dagrun for example_branch_datetime_operator_3 to 2025-12-26 00:00:00+00:00, run_after=2025-12-27 00:00:00+00:00
[2025-12-27T14:16:34.158+0000] {processor.py:183} INFO - Processing /home/airflow/.local/lib/python3.12/site-packages/airflow/example_dags/example_branch_datetime_operator.py took 0.863 seconds
[2025-12-27T14:17:06.031+0000] {processor.py:161} INFO - Started process (PID=335) to work on /home/airflow/.local/lib/python3.12/site-packages/airflow/example_dags/example_branch_datetime_operator.py
[2025-12-27T14:17:06.040+0000] {processor.py:830} INFO - Processing file /home/airflow/.local/lib/python3.12/site-packages/airflow/example_dags/example_branch_datetime_operator.py for tasks to queue
[2025-12-27T14:17:06.071+0000] {logging_mixin.py:188} INFO - [2025-12-27T14:17:06.064+0000] {dagbag.py:540} INFO - Filling up the DagBag from /home/airflow/.local/lib/python3.12/site-packages/airflow/example_dags/example_branch_datetime_operator.py
[2025-12-27T14:17:06.155+0000] {processor.py:840} INFO - DAG(s) 'example_branch_datetime_operator_2', 'example_branch_datetime_operator_3', 'example_branch_datetime_operator' retrieved from /home/airflow/.local/lib/python3.12/site-packages/airflow/example_dags/example_branch_datetime_operator.py
[2025-12-27T14:17:06.389+0000] {logging_mixin.py:188} INFO - [2025-12-27T14:17:06.388+0000] {dag.py:3096} INFO - Sync 3 DAGs
[2025-12-27T14:17:06.711+0000] {logging_mixin.py:188} INFO - [2025-12-27T14:17:06.710+0000] {dag.py:3954} INFO - Setting next_dagrun for example_branch_datetime_operator to 2025-12-26 00:00:00+00:00, run_after=2025-12-27 00:00:00+00:00
[2025-12-27T14:17:06.769+0000] {logging_mixin.py:188} INFO - [2025-12-27T14:17:06.767+0000] {dag.py:3954} INFO - Setting next_dagrun for example_branch_datetime_operator_2 to 2025-12-26 00:00:00+00:00, run_after=2025-12-27 00:00:00+00:00
[2025-12-27T14:17:06.813+0000] {logging_mixin.py:188} INFO - [2025-12-27T14:17:06.812+0000] {dag.py:3954} INFO - Setting next_dagrun for example_branch_datetime_operator_3 to 2025-12-26 00:00:00+00:00, run_after=2025-12-27 00:00:00+00:00
[2025-12-27T14:17:07.036+0000] {processor.py:183} INFO - Processing /home/airflow/.local/lib/python3.12/site-packages/airflow/example_dags/example_branch_datetime_operator.py took 1.061 seconds
[2025-12-27T14:17:51.139+0000] {processor.py:161} INFO - Started process (PID=389) to work on /home/airflow/.local/lib/python3.12/site-packages/airflow/example_dags/example_branch_datetime_operator.py
[2025-12-27T14:17:51.156+0000] {processor.py:830} INFO - Processing file /home/airflow/.local/lib/python3.12/site-packages/airflow/example_dags/example_branch_datetime_operator.py for tasks to queue
[2025-12-27T14:17:51.173+0000] {logging_mixin.py:188} INFO - [2025-12-27T14:17:51.172+0000] {dagbag.py:540} INFO - Filling up the DagBag from /home/airflow/.local/lib/python3.12/site-packages/airflow/example_dags/example_branch_datetime_operator.py
[2025-12-27T14:17:51.247+0000] {processor.py:840} INFO - DAG(s) 'example_branch_datetime_operator_3', 'example_branch_datetime_operator', 'example_branch_datetime_operator_2' retrieved from /home/airflow/.local/lib/python3.12/site-packages/airflow/example_dags/example_branch_datetime_operator.py
[2025-12-27T14:17:51.441+0000] {logging_mixin.py:188} INFO - [2025-12-27T14:17:51.440+0000] {dag.py:3096} INFO - Sync 3 DAGs
[2025-12-27T14:17:51.568+0000] {logging_mixin.py:188} INFO - [2025-12-27T14:17:51.567+0000] {dag.py:3954} INFO - Setting next_dagrun for example_branch_datetime_operator to 2025-12-26 00:00:00+00:00, run_after=2025-12-27 00:00:00+00:00
[2025-12-27T14:17:51.608+0000] {logging_mixin.py:188} INFO - [2025-12-27T14:17:51.607+0000] {dag.py:3954} INFO - Setting next_dagrun for example_branch_datetime_operator_2 to 2025-12-26 00:00:00+00:00, run_after=2025-12-27 00:00:00+00:00
[2025-12-27T14:17:51.625+0000] {logging_mixin.py:188} INFO - [2025-12-27T14:17:51.624+0000] {dag.py:3954} INFO - Setting next_dagrun for example_branch_datetime_operator_3 to 2025-12-26 00:00:00+00:00, run_after=2025-12-27 00:00:00+00:00
[2025-12-27T14:17:51.792+0000] {processor.py:183} INFO - Processing /home/airflow/.local/lib/python3.12/site-packages/airflow/example_dags/example_branch_datetime_operator.py took 0.694 seconds
[2025-12-27T14:18:34.277+0000] {processor.py:161} INFO - Started process (PID=444) to work on /home/airflow/.local/lib/python3.12/site-packages/airflow/example_dags/example_branch_datetime_operator.py
[2025-12-27T14:18:34.286+0000] {processor.py:830} INFO - Processing file /home/airflow/.local/lib/python3.12/site-packages/airflow/example_dags/example_branch_datetime_operator.py for tasks to queue
[2025-12-27T14:18:34.298+0000] {logging_mixin.py:188} INFO - [2025-12-27T14:18:34.296+0000] {dagbag.py:540} INFO - Filling up the DagBag from /home/airflow/.local/lib/python3.12/site-packages/airflow/example_dags/example_branch_datetime_operator.py
[2025-12-27T14:18:34.353+0000] {processor.py:840} INFO - DAG(s) 'example_branch_datetime_operator', 'example_branch_datetime_operator_3', 'example_branch_datetime_operator_2' retrieved from /home/airflow/.local/lib/python3.12/site-packages/airflow/example_dags/example_branch_datetime_operator.py
[2025-12-27T14:18:34.511+0000] {logging_mixin.py:188} INFO - [2025-12-27T14:18:34.510+0000] {dag.py:3096} INFO - Sync 3 DAGs
[2025-12-27T14:18:34.628+0000] {logging_mixin.py:188} INFO - [2025-12-27T14:18:34.627+0000] {dag.py:3954} INFO - Setting next_dagrun for example_branch_datetime_operator to 2025-12-26 00:00:00+00:00, run_after=2025-12-27 00:00:00+00:00
[2025-12-27T14:18:34.652+0000] {logging_mixin.py:188} INFO - [2025-12-27T14:18:34.651+0000] {dag.py:3954} INFO - Setting next_dagrun for example_branch_datetime_operator_2 to 2025-12-26 00:00:00+00:00, run_after=2025-12-27 00:00:00+00:00
[2025-12-27T14:18:34.663+0000] {logging_mixin.py:188} INFO - [2025-12-27T14:18:34.663+0000] {dag.py:3954} INFO - Setting next_dagrun for example_branch_datetime_operator_3 to 2025-12-26 00:00:00+00:00, run_after=2025-12-27 00:00:00+00:00
[2025-12-27T14:18:34.764+0000] {processor.py:183} INFO - Processing /home/airflow/.local/lib/python3.12/site-packages/airflow/example_dags/example_branch_datetime_operator.py took 0.527 seconds
[2025-12-27T14:19:05.080+0000] {processor.py:161} INFO - Started process (PID=502) to work on /home/airflow/.local/lib/python3.12/site-packages/airflow/example_dags/example_branch_datetime_operator.py
[2025-12-27T14:19:05.083+0000] {processor.py:830} INFO - Processing file /home/airflow/.local/lib/python3.12/site-packages/airflow/example_dags/example_branch_datetime_operator.py for tasks to queue
[2025-12-27T14:19:05.089+0000] {logging_mixin.py:188} INFO - [2025-12-27T14:19:05.088+0000] {dagbag.py:540} INFO - Filling up the DagBag from /home/airflow/.local/lib/python3.12/site-packages/airflow/example_dags/example_branch_datetime_operator.py
[2025-12-27T14:19:05.121+0000] {processor.py:840} INFO - DAG(s) 'example_branch_datetime_operator', 'example_branch_datetime_operator_3', 'example_branch_datetime_operator_2' retrieved from /home/airflow/.local/lib/python3.12/site-packages/airflow/example_dags/example_branch_datetime_operator.py
[2025-12-27T14:19:05.228+0000] {logging_mixin.py:188} INFO - [2025-12-27T14:19:05.228+0000] {dag.py:3096} INFO - Sync 3 DAGs
[2025-12-27T14:19:05.316+0000] {logging_mixin.py:188} INFO - [2025-12-27T14:19:05.315+0000] {dag.py:3954} INFO - Setting next_dagrun for example_branch_datetime_operator to 2025-12-26 00:00:00+00:00, run_after=2025-12-27 00:00:00+00:00
[2025-12-27T14:19:05.345+0000] {logging_mixin.py:188} INFO - [2025-12-27T14:19:05.344+0000] {dag.py:3954} INFO - Setting next_dagrun for example_branch_datetime_operator_2 to 2025-12-26 00:00:00+00:00, run_after=2025-12-27 00:00:00+00:00
[2025-12-27T14:19:05.354+0000] {logging_mixin.py:188} INFO - [2025-12-27T14:19:05.353+0000] {dag.py:3954} INFO - Setting next_dagrun for example_branch_datetime_operator_3 to 2025-12-26 00:00:00+00:00, run_after=2025-12-27 00:00:00+00:00
[2025-12-27T14:19:05.420+0000] {processor.py:183} INFO - Processing /home/airflow/.local/lib/python3.12/site-packages/airflow/example_dags/example_branch_datetime_operator.py took 0.358 seconds
[2025-12-27T14:19:38.047+0000] {processor.py:161} INFO - Started process (PID=560) to work on /home/airflow/.local/lib/python3.12/site-packages/airflow/example_dags/example_branch_datetime_operator.py
[2025-12-27T14:19:38.057+0000] {processor.py:830} INFO - Processing file /home/airflow/.local/lib/python3.12/site-packages/airflow/example_dags/example_branch_datetime_operator.py for tasks to queue
[2025-12-27T14:19:38.063+0000] {logging_mixin.py:188} INFO - [2025-12-27T14:19:38.062+0000] {dagbag.py:540} INFO - Filling up the DagBag from /home/airflow/.local/lib/python3.12/site-packages/airflow/example_dags/example_branch_datetime_operator.py
[2025-12-27T14:19:38.101+0000] {processor.py:840} INFO - DAG(s) 'example_branch_datetime_operator', 'example_branch_datetime_operator_3', 'example_branch_datetime_operator_2' retrieved from /home/airflow/.local/lib/python3.12/site-packages/airflow/example_dags/example_branch_datetime_operator.py
[2025-12-27T14:19:38.178+0000] {logging_mixin.py:188} INFO - [2025-12-27T14:19:38.177+0000] {dag.py:3096} INFO - Sync 3 DAGs
[2025-12-27T14:19:38.249+0000] {logging_mixin.py:188} INFO - [2025-12-27T14:19:38.248+0000] {dag.py:3954} INFO - Setting next_dagrun for example_branch_datetime_operator to 2025-12-26 00:00:00+00:00, run_after=2025-12-27 00:00:00+00:00
[2025-12-27T14:19:38.263+0000] {logging_mixin.py:188} INFO - [2025-12-27T14:19:38.262+0000] {dag.py:3954} INFO - Setting next_dagrun for example_branch_datetime_operator_2 to 2025-12-26 00:00:00+00:00, run_after=2025-12-27 00:00:00+00:00
[2025-12-27T14:19:38.269+0000] {logging_mixin.py:188} INFO - [2025-12-27T14:19:38.268+0000] {dag.py:3954} INFO - Setting next_dagrun for example_branch_datetime_operator_3 to 2025-12-26 00:00:00+00:00, run_after=2025-12-27 00:00:00+00:00
[2025-12-27T14:19:38.335+0000] {processor.py:183} INFO - Processing /home/airflow/.local/lib/python3.12/site-packages/airflow/example_dags/example_branch_datetime_operator.py took 0.314 seconds
[2025-12-27T14:20:12.367+0000] {processor.py:161} INFO - Started process (PID=618) to work on /home/airflow/.local/lib/python3.12/site-packages/airflow/example_dags/example_branch_datetime_operator.py
[2025-12-27T14:20:12.372+0000] {processor.py:830} INFO - Processing file /home/airflow/.local/lib/python3.12/site-packages/airflow/example_dags/example_branch_datetime_operator.py for tasks to queue
[2025-12-27T14:20:12.380+0000] {logging_mixin.py:188} INFO - [2025-12-27T14:20:12.379+0000] {dagbag.py:540} INFO - Filling up the DagBag from /home/airflow/.local/lib/python3.12/site-packages/airflow/example_dags/example_branch_datetime_operator.py
[2025-12-27T14:20:12.426+0000] {processor.py:840} INFO - DAG(s) 'example_branch_datetime_operator', 'example_branch_datetime_operator_2', 'example_branch_datetime_operator_3' retrieved from /home/airflow/.local/lib/python3.12/site-packages/airflow/example_dags/example_branch_datetime_operator.py
[2025-12-27T14:20:12.613+0000] {logging_mixin.py:188} INFO - [2025-12-27T14:20:12.613+0000] {dag.py:3096} INFO - Sync 3 DAGs
[2025-12-27T14:20:12.792+0000] {logging_mixin.py:188} INFO - [2025-12-27T14:20:12.792+0000] {dag.py:3954} INFO - Setting next_dagrun for example_branch_datetime_operator to 2025-12-26 00:00:00+00:00, run_after=2025-12-27 00:00:00+00:00
[2025-12-27T14:20:12.813+0000] {logging_mixin.py:188} INFO - [2025-12-27T14:20:12.812+0000] {dag.py:3954} INFO - Setting next_dagrun for example_branch_datetime_operator_2 to 2025-12-26 00:00:00+00:00, run_after=2025-12-27 00:00:00+00:00
[2025-12-27T14:20:12.821+0000] {logging_mixin.py:188} INFO - [2025-12-27T14:20:12.820+0000] {dag.py:3954} INFO - Setting next_dagrun for example_branch_datetime_operator_3 to 2025-12-26 00:00:00+00:00, run_after=2025-12-27 00:00:00+00:00
[2025-12-27T14:20:12.877+0000] {processor.py:183} INFO - Processing /home/airflow/.local/lib/python3.12/site-packages/airflow/example_dags/example_branch_datetime_operator.py took 0.542 seconds
[2025-12-27T14:20:43.830+0000] {processor.py:161} INFO - Started process (PID=676) to work on /home/airflow/.local/lib/python3.12/site-packages/airflow/example_dags/example_branch_datetime_operator.py
[2025-12-27T14:20:43.833+0000] {processor.py:830} INFO - Processing file /home/airflow/.local/lib/python3.12/site-packages/airflow/example_dags/example_branch_datetime_operator.py for tasks to queue
[2025-12-27T14:20:43.839+0000] {logging_mixin.py:188} INFO - [2025-12-27T14:20:43.838+0000] {dagbag.py:540} INFO - Filling up the DagBag from /home/airflow/.local/lib/python3.12/site-packages/airflow/example_dags/example_branch_datetime_operator.py
[2025-12-27T14:20:43.869+0000] {processor.py:840} INFO - DAG(s) 'example_branch_datetime_operator', 'example_branch_datetime_operator_3', 'example_branch_datetime_operator_2' retrieved from /home/airflow/.local/lib/python3.12/site-packages/airflow/example_dags/example_branch_datetime_operator.py
[2025-12-27T14:20:43.956+0000] {logging_mixin.py:188} INFO - [2025-12-27T14:20:43.955+0000] {dag.py:3096} INFO - Sync 3 DAGs
[2025-12-27T14:20:44.073+0000] {logging_mixin.py:188} INFO - [2025-12-27T14:20:44.072+0000] {dag.py:3954} INFO - Setting next_dagrun for example_branch_datetime_operator to 2025-12-26 00:00:00+00:00, run_after=2025-12-27 00:00:00+00:00
[2025-12-27T14:20:44.092+0000] {logging_mixin.py:188} INFO - [2025-12-27T14:20:44.091+0000] {dag.py:3954} INFO - Setting next_dagrun for example_branch_datetime_operator_2 to 2025-12-26 00:00:00+00:00, run_after=2025-12-27 00:00:00+00:00
[2025-12-27T14:20:44.099+0000] {logging_mixin.py:188} INFO - [2025-12-27T14:20:44.099+0000] {dag.py:3954} INFO - Setting next_dagrun for example_branch_datetime_operator_3 to 2025-12-26 00:00:00+00:00, run_after=2025-12-27 00:00:00+00:00
[2025-12-27T14:20:44.164+0000] {processor.py:183} INFO - Processing /home/airflow/.local/lib/python3.12/site-packages/airflow/example_dags/example_branch_datetime_operator.py took 0.352 seconds
[2025-12-27T14:21:30.330+0000] {processor.py:161} INFO - Started process (PID=740) to work on /home/airflow/.local/lib/python3.12/site-packages/airflow/example_dags/example_branch_datetime_operator.py
[2025-12-27T14:21:30.345+0000] {processor.py:830} INFO - Processing file /home/airflow/.local/lib/python3.12/site-packages/airflow/example_dags/example_branch_datetime_operator.py for tasks to queue
[2025-12-27T14:21:30.365+0000] {logging_mixin.py:188} INFO - [2025-12-27T14:21:30.363+0000] {dagbag.py:540} INFO - Filling up the DagBag from /home/airflow/.local/lib/python3.12/site-packages/airflow/example_dags/example_branch_datetime_operator.py
[2025-12-27T14:21:30.503+0000] {processor.py:840} INFO - DAG(s) 'example_branch_datetime_operator_3', 'example_branch_datetime_operator_2', 'example_branch_datetime_operator' retrieved from /home/airflow/.local/lib/python3.12/site-packages/airflow/example_dags/example_branch_datetime_operator.py
[2025-12-27T14:21:30.634+0000] {logging_mixin.py:188} INFO - [2025-12-27T14:21:30.634+0000] {dag.py:3096} INFO - Sync 3 DAGs
[2025-12-27T14:21:30.917+0000] {logging_mixin.py:188} INFO - [2025-12-27T14:21:30.916+0000] {dag.py:3954} INFO - Setting next_dagrun for example_branch_datetime_operator to 2025-12-26 00:00:00+00:00, run_after=2025-12-27 00:00:00+00:00
[2025-12-27T14:21:30.946+0000] {logging_mixin.py:188} INFO - [2025-12-27T14:21:30.943+0000] {dag.py:3954} INFO - Setting next_dagrun for example_branch_datetime_operator_2 to 2025-12-26 00:00:00+00:00, run_after=2025-12-27 00:00:00+00:00
[2025-12-27T14:21:30.957+0000] {logging_mixin.py:188} INFO - [2025-12-27T14:21:30.956+0000] {dag.py:3954} INFO - Setting next_dagrun for example_branch_datetime_operator_3 to 2025-12-26 00:00:00+00:00, run_after=2025-12-27 00:00:00+00:00
[2025-12-27T14:21:31.036+0000] {processor.py:183} INFO - Processing /home/airflow/.local/lib/python3.12/site-packages/airflow/example_dags/example_branch_datetime_operator.py took 0.756 seconds
[2025-12-27T14:22:02.993+0000] {processor.py:161} INFO - Started process (PID=798) to work on /home/airflow/.local/lib/python3.12/site-packages/airflow/example_dags/example_branch_datetime_operator.py
[2025-12-27T14:22:03.001+0000] {processor.py:830} INFO - Processing file /home/airflow/.local/lib/python3.12/site-packages/airflow/example_dags/example_branch_datetime_operator.py for tasks to queue
[2025-12-27T14:22:03.014+0000] {logging_mixin.py:188} INFO - [2025-12-27T14:22:03.012+0000] {dagbag.py:540} INFO - Filling up the DagBag from /home/airflow/.local/lib/python3.12/site-packages/airflow/example_dags/example_branch_datetime_operator.py
[2025-12-27T14:22:03.122+0000] {processor.py:840} INFO - DAG(s) 'example_branch_datetime_operator_3', 'example_branch_datetime_operator_2', 'example_branch_datetime_operator' retrieved from /home/airflow/.local/lib/python3.12/site-packages/airflow/example_dags/example_branch_datetime_operator.py
[2025-12-27T14:22:03.498+0000] {logging_mixin.py:188} INFO - [2025-12-27T14:22:03.497+0000] {dag.py:3096} INFO - Sync 3 DAGs
[2025-12-27T14:22:03.794+0000] {logging_mixin.py:188} INFO - [2025-12-27T14:22:03.793+0000] {dag.py:3954} INFO - Setting next_dagrun for example_branch_datetime_operator to 2025-12-26 00:00:00+00:00, run_after=2025-12-27 00:00:00+00:00
[2025-12-27T14:22:03.841+0000] {logging_mixin.py:188} INFO - [2025-12-27T14:22:03.839+0000] {dag.py:3954} INFO - Setting next_dagrun for example_branch_datetime_operator_2 to 2025-12-26 00:00:00+00:00, run_after=2025-12-27 00:00:00+00:00
[2025-12-27T14:22:03.855+0000] {logging_mixin.py:188} INFO - [2025-12-27T14:22:03.854+0000] {dag.py:3954} INFO - Setting next_dagrun for example_branch_datetime_operator_3 to 2025-12-26 00:00:00+00:00, run_after=2025-12-27 00:00:00+00:00
[2025-12-27T14:22:04.114+0000] {processor.py:183} INFO - Processing /home/airflow/.local/lib/python3.12/site-packages/airflow/example_dags/example_branch_datetime_operator.py took 1.173 seconds
[2025-12-27T14:23:23.245+0000] {processor.py:161} INFO - Started process (PID=860) to work on /home/airflow/.local/lib/python3.12/site-packages/airflow/example_dags/example_branch_datetime_operator.py
[2025-12-27T14:23:23.269+0000] {processor.py:830} INFO - Processing file /home/airflow/.local/lib/python3.12/site-packages/airflow/example_dags/example_branch_datetime_operator.py for tasks to queue
[2025-12-27T14:23:23.346+0000] {logging_mixin.py:188} INFO - [2025-12-27T14:23:23.336+0000] {dagbag.py:540} INFO - Filling up the DagBag from /home/airflow/.local/lib/python3.12/site-packages/airflow/example_dags/example_branch_datetime_operator.py
[2025-12-27T14:23:23.596+0000] {processor.py:840} INFO - DAG(s) 'example_branch_datetime_operator_2', 'example_branch_datetime_operator', 'example_branch_datetime_operator_3' retrieved from /home/airflow/.local/lib/python3.12/site-packages/airflow/example_dags/example_branch_datetime_operator.py
[2025-12-27T14:23:24.985+0000] {logging_mixin.py:188} INFO - [2025-12-27T14:23:24.982+0000] {dag.py:3096} INFO - Sync 3 DAGs
[2025-12-27T14:23:26.354+0000] {logging_mixin.py:188} INFO - [2025-12-27T14:23:26.353+0000] {dag.py:3954} INFO - Setting next_dagrun for example_branch_datetime_operator to 2025-12-26 00:00:00+00:00, run_after=2025-12-27 00:00:00+00:00
[2025-12-27T14:23:26.446+0000] {logging_mixin.py:188} INFO - [2025-12-27T14:23:26.444+0000] {dag.py:3954} INFO - Setting next_dagrun for example_branch_datetime_operator_2 to 2025-12-26 00:00:00+00:00, run_after=2025-12-27 00:00:00+00:00
[2025-12-27T14:23:26.486+0000] {logging_mixin.py:188} INFO - [2025-12-27T14:23:26.485+0000] {dag.py:3954} INFO - Setting next_dagrun for example_branch_datetime_operator_3 to 2025-12-26 00:00:00+00:00, run_after=2025-12-27 00:00:00+00:00
[2025-12-27T14:23:27.322+0000] {processor.py:183} INFO - Processing /home/airflow/.local/lib/python3.12/site-packages/airflow/example_dags/example_branch_datetime_operator.py took 4.262 seconds
[2025-12-27T14:24:24.024+0000] {processor.py:161} INFO - Started process (PID=925) to work on /home/airflow/.local/lib/python3.12/site-packages/airflow/example_dags/example_branch_datetime_operator.py
[2025-12-27T14:24:24.027+0000] {processor.py:830} INFO - Processing file /home/airflow/.local/lib/python3.12/site-packages/airflow/example_dags/example_branch_datetime_operator.py for tasks to queue
[2025-12-27T14:24:24.032+0000] {logging_mixin.py:188} INFO - [2025-12-27T14:24:24.031+0000] {dagbag.py:540} INFO - Filling up the DagBag from /home/airflow/.local/lib/python3.12/site-packages/airflow/example_dags/example_branch_datetime_operator.py
[2025-12-27T14:24:24.073+0000] {processor.py:840} INFO - DAG(s) 'example_branch_datetime_operator', 'example_branch_datetime_operator_2', 'example_branch_datetime_operator_3' retrieved from /home/airflow/.local/lib/python3.12/site-packages/airflow/example_dags/example_branch_datetime_operator.py
[2025-12-27T14:24:24.166+0000] {logging_mixin.py:188} INFO - [2025-12-27T14:24:24.165+0000] {dag.py:3096} INFO - Sync 3 DAGs
[2025-12-27T14:24:24.242+0000] {logging_mixin.py:188} INFO - [2025-12-27T14:24:24.241+0000] {dag.py:3954} INFO - Setting next_dagrun for example_branch_datetime_operator to 2025-12-26 00:00:00+00:00, run_after=2025-12-27 00:00:00+00:00
[2025-12-27T14:24:24.255+0000] {logging_mixin.py:188} INFO - [2025-12-27T14:24:24.255+0000] {dag.py:3954} INFO - Setting next_dagrun for example_branch_datetime_operator_2 to 2025-12-26 00:00:00+00:00, run_after=2025-12-27 00:00:00+00:00
[2025-12-27T14:24:24.263+0000] {logging_mixin.py:188} INFO - [2025-12-27T14:24:24.262+0000] {dag.py:3954} INFO - Setting next_dagrun for example_branch_datetime_operator_3 to 2025-12-26 00:00:00+00:00, run_after=2025-12-27 00:00:00+00:00
[2025-12-27T14:24:24.320+0000] {processor.py:183} INFO - Processing /home/airflow/.local/lib/python3.12/site-packages/airflow/example_dags/example_branch_datetime_operator.py took 0.318 seconds
[2025-12-27T14:25:08.969+0000] {processor.py:161} INFO - Started process (PID=998) to work on /home/airflow/.local/lib/python3.12/site-packages/airflow/example_dags/example_branch_datetime_operator.py
[2025-12-27T14:25:08.973+0000] {processor.py:830} INFO - Processing file /home/airflow/.local/lib/python3.12/site-packages/airflow/example_dags/example_branch_datetime_operator.py for tasks to queue
[2025-12-27T14:25:08.980+0000] {logging_mixin.py:188} INFO - [2025-12-27T14:25:08.977+0000] {dagbag.py:540} INFO - Filling up the DagBag from /home/airflow/.local/lib/python3.12/site-packages/airflow/example_dags/example_branch_datetime_operator.py
[2025-12-27T14:25:09.024+0000] {processor.py:840} INFO - DAG(s) 'example_branch_datetime_operator_2', 'example_branch_datetime_operator_3', 'example_branch_datetime_operator' retrieved from /home/airflow/.local/lib/python3.12/site-packages/airflow/example_dags/example_branch_datetime_operator.py
[2025-12-27T14:25:09.152+0000] {logging_mixin.py:188} INFO - [2025-12-27T14:25:09.151+0000] {dag.py:3096} INFO - Sync 3 DAGs
[2025-12-27T14:25:09.261+0000] {logging_mixin.py:188} INFO - [2025-12-27T14:25:09.260+0000] {dag.py:3954} INFO - Setting next_dagrun for example_branch_datetime_operator to 2025-12-26 00:00:00+00:00, run_after=2025-12-27 00:00:00+00:00
[2025-12-27T14:25:09.286+0000] {logging_mixin.py:188} INFO - [2025-12-27T14:25:09.285+0000] {dag.py:3954} INFO - Setting next_dagrun for example_branch_datetime_operator_2 to 2025-12-26 00:00:00+00:00, run_after=2025-12-27 00:00:00+00:00
[2025-12-27T14:25:09.308+0000] {logging_mixin.py:188} INFO - [2025-12-27T14:25:09.307+0000] {dag.py:3954} INFO - Setting next_dagrun for example_branch_datetime_operator_3 to 2025-12-26 00:00:00+00:00, run_after=2025-12-27 00:00:00+00:00
[2025-12-27T14:25:09.393+0000] {processor.py:183} INFO - Processing /home/airflow/.local/lib/python3.12/site-packages/airflow/example_dags/example_branch_datetime_operator.py took 0.447 seconds
[2025-12-27T14:26:23.663+0000] {processor.py:161} INFO - Started process (PID=1069) to work on /home/airflow/.local/lib/python3.12/site-packages/airflow/example_dags/example_branch_datetime_operator.py
[2025-12-27T14:26:23.667+0000] {processor.py:830} INFO - Processing file /home/airflow/.local/lib/python3.12/site-packages/airflow/example_dags/example_branch_datetime_operator.py for tasks to queue
[2025-12-27T14:26:23.671+0000] {logging_mixin.py:188} INFO - [2025-12-27T14:26:23.669+0000] {dagbag.py:540} INFO - Filling up the DagBag from /home/airflow/.local/lib/python3.12/site-packages/airflow/example_dags/example_branch_datetime_operator.py
[2025-12-27T14:26:23.739+0000] {processor.py:840} INFO - DAG(s) 'example_branch_datetime_operator_2', 'example_branch_datetime_operator_3', 'example_branch_datetime_operator' retrieved from /home/airflow/.local/lib/python3.12/site-packages/airflow/example_dags/example_branch_datetime_operator.py
[2025-12-27T14:26:24.061+0000] {logging_mixin.py:188} INFO - [2025-12-27T14:26:24.060+0000] {dag.py:3096} INFO - Sync 3 DAGs
[2025-12-27T14:26:24.196+0000] {logging_mixin.py:188} INFO - [2025-12-27T14:26:24.195+0000] {dag.py:3954} INFO - Setting next_dagrun for example_branch_datetime_operator to 2025-12-26 00:00:00+00:00, run_after=2025-12-27 00:00:00+00:00
[2025-12-27T14:26:24.239+0000] {logging_mixin.py:188} INFO - [2025-12-27T14:26:24.238+0000] {dag.py:3954} INFO - Setting next_dagrun for example_branch_datetime_operator_2 to 2025-12-26 00:00:00+00:00, run_after=2025-12-27 00:00:00+00:00
[2025-12-27T14:26:24.253+0000] {logging_mixin.py:188} INFO - [2025-12-27T14:26:24.252+0000] {dag.py:3954} INFO - Setting next_dagrun for example_branch_datetime_operator_3 to 2025-12-26 00:00:00+00:00, run_after=2025-12-27 00:00:00+00:00
[2025-12-27T14:26:24.351+0000] {processor.py:183} INFO - Processing /home/airflow/.local/lib/python3.12/site-packages/airflow/example_dags/example_branch_datetime_operator.py took 0.708 seconds
[2025-12-27T14:27:09.732+0000] {processor.py:161} INFO - Started process (PID=1125) to work on /home/airflow/.local/lib/python3.12/site-packages/airflow/example_dags/example_branch_datetime_operator.py
[2025-12-27T14:27:09.744+0000] {processor.py:830} INFO - Processing file /home/airflow/.local/lib/python3.12/site-packages/airflow/example_dags/example_branch_datetime_operator.py for tasks to queue
[2025-12-27T14:27:09.763+0000] {logging_mixin.py:188} INFO - [2025-12-27T14:27:09.761+0000] {dagbag.py:540} INFO - Filling up the DagBag from /home/airflow/.local/lib/python3.12/site-packages/airflow/example_dags/example_branch_datetime_operator.py
[2025-12-27T14:27:09.979+0000] {processor.py:840} INFO - DAG(s) 'example_branch_datetime_operator_3', 'example_branch_datetime_operator_2', 'example_branch_datetime_operator' retrieved from /home/airflow/.local/lib/python3.12/site-packages/airflow/example_dags/example_branch_datetime_operator.py
[2025-12-27T14:27:10.481+0000] {logging_mixin.py:188} INFO - [2025-12-27T14:27:10.478+0000] {dag.py:3096} INFO - Sync 3 DAGs
[2025-12-27T14:27:12.125+0000] {logging_mixin.py:188} INFO - [2025-12-27T14:27:12.113+0000] {dag.py:3954} INFO - Setting next_dagrun for example_branch_datetime_operator to 2025-12-26 00:00:00+00:00, run_after=2025-12-27 00:00:00+00:00
[2025-12-27T14:27:12.181+0000] {logging_mixin.py:188} INFO - [2025-12-27T14:27:12.180+0000] {dag.py:3954} INFO - Setting next_dagrun for example_branch_datetime_operator_2 to 2025-12-26 00:00:00+00:00, run_after=2025-12-27 00:00:00+00:00
[2025-12-27T14:27:12.206+0000] {logging_mixin.py:188} INFO - [2025-12-27T14:27:12.205+0000] {dag.py:3954} INFO - Setting next_dagrun for example_branch_datetime_operator_3 to 2025-12-26 00:00:00+00:00, run_after=2025-12-27 00:00:00+00:00
[2025-12-27T14:27:12.393+0000] {processor.py:183} INFO - Processing /home/airflow/.local/lib/python3.12/site-packages/airflow/example_dags/example_branch_datetime_operator.py took 2.725 seconds
[2025-12-27T14:27:53.360+0000] {processor.py:161} INFO - Started process (PID=1189) to work on /home/airflow/.local/lib/python3.12/site-packages/airflow/example_dags/example_branch_datetime_operator.py
[2025-12-27T14:27:53.363+0000] {processor.py:830} INFO - Processing file /home/airflow/.local/lib/python3.12/site-packages/airflow/example_dags/example_branch_datetime_operator.py for tasks to queue
[2025-12-27T14:27:53.369+0000] {logging_mixin.py:188} INFO - [2025-12-27T14:27:53.366+0000] {dagbag.py:540} INFO - Filling up the DagBag from /home/airflow/.local/lib/python3.12/site-packages/airflow/example_dags/example_branch_datetime_operator.py
[2025-12-27T14:27:53.412+0000] {processor.py:840} INFO - DAG(s) 'example_branch_datetime_operator_2', 'example_branch_datetime_operator_3', 'example_branch_datetime_operator' retrieved from /home/airflow/.local/lib/python3.12/site-packages/airflow/example_dags/example_branch_datetime_operator.py
[2025-12-27T14:27:53.509+0000] {logging_mixin.py:188} INFO - [2025-12-27T14:27:53.508+0000] {dag.py:3096} INFO - Sync 3 DAGs
[2025-12-27T14:27:53.590+0000] {logging_mixin.py:188} INFO - [2025-12-27T14:27:53.590+0000] {dag.py:3954} INFO - Setting next_dagrun for example_branch_datetime_operator to 2025-12-26 00:00:00+00:00, run_after=2025-12-27 00:00:00+00:00
[2025-12-27T14:27:53.603+0000] {logging_mixin.py:188} INFO - [2025-12-27T14:27:53.603+0000] {dag.py:3954} INFO - Setting next_dagrun for example_branch_datetime_operator_2 to 2025-12-26 00:00:00+00:00, run_after=2025-12-27 00:00:00+00:00
[2025-12-27T14:27:53.612+0000] {logging_mixin.py:188} INFO - [2025-12-27T14:27:53.611+0000] {dag.py:3954} INFO - Setting next_dagrun for example_branch_datetime_operator_3 to 2025-12-26 00:00:00+00:00, run_after=2025-12-27 00:00:00+00:00
[2025-12-27T14:27:53.661+0000] {processor.py:183} INFO - Processing /home/airflow/.local/lib/python3.12/site-packages/airflow/example_dags/example_branch_datetime_operator.py took 0.331 seconds
[2025-12-27T14:28:24.023+0000] {processor.py:161} INFO - Started process (PID=1247) to work on /home/airflow/.local/lib/python3.12/site-packages/airflow/example_dags/example_branch_datetime_operator.py
[2025-12-27T14:28:24.028+0000] {processor.py:830} INFO - Processing file /home/airflow/.local/lib/python3.12/site-packages/airflow/example_dags/example_branch_datetime_operator.py for tasks to queue
[2025-12-27T14:28:24.031+0000] {logging_mixin.py:188} INFO - [2025-12-27T14:28:24.030+0000] {dagbag.py:540} INFO - Filling up the DagBag from /home/airflow/.local/lib/python3.12/site-packages/airflow/example_dags/example_branch_datetime_operator.py
[2025-12-27T14:28:24.065+0000] {processor.py:840} INFO - DAG(s) 'example_branch_datetime_operator', 'example_branch_datetime_operator_3', 'example_branch_datetime_operator_2' retrieved from /home/airflow/.local/lib/python3.12/site-packages/airflow/example_dags/example_branch_datetime_operator.py
[2025-12-27T14:28:24.148+0000] {logging_mixin.py:188} INFO - [2025-12-27T14:28:24.148+0000] {dag.py:3096} INFO - Sync 3 DAGs
[2025-12-27T14:28:24.213+0000] {logging_mixin.py:188} INFO - [2025-12-27T14:28:24.213+0000] {dag.py:3954} INFO - Setting next_dagrun for example_branch_datetime_operator to 2025-12-26 00:00:00+00:00, run_after=2025-12-27 00:00:00+00:00
[2025-12-27T14:28:24.229+0000] {logging_mixin.py:188} INFO - [2025-12-27T14:28:24.228+0000] {dag.py:3954} INFO - Setting next_dagrun for example_branch_datetime_operator_2 to 2025-12-26 00:00:00+00:00, run_after=2025-12-27 00:00:00+00:00
[2025-12-27T14:28:24.240+0000] {logging_mixin.py:188} INFO - [2025-12-27T14:28:24.238+0000] {dag.py:3954} INFO - Setting next_dagrun for example_branch_datetime_operator_3 to 2025-12-26 00:00:00+00:00, run_after=2025-12-27 00:00:00+00:00
[2025-12-27T14:28:24.292+0000] {processor.py:183} INFO - Processing /home/airflow/.local/lib/python3.12/site-packages/airflow/example_dags/example_branch_datetime_operator.py took 0.288 seconds
[2025-12-27T14:28:55.768+0000] {processor.py:161} INFO - Started process (PID=1305) to work on /home/airflow/.local/lib/python3.12/site-packages/airflow/example_dags/example_branch_datetime_operator.py
[2025-12-27T14:28:55.777+0000] {processor.py:830} INFO - Processing file /home/airflow/.local/lib/python3.12/site-packages/airflow/example_dags/example_branch_datetime_operator.py for tasks to queue
[2025-12-27T14:28:55.781+0000] {logging_mixin.py:188} INFO - [2025-12-27T14:28:55.780+0000] {dagbag.py:540} INFO - Filling up the DagBag from /home/airflow/.local/lib/python3.12/site-packages/airflow/example_dags/example_branch_datetime_operator.py
[2025-12-27T14:28:55.846+0000] {processor.py:840} INFO - DAG(s) 'example_branch_datetime_operator', 'example_branch_datetime_operator_2', 'example_branch_datetime_operator_3' retrieved from /home/airflow/.local/lib/python3.12/site-packages/airflow/example_dags/example_branch_datetime_operator.py
[2025-12-27T14:28:56.020+0000] {logging_mixin.py:188} INFO - [2025-12-27T14:28:56.019+0000] {dag.py:3096} INFO - Sync 3 DAGs
[2025-12-27T14:28:56.248+0000] {logging_mixin.py:188} INFO - [2025-12-27T14:28:56.247+0000] {dag.py:3954} INFO - Setting next_dagrun for example_branch_datetime_operator to 2025-12-26 00:00:00+00:00, run_after=2025-12-27 00:00:00+00:00
[2025-12-27T14:28:56.310+0000] {logging_mixin.py:188} INFO - [2025-12-27T14:28:56.309+0000] {dag.py:3954} INFO - Setting next_dagrun for example_branch_datetime_operator_2 to 2025-12-26 00:00:00+00:00, run_after=2025-12-27 00:00:00+00:00
[2025-12-27T14:28:56.346+0000] {logging_mixin.py:188} INFO - [2025-12-27T14:28:56.342+0000] {dag.py:3954} INFO - Setting next_dagrun for example_branch_datetime_operator_3 to 2025-12-26 00:00:00+00:00, run_after=2025-12-27 00:00:00+00:00
[2025-12-27T14:28:56.460+0000] {processor.py:183} INFO - Processing /home/airflow/.local/lib/python3.12/site-packages/airflow/example_dags/example_branch_datetime_operator.py took 0.721 seconds
[2025-12-27T14:29:29.748+0000] {processor.py:161} INFO - Started process (PID=1363) to work on /home/airflow/.local/lib/python3.12/site-packages/airflow/example_dags/example_branch_datetime_operator.py
[2025-12-27T14:29:29.754+0000] {processor.py:830} INFO - Processing file /home/airflow/.local/lib/python3.12/site-packages/airflow/example_dags/example_branch_datetime_operator.py for tasks to queue
[2025-12-27T14:29:29.758+0000] {logging_mixin.py:188} INFO - [2025-12-27T14:29:29.757+0000] {dagbag.py:540} INFO - Filling up the DagBag from /home/airflow/.local/lib/python3.12/site-packages/airflow/example_dags/example_branch_datetime_operator.py
[2025-12-27T14:29:29.814+0000] {processor.py:840} INFO - DAG(s) 'example_branch_datetime_operator_2', 'example_branch_datetime_operator_3', 'example_branch_datetime_operator' retrieved from /home/airflow/.local/lib/python3.12/site-packages/airflow/example_dags/example_branch_datetime_operator.py
[2025-12-27T14:29:29.978+0000] {logging_mixin.py:188} INFO - [2025-12-27T14:29:29.977+0000] {dag.py:3096} INFO - Sync 3 DAGs
[2025-12-27T14:29:30.198+0000] {logging_mixin.py:188} INFO - [2025-12-27T14:29:30.195+0000] {dag.py:3954} INFO - Setting next_dagrun for example_branch_datetime_operator to 2025-12-26 00:00:00+00:00, run_after=2025-12-27 00:00:00+00:00
[2025-12-27T14:29:30.245+0000] {logging_mixin.py:188} INFO - [2025-12-27T14:29:30.244+0000] {dag.py:3954} INFO - Setting next_dagrun for example_branch_datetime_operator_2 to 2025-12-26 00:00:00+00:00, run_after=2025-12-27 00:00:00+00:00
[2025-12-27T14:29:30.265+0000] {logging_mixin.py:188} INFO - [2025-12-27T14:29:30.264+0000] {dag.py:3954} INFO - Setting next_dagrun for example_branch_datetime_operator_3 to 2025-12-26 00:00:00+00:00, run_after=2025-12-27 00:00:00+00:00
[2025-12-27T14:29:30.348+0000] {processor.py:183} INFO - Processing /home/airflow/.local/lib/python3.12/site-packages/airflow/example_dags/example_branch_datetime_operator.py took 0.640 seconds
[2025-12-27T14:30:12.144+0000] {processor.py:161} INFO - Started process (PID=1425) to work on /home/airflow/.local/lib/python3.12/site-packages/airflow/example_dags/example_branch_datetime_operator.py
[2025-12-27T14:30:12.150+0000] {processor.py:830} INFO - Processing file /home/airflow/.local/lib/python3.12/site-packages/airflow/example_dags/example_branch_datetime_operator.py for tasks to queue
[2025-12-27T14:30:12.156+0000] {logging_mixin.py:188} INFO - [2025-12-27T14:30:12.154+0000] {dagbag.py:540} INFO - Filling up the DagBag from /home/airflow/.local/lib/python3.12/site-packages/airflow/example_dags/example_branch_datetime_operator.py
[2025-12-27T14:30:12.206+0000] {processor.py:840} INFO - DAG(s) 'example_branch_datetime_operator_3', 'example_branch_datetime_operator', 'example_branch_datetime_operator_2' retrieved from /home/airflow/.local/lib/python3.12/site-packages/airflow/example_dags/example_branch_datetime_operator.py
[2025-12-27T14:30:12.318+0000] {logging_mixin.py:188} INFO - [2025-12-27T14:30:12.317+0000] {dag.py:3096} INFO - Sync 3 DAGs
[2025-12-27T14:30:12.410+0000] {logging_mixin.py:188} INFO - [2025-12-27T14:30:12.410+0000] {dag.py:3954} INFO - Setting next_dagrun for example_branch_datetime_operator to 2025-12-26 00:00:00+00:00, run_after=2025-12-27 00:00:00+00:00
[2025-12-27T14:30:12.427+0000] {logging_mixin.py:188} INFO - [2025-12-27T14:30:12.427+0000] {dag.py:3954} INFO - Setting next_dagrun for example_branch_datetime_operator_2 to 2025-12-26 00:00:00+00:00, run_after=2025-12-27 00:00:00+00:00
[2025-12-27T14:30:12.439+0000] {logging_mixin.py:188} INFO - [2025-12-27T14:30:12.438+0000] {dag.py:3954} INFO - Setting next_dagrun for example_branch_datetime_operator_3 to 2025-12-26 00:00:00+00:00, run_after=2025-12-27 00:00:00+00:00
[2025-12-27T14:30:12.543+0000] {processor.py:183} INFO - Processing /home/airflow/.local/lib/python3.12/site-packages/airflow/example_dags/example_branch_datetime_operator.py took 0.432 seconds
[2025-12-27T14:30:42.933+0000] {processor.py:161} INFO - Started process (PID=1484) to work on /home/airflow/.local/lib/python3.12/site-packages/airflow/example_dags/example_branch_datetime_operator.py
[2025-12-27T14:30:42.936+0000] {processor.py:830} INFO - Processing file /home/airflow/.local/lib/python3.12/site-packages/airflow/example_dags/example_branch_datetime_operator.py for tasks to queue
[2025-12-27T14:30:42.939+0000] {logging_mixin.py:188} INFO - [2025-12-27T14:30:42.938+0000] {dagbag.py:540} INFO - Filling up the DagBag from /home/airflow/.local/lib/python3.12/site-packages/airflow/example_dags/example_branch_datetime_operator.py
[2025-12-27T14:30:42.978+0000] {processor.py:840} INFO - DAG(s) 'example_branch_datetime_operator', 'example_branch_datetime_operator_2', 'example_branch_datetime_operator_3' retrieved from /home/airflow/.local/lib/python3.12/site-packages/airflow/example_dags/example_branch_datetime_operator.py
[2025-12-27T14:30:43.063+0000] {logging_mixin.py:188} INFO - [2025-12-27T14:30:43.063+0000] {dag.py:3096} INFO - Sync 3 DAGs
[2025-12-27T14:30:43.135+0000] {logging_mixin.py:188} INFO - [2025-12-27T14:30:43.135+0000] {dag.py:3954} INFO - Setting next_dagrun for example_branch_datetime_operator to 2025-12-26 00:00:00+00:00, run_after=2025-12-27 00:00:00+00:00
[2025-12-27T14:30:43.148+0000] {logging_mixin.py:188} INFO - [2025-12-27T14:30:43.148+0000] {dag.py:3954} INFO - Setting next_dagrun for example_branch_datetime_operator_2 to 2025-12-26 00:00:00+00:00, run_after=2025-12-27 00:00:00+00:00
[2025-12-27T14:30:43.158+0000] {logging_mixin.py:188} INFO - [2025-12-27T14:30:43.157+0000] {dag.py:3954} INFO - Setting next_dagrun for example_branch_datetime_operator_3 to 2025-12-26 00:00:00+00:00, run_after=2025-12-27 00:00:00+00:00
[2025-12-27T14:30:43.212+0000] {processor.py:183} INFO - Processing /home/airflow/.local/lib/python3.12/site-packages/airflow/example_dags/example_branch_datetime_operator.py took 0.295 seconds
[2025-12-27T14:31:13.553+0000] {processor.py:161} INFO - Started process (PID=1542) to work on /home/airflow/.local/lib/python3.12/site-packages/airflow/example_dags/example_branch_datetime_operator.py
[2025-12-27T14:31:13.556+0000] {processor.py:830} INFO - Processing file /home/airflow/.local/lib/python3.12/site-packages/airflow/example_dags/example_branch_datetime_operator.py for tasks to queue
[2025-12-27T14:31:13.560+0000] {logging_mixin.py:188} INFO - [2025-12-27T14:31:13.559+0000] {dagbag.py:540} INFO - Filling up the DagBag from /home/airflow/.local/lib/python3.12/site-packages/airflow/example_dags/example_branch_datetime_operator.py
[2025-12-27T14:31:13.597+0000] {processor.py:840} INFO - DAG(s) 'example_branch_datetime_operator', 'example_branch_datetime_operator_3', 'example_branch_datetime_operator_2' retrieved from /home/airflow/.local/lib/python3.12/site-packages/airflow/example_dags/example_branch_datetime_operator.py
[2025-12-27T14:31:13.700+0000] {logging_mixin.py:188} INFO - [2025-12-27T14:31:13.699+0000] {dag.py:3096} INFO - Sync 3 DAGs
[2025-12-27T14:31:13.765+0000] {logging_mixin.py:188} INFO - [2025-12-27T14:31:13.764+0000] {dag.py:3954} INFO - Setting next_dagrun for example_branch_datetime_operator to 2025-12-26 00:00:00+00:00, run_after=2025-12-27 00:00:00+00:00
[2025-12-27T14:31:13.779+0000] {logging_mixin.py:188} INFO - [2025-12-27T14:31:13.778+0000] {dag.py:3954} INFO - Setting next_dagrun for example_branch_datetime_operator_2 to 2025-12-26 00:00:00+00:00, run_after=2025-12-27 00:00:00+00:00
[2025-12-27T14:31:13.785+0000] {logging_mixin.py:188} INFO - [2025-12-27T14:31:13.785+0000] {dag.py:3954} INFO - Setting next_dagrun for example_branch_datetime_operator_3 to 2025-12-26 00:00:00+00:00, run_after=2025-12-27 00:00:00+00:00
[2025-12-27T14:31:13.835+0000] {processor.py:183} INFO - Processing /home/airflow/.local/lib/python3.12/site-packages/airflow/example_dags/example_branch_datetime_operator.py took 0.304 seconds
[2025-12-27T14:31:44.115+0000] {processor.py:161} INFO - Started process (PID=1600) to work on /home/airflow/.local/lib/python3.12/site-packages/airflow/example_dags/example_branch_datetime_operator.py
[2025-12-27T14:31:44.118+0000] {processor.py:830} INFO - Processing file /home/airflow/.local/lib/python3.12/site-packages/airflow/example_dags/example_branch_datetime_operator.py for tasks to queue
[2025-12-27T14:31:44.121+0000] {logging_mixin.py:188} INFO - [2025-12-27T14:31:44.120+0000] {dagbag.py:540} INFO - Filling up the DagBag from /home/airflow/.local/lib/python3.12/site-packages/airflow/example_dags/example_branch_datetime_operator.py
[2025-12-27T14:31:44.156+0000] {processor.py:840} INFO - DAG(s) 'example_branch_datetime_operator_2', 'example_branch_datetime_operator_3', 'example_branch_datetime_operator' retrieved from /home/airflow/.local/lib/python3.12/site-packages/airflow/example_dags/example_branch_datetime_operator.py
[2025-12-27T14:31:44.274+0000] {logging_mixin.py:188} INFO - [2025-12-27T14:31:44.274+0000] {dag.py:3096} INFO - Sync 3 DAGs
[2025-12-27T14:31:44.399+0000] {logging_mixin.py:188} INFO - [2025-12-27T14:31:44.398+0000] {dag.py:3954} INFO - Setting next_dagrun for example_branch_datetime_operator to 2025-12-26 00:00:00+00:00, run_after=2025-12-27 00:00:00+00:00
[2025-12-27T14:31:44.439+0000] {logging_mixin.py:188} INFO - [2025-12-27T14:31:44.438+0000] {dag.py:3954} INFO - Setting next_dagrun for example_branch_datetime_operator_2 to 2025-12-26 00:00:00+00:00, run_after=2025-12-27 00:00:00+00:00
[2025-12-27T14:31:44.454+0000] {logging_mixin.py:188} INFO - [2025-12-27T14:31:44.453+0000] {dag.py:3954} INFO - Setting next_dagrun for example_branch_datetime_operator_3 to 2025-12-26 00:00:00+00:00, run_after=2025-12-27 00:00:00+00:00
[2025-12-27T14:31:44.609+0000] {processor.py:183} INFO - Processing /home/airflow/.local/lib/python3.12/site-packages/airflow/example_dags/example_branch_datetime_operator.py took 0.512 seconds
[2025-12-27T14:32:14.867+0000] {processor.py:161} INFO - Started process (PID=1658) to work on /home/airflow/.local/lib/python3.12/site-packages/airflow/example_dags/example_branch_datetime_operator.py
[2025-12-27T14:32:14.870+0000] {processor.py:830} INFO - Processing file /home/airflow/.local/lib/python3.12/site-packages/airflow/example_dags/example_branch_datetime_operator.py for tasks to queue
[2025-12-27T14:32:14.872+0000] {logging_mixin.py:188} INFO - [2025-12-27T14:32:14.871+0000] {dagbag.py:540} INFO - Filling up the DagBag from /home/airflow/.local/lib/python3.12/site-packages/airflow/example_dags/example_branch_datetime_operator.py
[2025-12-27T14:32:14.901+0000] {processor.py:840} INFO - DAG(s) 'example_branch_datetime_operator_2', 'example_branch_datetime_operator_3', 'example_branch_datetime_operator' retrieved from /home/airflow/.local/lib/python3.12/site-packages/airflow/example_dags/example_branch_datetime_operator.py
[2025-12-27T14:32:14.973+0000] {logging_mixin.py:188} INFO - [2025-12-27T14:32:14.972+0000] {dag.py:3096} INFO - Sync 3 DAGs
[2025-12-27T14:32:15.040+0000] {logging_mixin.py:188} INFO - [2025-12-27T14:32:15.040+0000] {dag.py:3954} INFO - Setting next_dagrun for example_branch_datetime_operator to 2025-12-26 00:00:00+00:00, run_after=2025-12-27 00:00:00+00:00
[2025-12-27T14:32:15.053+0000] {logging_mixin.py:188} INFO - [2025-12-27T14:32:15.053+0000] {dag.py:3954} INFO - Setting next_dagrun for example_branch_datetime_operator_2 to 2025-12-26 00:00:00+00:00, run_after=2025-12-27 00:00:00+00:00
[2025-12-27T14:32:15.060+0000] {logging_mixin.py:188} INFO - [2025-12-27T14:32:15.059+0000] {dag.py:3954} INFO - Setting next_dagrun for example_branch_datetime_operator_3 to 2025-12-26 00:00:00+00:00, run_after=2025-12-27 00:00:00+00:00
[2025-12-27T14:32:15.107+0000] {processor.py:183} INFO - Processing /home/airflow/.local/lib/python3.12/site-packages/airflow/example_dags/example_branch_datetime_operator.py took 0.256 seconds
[2025-12-27T14:32:45.787+0000] {processor.py:161} INFO - Started process (PID=1714) to work on /home/airflow/.local/lib/python3.12/site-packages/airflow/example_dags/example_branch_datetime_operator.py
[2025-12-27T14:32:45.790+0000] {processor.py:830} INFO - Processing file /home/airflow/.local/lib/python3.12/site-packages/airflow/example_dags/example_branch_datetime_operator.py for tasks to queue
[2025-12-27T14:32:45.795+0000] {logging_mixin.py:188} INFO - [2025-12-27T14:32:45.794+0000] {dagbag.py:540} INFO - Filling up the DagBag from /home/airflow/.local/lib/python3.12/site-packages/airflow/example_dags/example_branch_datetime_operator.py
[2025-12-27T14:32:45.833+0000] {processor.py:840} INFO - DAG(s) 'example_branch_datetime_operator_3', 'example_branch_datetime_operator', 'example_branch_datetime_operator_2' retrieved from /home/airflow/.local/lib/python3.12/site-packages/airflow/example_dags/example_branch_datetime_operator.py
[2025-12-27T14:32:45.921+0000] {logging_mixin.py:188} INFO - [2025-12-27T14:32:45.920+0000] {dag.py:3096} INFO - Sync 3 DAGs
[2025-12-27T14:32:45.992+0000] {logging_mixin.py:188} INFO - [2025-12-27T14:32:45.992+0000] {dag.py:3954} INFO - Setting next_dagrun for example_branch_datetime_operator to 2025-12-26 00:00:00+00:00, run_after=2025-12-27 00:00:00+00:00
[2025-12-27T14:32:46.010+0000] {logging_mixin.py:188} INFO - [2025-12-27T14:32:46.010+0000] {dag.py:3954} INFO - Setting next_dagrun for example_branch_datetime_operator_2 to 2025-12-26 00:00:00+00:00, run_after=2025-12-27 00:00:00+00:00
[2025-12-27T14:32:46.022+0000] {logging_mixin.py:188} INFO - [2025-12-27T14:32:46.021+0000] {dag.py:3954} INFO - Setting next_dagrun for example_branch_datetime_operator_3 to 2025-12-26 00:00:00+00:00, run_after=2025-12-27 00:00:00+00:00
[2025-12-27T14:32:46.076+0000] {processor.py:183} INFO - Processing /home/airflow/.local/lib/python3.12/site-packages/airflow/example_dags/example_branch_datetime_operator.py took 0.307 seconds
[2025-12-27T14:33:17.695+0000] {processor.py:161} INFO - Started process (PID=1773) to work on /home/airflow/.local/lib/python3.12/site-packages/airflow/example_dags/example_branch_datetime_operator.py
[2025-12-27T14:33:17.699+0000] {processor.py:830} INFO - Processing file /home/airflow/.local/lib/python3.12/site-packages/airflow/example_dags/example_branch_datetime_operator.py for tasks to queue
[2025-12-27T14:33:17.703+0000] {logging_mixin.py:188} INFO - [2025-12-27T14:33:17.702+0000] {dagbag.py:540} INFO - Filling up the DagBag from /home/airflow/.local/lib/python3.12/site-packages/airflow/example_dags/example_branch_datetime_operator.py
[2025-12-27T14:33:17.777+0000] {processor.py:840} INFO - DAG(s) 'example_branch_datetime_operator_2', 'example_branch_datetime_operator_3', 'example_branch_datetime_operator' retrieved from /home/airflow/.local/lib/python3.12/site-packages/airflow/example_dags/example_branch_datetime_operator.py
[2025-12-27T14:33:17.933+0000] {logging_mixin.py:188} INFO - [2025-12-27T14:33:17.932+0000] {dag.py:3096} INFO - Sync 3 DAGs
[2025-12-27T14:33:18.093+0000] {logging_mixin.py:188} INFO - [2025-12-27T14:33:18.092+0000] {dag.py:3954} INFO - Setting next_dagrun for example_branch_datetime_operator to 2025-12-26 00:00:00+00:00, run_after=2025-12-27 00:00:00+00:00
[2025-12-27T14:33:18.121+0000] {logging_mixin.py:188} INFO - [2025-12-27T14:33:18.120+0000] {dag.py:3954} INFO - Setting next_dagrun for example_branch_datetime_operator_2 to 2025-12-26 00:00:00+00:00, run_after=2025-12-27 00:00:00+00:00
[2025-12-27T14:33:18.133+0000] {logging_mixin.py:188} INFO - [2025-12-27T14:33:18.132+0000] {dag.py:3954} INFO - Setting next_dagrun for example_branch_datetime_operator_3 to 2025-12-26 00:00:00+00:00, run_after=2025-12-27 00:00:00+00:00
[2025-12-27T14:33:18.208+0000] {processor.py:183} INFO - Processing /home/airflow/.local/lib/python3.12/site-packages/airflow/example_dags/example_branch_datetime_operator.py took 0.555 seconds
[2025-12-27T14:33:48.348+0000] {processor.py:161} INFO - Started process (PID=1831) to work on /home/airflow/.local/lib/python3.12/site-packages/airflow/example_dags/example_branch_datetime_operator.py
[2025-12-27T14:33:48.352+0000] {processor.py:830} INFO - Processing file /home/airflow/.local/lib/python3.12/site-packages/airflow/example_dags/example_branch_datetime_operator.py for tasks to queue
[2025-12-27T14:33:48.355+0000] {logging_mixin.py:188} INFO - [2025-12-27T14:33:48.354+0000] {dagbag.py:540} INFO - Filling up the DagBag from /home/airflow/.local/lib/python3.12/site-packages/airflow/example_dags/example_branch_datetime_operator.py
[2025-12-27T14:33:48.383+0000] {processor.py:840} INFO - DAG(s) 'example_branch_datetime_operator_2', 'example_branch_datetime_operator', 'example_branch_datetime_operator_3' retrieved from /home/airflow/.local/lib/python3.12/site-packages/airflow/example_dags/example_branch_datetime_operator.py
[2025-12-27T14:33:48.457+0000] {logging_mixin.py:188} INFO - [2025-12-27T14:33:48.456+0000] {dag.py:3096} INFO - Sync 3 DAGs
[2025-12-27T14:33:48.520+0000] {logging_mixin.py:188} INFO - [2025-12-27T14:33:48.520+0000] {dag.py:3954} INFO - Setting next_dagrun for example_branch_datetime_operator to 2025-12-26 00:00:00+00:00, run_after=2025-12-27 00:00:00+00:00
[2025-12-27T14:33:48.533+0000] {logging_mixin.py:188} INFO - [2025-12-27T14:33:48.533+0000] {dag.py:3954} INFO - Setting next_dagrun for example_branch_datetime_operator_2 to 2025-12-26 00:00:00+00:00, run_after=2025-12-27 00:00:00+00:00
[2025-12-27T14:33:48.540+0000] {logging_mixin.py:188} INFO - [2025-12-27T14:33:48.540+0000] {dag.py:3954} INFO - Setting next_dagrun for example_branch_datetime_operator_3 to 2025-12-26 00:00:00+00:00, run_after=2025-12-27 00:00:00+00:00
[2025-12-27T14:33:48.587+0000] {processor.py:183} INFO - Processing /home/airflow/.local/lib/python3.12/site-packages/airflow/example_dags/example_branch_datetime_operator.py took 0.268 seconds
[2025-12-27T14:34:18.712+0000] {processor.py:161} INFO - Started process (PID=1889) to work on /home/airflow/.local/lib/python3.12/site-packages/airflow/example_dags/example_branch_datetime_operator.py
[2025-12-27T14:34:18.715+0000] {processor.py:830} INFO - Processing file /home/airflow/.local/lib/python3.12/site-packages/airflow/example_dags/example_branch_datetime_operator.py for tasks to queue
[2025-12-27T14:34:18.718+0000] {logging_mixin.py:188} INFO - [2025-12-27T14:34:18.717+0000] {dagbag.py:540} INFO - Filling up the DagBag from /home/airflow/.local/lib/python3.12/site-packages/airflow/example_dags/example_branch_datetime_operator.py
[2025-12-27T14:34:18.764+0000] {processor.py:840} INFO - DAG(s) 'example_branch_datetime_operator_3', 'example_branch_datetime_operator', 'example_branch_datetime_operator_2' retrieved from /home/airflow/.local/lib/python3.12/site-packages/airflow/example_dags/example_branch_datetime_operator.py
[2025-12-27T14:34:18.960+0000] {logging_mixin.py:188} INFO - [2025-12-27T14:34:18.959+0000] {dag.py:3096} INFO - Sync 3 DAGs
[2025-12-27T14:34:19.155+0000] {logging_mixin.py:188} INFO - [2025-12-27T14:34:19.147+0000] {dag.py:3954} INFO - Setting next_dagrun for example_branch_datetime_operator to 2025-12-26 00:00:00+00:00, run_after=2025-12-27 00:00:00+00:00
[2025-12-27T14:34:19.182+0000] {logging_mixin.py:188} INFO - [2025-12-27T14:34:19.181+0000] {dag.py:3954} INFO - Setting next_dagrun for example_branch_datetime_operator_2 to 2025-12-26 00:00:00+00:00, run_after=2025-12-27 00:00:00+00:00
[2025-12-27T14:34:19.190+0000] {logging_mixin.py:188} INFO - [2025-12-27T14:34:19.189+0000] {dag.py:3954} INFO - Setting next_dagrun for example_branch_datetime_operator_3 to 2025-12-26 00:00:00+00:00, run_after=2025-12-27 00:00:00+00:00
[2025-12-27T14:34:19.344+0000] {processor.py:183} INFO - Processing /home/airflow/.local/lib/python3.12/site-packages/airflow/example_dags/example_branch_datetime_operator.py took 0.653 seconds
[2025-12-27T14:34:50.373+0000] {processor.py:161} INFO - Started process (PID=1947) to work on /home/airflow/.local/lib/python3.12/site-packages/airflow/example_dags/example_branch_datetime_operator.py
[2025-12-27T14:34:50.376+0000] {processor.py:830} INFO - Processing file /home/airflow/.local/lib/python3.12/site-packages/airflow/example_dags/example_branch_datetime_operator.py for tasks to queue
[2025-12-27T14:34:50.379+0000] {logging_mixin.py:188} INFO - [2025-12-27T14:34:50.378+0000] {dagbag.py:540} INFO - Filling up the DagBag from /home/airflow/.local/lib/python3.12/site-packages/airflow/example_dags/example_branch_datetime_operator.py
[2025-12-27T14:34:50.418+0000] {processor.py:840} INFO - DAG(s) 'example_branch_datetime_operator_3', 'example_branch_datetime_operator_2', 'example_branch_datetime_operator' retrieved from /home/airflow/.local/lib/python3.12/site-packages/airflow/example_dags/example_branch_datetime_operator.py
[2025-12-27T14:34:50.511+0000] {logging_mixin.py:188} INFO - [2025-12-27T14:34:50.511+0000] {dag.py:3096} INFO - Sync 3 DAGs
[2025-12-27T14:34:50.597+0000] {logging_mixin.py:188} INFO - [2025-12-27T14:34:50.596+0000] {dag.py:3954} INFO - Setting next_dagrun for example_branch_datetime_operator to 2025-12-26 00:00:00+00:00, run_after=2025-12-27 00:00:00+00:00
[2025-12-27T14:34:50.611+0000] {logging_mixin.py:188} INFO - [2025-12-27T14:34:50.611+0000] {dag.py:3954} INFO - Setting next_dagrun for example_branch_datetime_operator_2 to 2025-12-26 00:00:00+00:00, run_after=2025-12-27 00:00:00+00:00
[2025-12-27T14:34:50.618+0000] {logging_mixin.py:188} INFO - [2025-12-27T14:34:50.617+0000] {dag.py:3954} INFO - Setting next_dagrun for example_branch_datetime_operator_3 to 2025-12-26 00:00:00+00:00, run_after=2025-12-27 00:00:00+00:00
[2025-12-27T14:34:50.668+0000] {processor.py:183} INFO - Processing /home/airflow/.local/lib/python3.12/site-packages/airflow/example_dags/example_branch_datetime_operator.py took 0.315 seconds
[2025-12-27T14:35:21.761+0000] {processor.py:161} INFO - Started process (PID=2006) to work on /home/airflow/.local/lib/python3.12/site-packages/airflow/example_dags/example_branch_datetime_operator.py
[2025-12-27T14:35:21.767+0000] {processor.py:830} INFO - Processing file /home/airflow/.local/lib/python3.12/site-packages/airflow/example_dags/example_branch_datetime_operator.py for tasks to queue
[2025-12-27T14:35:21.772+0000] {logging_mixin.py:188} INFO - [2025-12-27T14:35:21.770+0000] {dagbag.py:540} INFO - Filling up the DagBag from /home/airflow/.local/lib/python3.12/site-packages/airflow/example_dags/example_branch_datetime_operator.py
[2025-12-27T14:35:21.866+0000] {processor.py:840} INFO - DAG(s) 'example_branch_datetime_operator', 'example_branch_datetime_operator_3', 'example_branch_datetime_operator_2' retrieved from /home/airflow/.local/lib/python3.12/site-packages/airflow/example_dags/example_branch_datetime_operator.py
[2025-12-27T14:35:22.210+0000] {logging_mixin.py:188} INFO - [2025-12-27T14:35:22.209+0000] {dag.py:3096} INFO - Sync 3 DAGs
[2025-12-27T14:35:22.601+0000] {logging_mixin.py:188} INFO - [2025-12-27T14:35:22.597+0000] {dag.py:3954} INFO - Setting next_dagrun for example_branch_datetime_operator to 2025-12-26 00:00:00+00:00, run_after=2025-12-27 00:00:00+00:00
[2025-12-27T14:35:22.674+0000] {logging_mixin.py:188} INFO - [2025-12-27T14:35:22.673+0000] {dag.py:3954} INFO - Setting next_dagrun for example_branch_datetime_operator_2 to 2025-12-26 00:00:00+00:00, run_after=2025-12-27 00:00:00+00:00
[2025-12-27T14:35:22.700+0000] {logging_mixin.py:188} INFO - [2025-12-27T14:35:22.700+0000] {dag.py:3954} INFO - Setting next_dagrun for example_branch_datetime_operator_3 to 2025-12-26 00:00:00+00:00, run_after=2025-12-27 00:00:00+00:00
[2025-12-27T14:35:22.869+0000] {processor.py:183} INFO - Processing /home/airflow/.local/lib/python3.12/site-packages/airflow/example_dags/example_branch_datetime_operator.py took 1.150 seconds
[2025-12-27T14:35:53.696+0000] {processor.py:161} INFO - Started process (PID=2064) to work on /home/airflow/.local/lib/python3.12/site-packages/airflow/example_dags/example_branch_datetime_operator.py
[2025-12-27T14:35:53.711+0000] {processor.py:830} INFO - Processing file /home/airflow/.local/lib/python3.12/site-packages/airflow/example_dags/example_branch_datetime_operator.py for tasks to queue
[2025-12-27T14:35:53.716+0000] {logging_mixin.py:188} INFO - [2025-12-27T14:35:53.714+0000] {dagbag.py:540} INFO - Filling up the DagBag from /home/airflow/.local/lib/python3.12/site-packages/airflow/example_dags/example_branch_datetime_operator.py
[2025-12-27T14:35:53.776+0000] {processor.py:840} INFO - DAG(s) 'example_branch_datetime_operator', 'example_branch_datetime_operator_2', 'example_branch_datetime_operator_3' retrieved from /home/airflow/.local/lib/python3.12/site-packages/airflow/example_dags/example_branch_datetime_operator.py
[2025-12-27T14:35:54.191+0000] {logging_mixin.py:188} INFO - [2025-12-27T14:35:54.190+0000] {dag.py:3096} INFO - Sync 3 DAGs
[2025-12-27T14:35:54.402+0000] {logging_mixin.py:188} INFO - [2025-12-27T14:35:54.401+0000] {dag.py:3954} INFO - Setting next_dagrun for example_branch_datetime_operator to 2025-12-26 00:00:00+00:00, run_after=2025-12-27 00:00:00+00:00
[2025-12-27T14:35:54.437+0000] {logging_mixin.py:188} INFO - [2025-12-27T14:35:54.437+0000] {dag.py:3954} INFO - Setting next_dagrun for example_branch_datetime_operator_2 to 2025-12-26 00:00:00+00:00, run_after=2025-12-27 00:00:00+00:00
[2025-12-27T14:35:54.455+0000] {logging_mixin.py:188} INFO - [2025-12-27T14:35:54.454+0000] {dag.py:3954} INFO - Setting next_dagrun for example_branch_datetime_operator_3 to 2025-12-26 00:00:00+00:00, run_after=2025-12-27 00:00:00+00:00
[2025-12-27T14:35:54.558+0000] {processor.py:183} INFO - Processing /home/airflow/.local/lib/python3.12/site-packages/airflow/example_dags/example_branch_datetime_operator.py took 0.907 seconds
[2025-12-27T14:36:37.851+0000] {processor.py:161} INFO - Started process (PID=2137) to work on /home/airflow/.local/lib/python3.12/site-packages/airflow/example_dags/example_branch_datetime_operator.py
[2025-12-27T14:36:37.855+0000] {processor.py:830} INFO - Processing file /home/airflow/.local/lib/python3.12/site-packages/airflow/example_dags/example_branch_datetime_operator.py for tasks to queue
[2025-12-27T14:36:37.858+0000] {logging_mixin.py:188} INFO - [2025-12-27T14:36:37.857+0000] {dagbag.py:540} INFO - Filling up the DagBag from /home/airflow/.local/lib/python3.12/site-packages/airflow/example_dags/example_branch_datetime_operator.py
[2025-12-27T14:36:37.906+0000] {processor.py:840} INFO - DAG(s) 'example_branch_datetime_operator_2', 'example_branch_datetime_operator_3', 'example_branch_datetime_operator' retrieved from /home/airflow/.local/lib/python3.12/site-packages/airflow/example_dags/example_branch_datetime_operator.py
[2025-12-27T14:36:38.002+0000] {logging_mixin.py:188} INFO - [2025-12-27T14:36:38.002+0000] {dag.py:3096} INFO - Sync 3 DAGs
[2025-12-27T14:36:38.121+0000] {logging_mixin.py:188} INFO - [2025-12-27T14:36:38.120+0000] {dag.py:3954} INFO - Setting next_dagrun for example_branch_datetime_operator to 2025-12-26 00:00:00+00:00, run_after=2025-12-27 00:00:00+00:00
[2025-12-27T14:36:38.139+0000] {logging_mixin.py:188} INFO - [2025-12-27T14:36:38.139+0000] {dag.py:3954} INFO - Setting next_dagrun for example_branch_datetime_operator_2 to 2025-12-26 00:00:00+00:00, run_after=2025-12-27 00:00:00+00:00
[2025-12-27T14:36:38.146+0000] {logging_mixin.py:188} INFO - [2025-12-27T14:36:38.146+0000] {dag.py:3954} INFO - Setting next_dagrun for example_branch_datetime_operator_3 to 2025-12-26 00:00:00+00:00, run_after=2025-12-27 00:00:00+00:00
[2025-12-27T14:36:38.222+0000] {processor.py:183} INFO - Processing /home/airflow/.local/lib/python3.12/site-packages/airflow/example_dags/example_branch_datetime_operator.py took 0.391 seconds
[2025-12-27T14:37:08.351+0000] {processor.py:161} INFO - Started process (PID=2196) to work on /home/airflow/.local/lib/python3.12/site-packages/airflow/example_dags/example_branch_datetime_operator.py
[2025-12-27T14:37:08.355+0000] {processor.py:830} INFO - Processing file /home/airflow/.local/lib/python3.12/site-packages/airflow/example_dags/example_branch_datetime_operator.py for tasks to queue
[2025-12-27T14:37:08.358+0000] {logging_mixin.py:188} INFO - [2025-12-27T14:37:08.357+0000] {dagbag.py:540} INFO - Filling up the DagBag from /home/airflow/.local/lib/python3.12/site-packages/airflow/example_dags/example_branch_datetime_operator.py
[2025-12-27T14:37:08.392+0000] {processor.py:840} INFO - DAG(s) 'example_branch_datetime_operator', 'example_branch_datetime_operator_3', 'example_branch_datetime_operator_2' retrieved from /home/airflow/.local/lib/python3.12/site-packages/airflow/example_dags/example_branch_datetime_operator.py
[2025-12-27T14:37:08.472+0000] {logging_mixin.py:188} INFO - [2025-12-27T14:37:08.471+0000] {dag.py:3096} INFO - Sync 3 DAGs
[2025-12-27T14:37:08.540+0000] {logging_mixin.py:188} INFO - [2025-12-27T14:37:08.539+0000] {dag.py:3954} INFO - Setting next_dagrun for example_branch_datetime_operator to 2025-12-26 00:00:00+00:00, run_after=2025-12-27 00:00:00+00:00
[2025-12-27T14:37:08.555+0000] {logging_mixin.py:188} INFO - [2025-12-27T14:37:08.554+0000] {dag.py:3954} INFO - Setting next_dagrun for example_branch_datetime_operator_2 to 2025-12-26 00:00:00+00:00, run_after=2025-12-27 00:00:00+00:00
[2025-12-27T14:37:08.564+0000] {logging_mixin.py:188} INFO - [2025-12-27T14:37:08.564+0000] {dag.py:3954} INFO - Setting next_dagrun for example_branch_datetime_operator_3 to 2025-12-26 00:00:00+00:00, run_after=2025-12-27 00:00:00+00:00
[2025-12-27T14:37:08.613+0000] {processor.py:183} INFO - Processing /home/airflow/.local/lib/python3.12/site-packages/airflow/example_dags/example_branch_datetime_operator.py took 0.281 seconds
[2025-12-27T14:37:40.787+0000] {processor.py:161} INFO - Started process (PID=2255) to work on /home/airflow/.local/lib/python3.12/site-packages/airflow/example_dags/example_branch_datetime_operator.py
[2025-12-27T14:37:40.791+0000] {processor.py:830} INFO - Processing file /home/airflow/.local/lib/python3.12/site-packages/airflow/example_dags/example_branch_datetime_operator.py for tasks to queue
[2025-12-27T14:37:40.794+0000] {logging_mixin.py:188} INFO - [2025-12-27T14:37:40.793+0000] {dagbag.py:540} INFO - Filling up the DagBag from /home/airflow/.local/lib/python3.12/site-packages/airflow/example_dags/example_branch_datetime_operator.py
[2025-12-27T14:37:40.831+0000] {processor.py:840} INFO - DAG(s) 'example_branch_datetime_operator', 'example_branch_datetime_operator_3', 'example_branch_datetime_operator_2' retrieved from /home/airflow/.local/lib/python3.12/site-packages/airflow/example_dags/example_branch_datetime_operator.py
[2025-12-27T14:37:40.907+0000] {logging_mixin.py:188} INFO - [2025-12-27T14:37:40.907+0000] {dag.py:3096} INFO - Sync 3 DAGs
[2025-12-27T14:37:40.975+0000] {logging_mixin.py:188} INFO - [2025-12-27T14:37:40.975+0000] {dag.py:3954} INFO - Setting next_dagrun for example_branch_datetime_operator to 2025-12-26 00:00:00+00:00, run_after=2025-12-27 00:00:00+00:00
[2025-12-27T14:37:40.988+0000] {logging_mixin.py:188} INFO - [2025-12-27T14:37:40.988+0000] {dag.py:3954} INFO - Setting next_dagrun for example_branch_datetime_operator_2 to 2025-12-26 00:00:00+00:00, run_after=2025-12-27 00:00:00+00:00
[2025-12-27T14:37:40.996+0000] {logging_mixin.py:188} INFO - [2025-12-27T14:37:40.996+0000] {dag.py:3954} INFO - Setting next_dagrun for example_branch_datetime_operator_3 to 2025-12-26 00:00:00+00:00, run_after=2025-12-27 00:00:00+00:00
[2025-12-27T14:37:41.052+0000] {processor.py:183} INFO - Processing /home/airflow/.local/lib/python3.12/site-packages/airflow/example_dags/example_branch_datetime_operator.py took 0.312 seconds
[2025-12-27T14:38:12.346+0000] {processor.py:161} INFO - Started process (PID=2313) to work on /home/airflow/.local/lib/python3.12/site-packages/airflow/example_dags/example_branch_datetime_operator.py
[2025-12-27T14:38:12.349+0000] {processor.py:830} INFO - Processing file /home/airflow/.local/lib/python3.12/site-packages/airflow/example_dags/example_branch_datetime_operator.py for tasks to queue
[2025-12-27T14:38:12.351+0000] {logging_mixin.py:188} INFO - [2025-12-27T14:38:12.351+0000] {dagbag.py:540} INFO - Filling up the DagBag from /home/airflow/.local/lib/python3.12/site-packages/airflow/example_dags/example_branch_datetime_operator.py
[2025-12-27T14:38:12.378+0000] {processor.py:840} INFO - DAG(s) 'example_branch_datetime_operator', 'example_branch_datetime_operator_3', 'example_branch_datetime_operator_2' retrieved from /home/airflow/.local/lib/python3.12/site-packages/airflow/example_dags/example_branch_datetime_operator.py
[2025-12-27T14:38:12.455+0000] {logging_mixin.py:188} INFO - [2025-12-27T14:38:12.455+0000] {dag.py:3096} INFO - Sync 3 DAGs
[2025-12-27T14:38:12.514+0000] {logging_mixin.py:188} INFO - [2025-12-27T14:38:12.513+0000] {dag.py:3954} INFO - Setting next_dagrun for example_branch_datetime_operator to 2025-12-26 00:00:00+00:00, run_after=2025-12-27 00:00:00+00:00
[2025-12-27T14:38:12.527+0000] {logging_mixin.py:188} INFO - [2025-12-27T14:38:12.526+0000] {dag.py:3954} INFO - Setting next_dagrun for example_branch_datetime_operator_2 to 2025-12-26 00:00:00+00:00, run_after=2025-12-27 00:00:00+00:00
[2025-12-27T14:38:12.534+0000] {logging_mixin.py:188} INFO - [2025-12-27T14:38:12.533+0000] {dag.py:3954} INFO - Setting next_dagrun for example_branch_datetime_operator_3 to 2025-12-26 00:00:00+00:00, run_after=2025-12-27 00:00:00+00:00
[2025-12-27T14:38:12.580+0000] {processor.py:183} INFO - Processing /home/airflow/.local/lib/python3.12/site-packages/airflow/example_dags/example_branch_datetime_operator.py took 0.251 seconds
[2025-12-27T14:38:45.183+0000] {processor.py:161} INFO - Started process (PID=2372) to work on /home/airflow/.local/lib/python3.12/site-packages/airflow/example_dags/example_branch_datetime_operator.py
[2025-12-27T14:38:45.186+0000] {processor.py:830} INFO - Processing file /home/airflow/.local/lib/python3.12/site-packages/airflow/example_dags/example_branch_datetime_operator.py for tasks to queue
[2025-12-27T14:38:45.189+0000] {logging_mixin.py:188} INFO - [2025-12-27T14:38:45.188+0000] {dagbag.py:540} INFO - Filling up the DagBag from /home/airflow/.local/lib/python3.12/site-packages/airflow/example_dags/example_branch_datetime_operator.py
[2025-12-27T14:38:45.231+0000] {processor.py:840} INFO - DAG(s) 'example_branch_datetime_operator_3', 'example_branch_datetime_operator_2', 'example_branch_datetime_operator' retrieved from /home/airflow/.local/lib/python3.12/site-packages/airflow/example_dags/example_branch_datetime_operator.py
[2025-12-27T14:38:45.358+0000] {logging_mixin.py:188} INFO - [2025-12-27T14:38:45.357+0000] {dag.py:3096} INFO - Sync 3 DAGs
[2025-12-27T14:38:45.456+0000] {logging_mixin.py:188} INFO - [2025-12-27T14:38:45.455+0000] {dag.py:3954} INFO - Setting next_dagrun for example_branch_datetime_operator to 2025-12-26 00:00:00+00:00, run_after=2025-12-27 00:00:00+00:00
[2025-12-27T14:38:45.474+0000] {logging_mixin.py:188} INFO - [2025-12-27T14:38:45.473+0000] {dag.py:3954} INFO - Setting next_dagrun for example_branch_datetime_operator_2 to 2025-12-26 00:00:00+00:00, run_after=2025-12-27 00:00:00+00:00
[2025-12-27T14:38:45.486+0000] {logging_mixin.py:188} INFO - [2025-12-27T14:38:45.485+0000] {dag.py:3954} INFO - Setting next_dagrun for example_branch_datetime_operator_3 to 2025-12-26 00:00:00+00:00, run_after=2025-12-27 00:00:00+00:00
[2025-12-27T14:38:45.554+0000] {processor.py:183} INFO - Processing /home/airflow/.local/lib/python3.12/site-packages/airflow/example_dags/example_branch_datetime_operator.py took 0.404 seconds
[2025-12-27T14:39:16.743+0000] {processor.py:161} INFO - Started process (PID=2430) to work on /home/airflow/.local/lib/python3.12/site-packages/airflow/example_dags/example_branch_datetime_operator.py
[2025-12-27T14:39:16.777+0000] {processor.py:830} INFO - Processing file /home/airflow/.local/lib/python3.12/site-packages/airflow/example_dags/example_branch_datetime_operator.py for tasks to queue
[2025-12-27T14:39:16.787+0000] {logging_mixin.py:188} INFO - [2025-12-27T14:39:16.786+0000] {dagbag.py:540} INFO - Filling up the DagBag from /home/airflow/.local/lib/python3.12/site-packages/airflow/example_dags/example_branch_datetime_operator.py
[2025-12-27T14:39:16.869+0000] {processor.py:840} INFO - DAG(s) 'example_branch_datetime_operator', 'example_branch_datetime_operator_2', 'example_branch_datetime_operator_3' retrieved from /home/airflow/.local/lib/python3.12/site-packages/airflow/example_dags/example_branch_datetime_operator.py
[2025-12-27T14:39:17.098+0000] {logging_mixin.py:188} INFO - [2025-12-27T14:39:17.095+0000] {dag.py:3096} INFO - Sync 3 DAGs
[2025-12-27T14:39:17.207+0000] {logging_mixin.py:188} INFO - [2025-12-27T14:39:17.205+0000] {dag.py:3954} INFO - Setting next_dagrun for example_branch_datetime_operator to 2025-12-26 00:00:00+00:00, run_after=2025-12-27 00:00:00+00:00
[2025-12-27T14:39:17.234+0000] {logging_mixin.py:188} INFO - [2025-12-27T14:39:17.233+0000] {dag.py:3954} INFO - Setting next_dagrun for example_branch_datetime_operator_2 to 2025-12-26 00:00:00+00:00, run_after=2025-12-27 00:00:00+00:00
[2025-12-27T14:39:17.248+0000] {logging_mixin.py:188} INFO - [2025-12-27T14:39:17.247+0000] {dag.py:3954} INFO - Setting next_dagrun for example_branch_datetime_operator_3 to 2025-12-26 00:00:00+00:00, run_after=2025-12-27 00:00:00+00:00
[2025-12-27T14:39:17.340+0000] {processor.py:183} INFO - Processing /home/airflow/.local/lib/python3.12/site-packages/airflow/example_dags/example_branch_datetime_operator.py took 0.645 seconds
[2025-12-27T14:39:47.890+0000] {processor.py:161} INFO - Started process (PID=2488) to work on /home/airflow/.local/lib/python3.12/site-packages/airflow/example_dags/example_branch_datetime_operator.py
[2025-12-27T14:39:47.893+0000] {processor.py:830} INFO - Processing file /home/airflow/.local/lib/python3.12/site-packages/airflow/example_dags/example_branch_datetime_operator.py for tasks to queue
[2025-12-27T14:39:47.896+0000] {logging_mixin.py:188} INFO - [2025-12-27T14:39:47.895+0000] {dagbag.py:540} INFO - Filling up the DagBag from /home/airflow/.local/lib/python3.12/site-packages/airflow/example_dags/example_branch_datetime_operator.py
[2025-12-27T14:39:47.929+0000] {processor.py:840} INFO - DAG(s) 'example_branch_datetime_operator', 'example_branch_datetime_operator_2', 'example_branch_datetime_operator_3' retrieved from /home/airflow/.local/lib/python3.12/site-packages/airflow/example_dags/example_branch_datetime_operator.py
[2025-12-27T14:39:48.007+0000] {logging_mixin.py:188} INFO - [2025-12-27T14:39:48.007+0000] {dag.py:3096} INFO - Sync 3 DAGs
[2025-12-27T14:39:48.067+0000] {logging_mixin.py:188} INFO - [2025-12-27T14:39:48.067+0000] {dag.py:3954} INFO - Setting next_dagrun for example_branch_datetime_operator to 2025-12-26 00:00:00+00:00, run_after=2025-12-27 00:00:00+00:00
[2025-12-27T14:39:48.080+0000] {logging_mixin.py:188} INFO - [2025-12-27T14:39:48.080+0000] {dag.py:3954} INFO - Setting next_dagrun for example_branch_datetime_operator_2 to 2025-12-26 00:00:00+00:00, run_after=2025-12-27 00:00:00+00:00
[2025-12-27T14:39:48.088+0000] {logging_mixin.py:188} INFO - [2025-12-27T14:39:48.088+0000] {dag.py:3954} INFO - Setting next_dagrun for example_branch_datetime_operator_3 to 2025-12-26 00:00:00+00:00, run_after=2025-12-27 00:00:00+00:00
[2025-12-27T14:39:48.138+0000] {processor.py:183} INFO - Processing /home/airflow/.local/lib/python3.12/site-packages/airflow/example_dags/example_branch_datetime_operator.py took 0.266 seconds
[2025-12-27T14:40:18.250+0000] {processor.py:161} INFO - Started process (PID=2544) to work on /home/airflow/.local/lib/python3.12/site-packages/airflow/example_dags/example_branch_datetime_operator.py
[2025-12-27T14:40:18.254+0000] {processor.py:830} INFO - Processing file /home/airflow/.local/lib/python3.12/site-packages/airflow/example_dags/example_branch_datetime_operator.py for tasks to queue
[2025-12-27T14:40:18.256+0000] {logging_mixin.py:188} INFO - [2025-12-27T14:40:18.255+0000] {dagbag.py:540} INFO - Filling up the DagBag from /home/airflow/.local/lib/python3.12/site-packages/airflow/example_dags/example_branch_datetime_operator.py
[2025-12-27T14:40:18.283+0000] {processor.py:840} INFO - DAG(s) 'example_branch_datetime_operator', 'example_branch_datetime_operator_2', 'example_branch_datetime_operator_3' retrieved from /home/airflow/.local/lib/python3.12/site-packages/airflow/example_dags/example_branch_datetime_operator.py
[2025-12-27T14:40:18.361+0000] {logging_mixin.py:188} INFO - [2025-12-27T14:40:18.360+0000] {dag.py:3096} INFO - Sync 3 DAGs
[2025-12-27T14:40:18.426+0000] {logging_mixin.py:188} INFO - [2025-12-27T14:40:18.426+0000] {dag.py:3954} INFO - Setting next_dagrun for example_branch_datetime_operator to 2025-12-26 00:00:00+00:00, run_after=2025-12-27 00:00:00+00:00
[2025-12-27T14:40:18.441+0000] {logging_mixin.py:188} INFO - [2025-12-27T14:40:18.440+0000] {dag.py:3954} INFO - Setting next_dagrun for example_branch_datetime_operator_2 to 2025-12-26 00:00:00+00:00, run_after=2025-12-27 00:00:00+00:00
[2025-12-27T14:40:18.448+0000] {logging_mixin.py:188} INFO - [2025-12-27T14:40:18.447+0000] {dag.py:3954} INFO - Setting next_dagrun for example_branch_datetime_operator_3 to 2025-12-26 00:00:00+00:00, run_after=2025-12-27 00:00:00+00:00
[2025-12-27T14:40:18.496+0000] {processor.py:183} INFO - Processing /home/airflow/.local/lib/python3.12/site-packages/airflow/example_dags/example_branch_datetime_operator.py took 0.263 seconds
[2025-12-27T14:40:48.833+0000] {processor.py:161} INFO - Started process (PID=2602) to work on /home/airflow/.local/lib/python3.12/site-packages/airflow/example_dags/example_branch_datetime_operator.py
[2025-12-27T14:40:48.836+0000] {processor.py:830} INFO - Processing file /home/airflow/.local/lib/python3.12/site-packages/airflow/example_dags/example_branch_datetime_operator.py for tasks to queue
[2025-12-27T14:40:48.840+0000] {logging_mixin.py:188} INFO - [2025-12-27T14:40:48.838+0000] {dagbag.py:540} INFO - Filling up the DagBag from /home/airflow/.local/lib/python3.12/site-packages/airflow/example_dags/example_branch_datetime_operator.py
[2025-12-27T14:40:48.870+0000] {processor.py:840} INFO - DAG(s) 'example_branch_datetime_operator_2', 'example_branch_datetime_operator_3', 'example_branch_datetime_operator' retrieved from /home/airflow/.local/lib/python3.12/site-packages/airflow/example_dags/example_branch_datetime_operator.py
[2025-12-27T14:40:48.971+0000] {logging_mixin.py:188} INFO - [2025-12-27T14:40:48.970+0000] {dag.py:3096} INFO - Sync 3 DAGs
[2025-12-27T14:40:49.049+0000] {logging_mixin.py:188} INFO - [2025-12-27T14:40:49.048+0000] {dag.py:3954} INFO - Setting next_dagrun for example_branch_datetime_operator to 2025-12-26 00:00:00+00:00, run_after=2025-12-27 00:00:00+00:00
[2025-12-27T14:40:49.066+0000] {logging_mixin.py:188} INFO - [2025-12-27T14:40:49.065+0000] {dag.py:3954} INFO - Setting next_dagrun for example_branch_datetime_operator_2 to 2025-12-26 00:00:00+00:00, run_after=2025-12-27 00:00:00+00:00
[2025-12-27T14:40:49.073+0000] {logging_mixin.py:188} INFO - [2025-12-27T14:40:49.072+0000] {dag.py:3954} INFO - Setting next_dagrun for example_branch_datetime_operator_3 to 2025-12-26 00:00:00+00:00, run_after=2025-12-27 00:00:00+00:00
[2025-12-27T14:40:49.117+0000] {processor.py:183} INFO - Processing /home/airflow/.local/lib/python3.12/site-packages/airflow/example_dags/example_branch_datetime_operator.py took 0.306 seconds
[2025-12-27T14:41:19.423+0000] {processor.py:161} INFO - Started process (PID=2660) to work on /home/airflow/.local/lib/python3.12/site-packages/airflow/example_dags/example_branch_datetime_operator.py
[2025-12-27T14:41:19.426+0000] {processor.py:830} INFO - Processing file /home/airflow/.local/lib/python3.12/site-packages/airflow/example_dags/example_branch_datetime_operator.py for tasks to queue
[2025-12-27T14:41:19.429+0000] {logging_mixin.py:188} INFO - [2025-12-27T14:41:19.428+0000] {dagbag.py:540} INFO - Filling up the DagBag from /home/airflow/.local/lib/python3.12/site-packages/airflow/example_dags/example_branch_datetime_operator.py
[2025-12-27T14:41:19.462+0000] {processor.py:840} INFO - DAG(s) 'example_branch_datetime_operator', 'example_branch_datetime_operator_3', 'example_branch_datetime_operator_2' retrieved from /home/airflow/.local/lib/python3.12/site-packages/airflow/example_dags/example_branch_datetime_operator.py
[2025-12-27T14:41:19.551+0000] {logging_mixin.py:188} INFO - [2025-12-27T14:41:19.551+0000] {dag.py:3096} INFO - Sync 3 DAGs
[2025-12-27T14:41:19.610+0000] {logging_mixin.py:188} INFO - [2025-12-27T14:41:19.609+0000] {dag.py:3954} INFO - Setting next_dagrun for example_branch_datetime_operator to 2025-12-26 00:00:00+00:00, run_after=2025-12-27 00:00:00+00:00
[2025-12-27T14:41:19.625+0000] {logging_mixin.py:188} INFO - [2025-12-27T14:41:19.624+0000] {dag.py:3954} INFO - Setting next_dagrun for example_branch_datetime_operator_2 to 2025-12-26 00:00:00+00:00, run_after=2025-12-27 00:00:00+00:00
[2025-12-27T14:41:19.632+0000] {logging_mixin.py:188} INFO - [2025-12-27T14:41:19.631+0000] {dag.py:3954} INFO - Setting next_dagrun for example_branch_datetime_operator_3 to 2025-12-26 00:00:00+00:00, run_after=2025-12-27 00:00:00+00:00
[2025-12-27T14:41:19.684+0000] {processor.py:183} INFO - Processing /home/airflow/.local/lib/python3.12/site-packages/airflow/example_dags/example_branch_datetime_operator.py took 0.281 seconds
[2025-12-27T14:41:49.841+0000] {processor.py:161} INFO - Started process (PID=2718) to work on /home/airflow/.local/lib/python3.12/site-packages/airflow/example_dags/example_branch_datetime_operator.py
[2025-12-27T14:41:49.845+0000] {processor.py:830} INFO - Processing file /home/airflow/.local/lib/python3.12/site-packages/airflow/example_dags/example_branch_datetime_operator.py for tasks to queue
[2025-12-27T14:41:49.847+0000] {logging_mixin.py:188} INFO - [2025-12-27T14:41:49.846+0000] {dagbag.py:540} INFO - Filling up the DagBag from /home/airflow/.local/lib/python3.12/site-packages/airflow/example_dags/example_branch_datetime_operator.py
[2025-12-27T14:41:49.876+0000] {processor.py:840} INFO - DAG(s) 'example_branch_datetime_operator', 'example_branch_datetime_operator_3', 'example_branch_datetime_operator_2' retrieved from /home/airflow/.local/lib/python3.12/site-packages/airflow/example_dags/example_branch_datetime_operator.py
[2025-12-27T14:41:49.954+0000] {logging_mixin.py:188} INFO - [2025-12-27T14:41:49.953+0000] {dag.py:3096} INFO - Sync 3 DAGs
[2025-12-27T14:41:50.023+0000] {logging_mixin.py:188} INFO - [2025-12-27T14:41:50.023+0000] {dag.py:3954} INFO - Setting next_dagrun for example_branch_datetime_operator to 2025-12-26 00:00:00+00:00, run_after=2025-12-27 00:00:00+00:00
[2025-12-27T14:41:50.037+0000] {logging_mixin.py:188} INFO - [2025-12-27T14:41:50.036+0000] {dag.py:3954} INFO - Setting next_dagrun for example_branch_datetime_operator_2 to 2025-12-26 00:00:00+00:00, run_after=2025-12-27 00:00:00+00:00
[2025-12-27T14:41:50.043+0000] {logging_mixin.py:188} INFO - [2025-12-27T14:41:50.043+0000] {dag.py:3954} INFO - Setting next_dagrun for example_branch_datetime_operator_3 to 2025-12-26 00:00:00+00:00, run_after=2025-12-27 00:00:00+00:00
[2025-12-27T14:41:50.094+0000] {processor.py:183} INFO - Processing /home/airflow/.local/lib/python3.12/site-packages/airflow/example_dags/example_branch_datetime_operator.py took 0.270 seconds
[2025-12-27T14:42:20.496+0000] {processor.py:161} INFO - Started process (PID=2776) to work on /home/airflow/.local/lib/python3.12/site-packages/airflow/example_dags/example_branch_datetime_operator.py
[2025-12-27T14:42:20.499+0000] {processor.py:830} INFO - Processing file /home/airflow/.local/lib/python3.12/site-packages/airflow/example_dags/example_branch_datetime_operator.py for tasks to queue
[2025-12-27T14:42:20.501+0000] {logging_mixin.py:188} INFO - [2025-12-27T14:42:20.501+0000] {dagbag.py:540} INFO - Filling up the DagBag from /home/airflow/.local/lib/python3.12/site-packages/airflow/example_dags/example_branch_datetime_operator.py
[2025-12-27T14:42:20.528+0000] {processor.py:840} INFO - DAG(s) 'example_branch_datetime_operator_3', 'example_branch_datetime_operator', 'example_branch_datetime_operator_2' retrieved from /home/airflow/.local/lib/python3.12/site-packages/airflow/example_dags/example_branch_datetime_operator.py
[2025-12-27T14:42:20.599+0000] {logging_mixin.py:188} INFO - [2025-12-27T14:42:20.598+0000] {dag.py:3096} INFO - Sync 3 DAGs
[2025-12-27T14:42:20.673+0000] {logging_mixin.py:188} INFO - [2025-12-27T14:42:20.673+0000] {dag.py:3954} INFO - Setting next_dagrun for example_branch_datetime_operator to 2025-12-26 00:00:00+00:00, run_after=2025-12-27 00:00:00+00:00
[2025-12-27T14:42:20.689+0000] {logging_mixin.py:188} INFO - [2025-12-27T14:42:20.689+0000] {dag.py:3954} INFO - Setting next_dagrun for example_branch_datetime_operator_2 to 2025-12-26 00:00:00+00:00, run_after=2025-12-27 00:00:00+00:00
[2025-12-27T14:42:20.698+0000] {logging_mixin.py:188} INFO - [2025-12-27T14:42:20.697+0000] {dag.py:3954} INFO - Setting next_dagrun for example_branch_datetime_operator_3 to 2025-12-26 00:00:00+00:00, run_after=2025-12-27 00:00:00+00:00
[2025-12-27T14:42:20.768+0000] {processor.py:183} INFO - Processing /home/airflow/.local/lib/python3.12/site-packages/airflow/example_dags/example_branch_datetime_operator.py took 0.291 seconds
[2025-12-27T14:42:51.043+0000] {processor.py:161} INFO - Started process (PID=2833) to work on /home/airflow/.local/lib/python3.12/site-packages/airflow/example_dags/example_branch_datetime_operator.py
[2025-12-27T14:42:51.052+0000] {processor.py:830} INFO - Processing file /home/airflow/.local/lib/python3.12/site-packages/airflow/example_dags/example_branch_datetime_operator.py for tasks to queue
[2025-12-27T14:42:51.061+0000] {logging_mixin.py:188} INFO - [2025-12-27T14:42:51.059+0000] {dagbag.py:540} INFO - Filling up the DagBag from /home/airflow/.local/lib/python3.12/site-packages/airflow/example_dags/example_branch_datetime_operator.py
[2025-12-27T14:42:51.166+0000] {processor.py:840} INFO - DAG(s) 'example_branch_datetime_operator_2', 'example_branch_datetime_operator_3', 'example_branch_datetime_operator' retrieved from /home/airflow/.local/lib/python3.12/site-packages/airflow/example_dags/example_branch_datetime_operator.py
[2025-12-27T14:42:51.242+0000] {logging_mixin.py:188} INFO - [2025-12-27T14:42:51.241+0000] {dag.py:3096} INFO - Sync 3 DAGs
[2025-12-27T14:42:51.303+0000] {logging_mixin.py:188} INFO - [2025-12-27T14:42:51.303+0000] {dag.py:3954} INFO - Setting next_dagrun for example_branch_datetime_operator to 2025-12-26 00:00:00+00:00, run_after=2025-12-27 00:00:00+00:00
[2025-12-27T14:42:51.317+0000] {logging_mixin.py:188} INFO - [2025-12-27T14:42:51.317+0000] {dag.py:3954} INFO - Setting next_dagrun for example_branch_datetime_operator_2 to 2025-12-26 00:00:00+00:00, run_after=2025-12-27 00:00:00+00:00
[2025-12-27T14:42:51.324+0000] {logging_mixin.py:188} INFO - [2025-12-27T14:42:51.324+0000] {dag.py:3954} INFO - Setting next_dagrun for example_branch_datetime_operator_3 to 2025-12-26 00:00:00+00:00, run_after=2025-12-27 00:00:00+00:00
[2025-12-27T14:42:51.378+0000] {processor.py:183} INFO - Processing /home/airflow/.local/lib/python3.12/site-packages/airflow/example_dags/example_branch_datetime_operator.py took 0.384 seconds
[2025-12-27T14:43:22.108+0000] {processor.py:161} INFO - Started process (PID=2891) to work on /home/airflow/.local/lib/python3.12/site-packages/airflow/example_dags/example_branch_datetime_operator.py
[2025-12-27T14:43:22.112+0000] {processor.py:830} INFO - Processing file /home/airflow/.local/lib/python3.12/site-packages/airflow/example_dags/example_branch_datetime_operator.py for tasks to queue
[2025-12-27T14:43:22.116+0000] {logging_mixin.py:188} INFO - [2025-12-27T14:43:22.115+0000] {dagbag.py:540} INFO - Filling up the DagBag from /home/airflow/.local/lib/python3.12/site-packages/airflow/example_dags/example_branch_datetime_operator.py
[2025-12-27T14:43:22.150+0000] {processor.py:840} INFO - DAG(s) 'example_branch_datetime_operator', 'example_branch_datetime_operator_3', 'example_branch_datetime_operator_2' retrieved from /home/airflow/.local/lib/python3.12/site-packages/airflow/example_dags/example_branch_datetime_operator.py
[2025-12-27T14:43:22.276+0000] {logging_mixin.py:188} INFO - [2025-12-27T14:43:22.275+0000] {dag.py:3096} INFO - Sync 3 DAGs
[2025-12-27T14:43:22.368+0000] {logging_mixin.py:188} INFO - [2025-12-27T14:43:22.368+0000] {dag.py:3954} INFO - Setting next_dagrun for example_branch_datetime_operator to 2025-12-26 00:00:00+00:00, run_after=2025-12-27 00:00:00+00:00
[2025-12-27T14:43:22.386+0000] {logging_mixin.py:188} INFO - [2025-12-27T14:43:22.385+0000] {dag.py:3954} INFO - Setting next_dagrun for example_branch_datetime_operator_2 to 2025-12-26 00:00:00+00:00, run_after=2025-12-27 00:00:00+00:00
[2025-12-27T14:43:22.434+0000] {logging_mixin.py:188} INFO - [2025-12-27T14:43:22.434+0000] {dag.py:3954} INFO - Setting next_dagrun for example_branch_datetime_operator_3 to 2025-12-26 00:00:00+00:00, run_after=2025-12-27 00:00:00+00:00
[2025-12-27T14:43:22.598+0000] {processor.py:183} INFO - Processing /home/airflow/.local/lib/python3.12/site-packages/airflow/example_dags/example_branch_datetime_operator.py took 0.512 seconds
[2025-12-27T14:43:53.173+0000] {processor.py:161} INFO - Started process (PID=2949) to work on /home/airflow/.local/lib/python3.12/site-packages/airflow/example_dags/example_branch_datetime_operator.py
[2025-12-27T14:43:53.176+0000] {processor.py:830} INFO - Processing file /home/airflow/.local/lib/python3.12/site-packages/airflow/example_dags/example_branch_datetime_operator.py for tasks to queue
[2025-12-27T14:43:53.178+0000] {logging_mixin.py:188} INFO - [2025-12-27T14:43:53.178+0000] {dagbag.py:540} INFO - Filling up the DagBag from /home/airflow/.local/lib/python3.12/site-packages/airflow/example_dags/example_branch_datetime_operator.py
[2025-12-27T14:43:53.214+0000] {processor.py:840} INFO - DAG(s) 'example_branch_datetime_operator_2', 'example_branch_datetime_operator', 'example_branch_datetime_operator_3' retrieved from /home/airflow/.local/lib/python3.12/site-packages/airflow/example_dags/example_branch_datetime_operator.py
[2025-12-27T14:43:53.441+0000] {logging_mixin.py:188} INFO - [2025-12-27T14:43:53.440+0000] {dag.py:3096} INFO - Sync 3 DAGs
[2025-12-27T14:43:53.530+0000] {logging_mixin.py:188} INFO - [2025-12-27T14:43:53.529+0000] {dag.py:3954} INFO - Setting next_dagrun for example_branch_datetime_operator to 2025-12-26 00:00:00+00:00, run_after=2025-12-27 00:00:00+00:00
[2025-12-27T14:43:53.546+0000] {logging_mixin.py:188} INFO - [2025-12-27T14:43:53.545+0000] {dag.py:3954} INFO - Setting next_dagrun for example_branch_datetime_operator_2 to 2025-12-26 00:00:00+00:00, run_after=2025-12-27 00:00:00+00:00
[2025-12-27T14:43:53.557+0000] {logging_mixin.py:188} INFO - [2025-12-27T14:43:53.557+0000] {dag.py:3954} INFO - Setting next_dagrun for example_branch_datetime_operator_3 to 2025-12-26 00:00:00+00:00, run_after=2025-12-27 00:00:00+00:00
[2025-12-27T14:43:53.609+0000] {processor.py:183} INFO - Processing /home/airflow/.local/lib/python3.12/site-packages/airflow/example_dags/example_branch_datetime_operator.py took 0.455 seconds
[2025-12-27T14:44:23.886+0000] {processor.py:161} INFO - Started process (PID=3008) to work on /home/airflow/.local/lib/python3.12/site-packages/airflow/example_dags/example_branch_datetime_operator.py
[2025-12-27T14:44:23.892+0000] {processor.py:830} INFO - Processing file /home/airflow/.local/lib/python3.12/site-packages/airflow/example_dags/example_branch_datetime_operator.py for tasks to queue
[2025-12-27T14:44:23.899+0000] {logging_mixin.py:188} INFO - [2025-12-27T14:44:23.897+0000] {dagbag.py:540} INFO - Filling up the DagBag from /home/airflow/.local/lib/python3.12/site-packages/airflow/example_dags/example_branch_datetime_operator.py
[2025-12-27T14:44:23.951+0000] {processor.py:840} INFO - DAG(s) 'example_branch_datetime_operator_2', 'example_branch_datetime_operator_3', 'example_branch_datetime_operator' retrieved from /home/airflow/.local/lib/python3.12/site-packages/airflow/example_dags/example_branch_datetime_operator.py
[2025-12-27T14:44:24.042+0000] {logging_mixin.py:188} INFO - [2025-12-27T14:44:24.042+0000] {dag.py:3096} INFO - Sync 3 DAGs
[2025-12-27T14:44:24.140+0000] {logging_mixin.py:188} INFO - [2025-12-27T14:44:24.139+0000] {dag.py:3954} INFO - Setting next_dagrun for example_branch_datetime_operator to 2025-12-26 00:00:00+00:00, run_after=2025-12-27 00:00:00+00:00
[2025-12-27T14:44:24.157+0000] {logging_mixin.py:188} INFO - [2025-12-27T14:44:24.157+0000] {dag.py:3954} INFO - Setting next_dagrun for example_branch_datetime_operator_2 to 2025-12-26 00:00:00+00:00, run_after=2025-12-27 00:00:00+00:00
[2025-12-27T14:44:24.165+0000] {logging_mixin.py:188} INFO - [2025-12-27T14:44:24.164+0000] {dag.py:3954} INFO - Setting next_dagrun for example_branch_datetime_operator_3 to 2025-12-26 00:00:00+00:00, run_after=2025-12-27 00:00:00+00:00
[2025-12-27T14:44:24.227+0000] {processor.py:183} INFO - Processing /home/airflow/.local/lib/python3.12/site-packages/airflow/example_dags/example_branch_datetime_operator.py took 0.376 seconds
[2025-12-27T14:44:56.162+0000] {processor.py:161} INFO - Started process (PID=3067) to work on /home/airflow/.local/lib/python3.12/site-packages/airflow/example_dags/example_branch_datetime_operator.py
[2025-12-27T14:44:56.171+0000] {processor.py:830} INFO - Processing file /home/airflow/.local/lib/python3.12/site-packages/airflow/example_dags/example_branch_datetime_operator.py for tasks to queue
[2025-12-27T14:44:56.178+0000] {logging_mixin.py:188} INFO - [2025-12-27T14:44:56.177+0000] {dagbag.py:540} INFO - Filling up the DagBag from /home/airflow/.local/lib/python3.12/site-packages/airflow/example_dags/example_branch_datetime_operator.py
[2025-12-27T14:44:56.251+0000] {processor.py:840} INFO - DAG(s) 'example_branch_datetime_operator', 'example_branch_datetime_operator_2', 'example_branch_datetime_operator_3' retrieved from /home/airflow/.local/lib/python3.12/site-packages/airflow/example_dags/example_branch_datetime_operator.py
[2025-12-27T14:44:56.408+0000] {logging_mixin.py:188} INFO - [2025-12-27T14:44:56.407+0000] {dag.py:3096} INFO - Sync 3 DAGs
[2025-12-27T14:44:56.516+0000] {logging_mixin.py:188} INFO - [2025-12-27T14:44:56.513+0000] {dag.py:3954} INFO - Setting next_dagrun for example_branch_datetime_operator to 2025-12-26 00:00:00+00:00, run_after=2025-12-27 00:00:00+00:00
[2025-12-27T14:44:56.539+0000] {logging_mixin.py:188} INFO - [2025-12-27T14:44:56.538+0000] {dag.py:3954} INFO - Setting next_dagrun for example_branch_datetime_operator_2 to 2025-12-26 00:00:00+00:00, run_after=2025-12-27 00:00:00+00:00
[2025-12-27T14:44:56.552+0000] {logging_mixin.py:188} INFO - [2025-12-27T14:44:56.551+0000] {dag.py:3954} INFO - Setting next_dagrun for example_branch_datetime_operator_3 to 2025-12-26 00:00:00+00:00, run_after=2025-12-27 00:00:00+00:00
[2025-12-27T14:44:56.649+0000] {processor.py:183} INFO - Processing /home/airflow/.local/lib/python3.12/site-packages/airflow/example_dags/example_branch_datetime_operator.py took 0.539 seconds
[2025-12-27T14:45:27.184+0000] {processor.py:161} INFO - Started process (PID=3126) to work on /home/airflow/.local/lib/python3.12/site-packages/airflow/example_dags/example_branch_datetime_operator.py
[2025-12-27T14:45:27.196+0000] {processor.py:830} INFO - Processing file /home/airflow/.local/lib/python3.12/site-packages/airflow/example_dags/example_branch_datetime_operator.py for tasks to queue
[2025-12-27T14:45:27.225+0000] {logging_mixin.py:188} INFO - [2025-12-27T14:45:27.223+0000] {dagbag.py:540} INFO - Filling up the DagBag from /home/airflow/.local/lib/python3.12/site-packages/airflow/example_dags/example_branch_datetime_operator.py
[2025-12-27T14:45:27.357+0000] {processor.py:840} INFO - DAG(s) 'example_branch_datetime_operator_2', 'example_branch_datetime_operator_3', 'example_branch_datetime_operator' retrieved from /home/airflow/.local/lib/python3.12/site-packages/airflow/example_dags/example_branch_datetime_operator.py
[2025-12-27T14:45:27.769+0000] {logging_mixin.py:188} INFO - [2025-12-27T14:45:27.768+0000] {dag.py:3096} INFO - Sync 3 DAGs
[2025-12-27T14:45:28.026+0000] {logging_mixin.py:188} INFO - [2025-12-27T14:45:28.025+0000] {dag.py:3954} INFO - Setting next_dagrun for example_branch_datetime_operator to 2025-12-26 00:00:00+00:00, run_after=2025-12-27 00:00:00+00:00
[2025-12-27T14:45:28.121+0000] {logging_mixin.py:188} INFO - [2025-12-27T14:45:28.121+0000] {dag.py:3954} INFO - Setting next_dagrun for example_branch_datetime_operator_2 to 2025-12-26 00:00:00+00:00, run_after=2025-12-27 00:00:00+00:00
[2025-12-27T14:45:28.184+0000] {logging_mixin.py:188} INFO - [2025-12-27T14:45:28.171+0000] {dag.py:3954} INFO - Setting next_dagrun for example_branch_datetime_operator_3 to 2025-12-26 00:00:00+00:00, run_after=2025-12-27 00:00:00+00:00
[2025-12-27T14:45:28.288+0000] {processor.py:183} INFO - Processing /home/airflow/.local/lib/python3.12/site-packages/airflow/example_dags/example_branch_datetime_operator.py took 1.168 seconds
[2025-12-27T14:45:58.596+0000] {processor.py:161} INFO - Started process (PID=3184) to work on /home/airflow/.local/lib/python3.12/site-packages/airflow/example_dags/example_branch_datetime_operator.py
[2025-12-27T14:45:58.599+0000] {processor.py:830} INFO - Processing file /home/airflow/.local/lib/python3.12/site-packages/airflow/example_dags/example_branch_datetime_operator.py for tasks to queue
[2025-12-27T14:45:58.602+0000] {logging_mixin.py:188} INFO - [2025-12-27T14:45:58.601+0000] {dagbag.py:540} INFO - Filling up the DagBag from /home/airflow/.local/lib/python3.12/site-packages/airflow/example_dags/example_branch_datetime_operator.py
[2025-12-27T14:45:58.647+0000] {processor.py:840} INFO - DAG(s) 'example_branch_datetime_operator_3', 'example_branch_datetime_operator_2', 'example_branch_datetime_operator' retrieved from /home/airflow/.local/lib/python3.12/site-packages/airflow/example_dags/example_branch_datetime_operator.py
[2025-12-27T14:45:58.736+0000] {logging_mixin.py:188} INFO - [2025-12-27T14:45:58.735+0000] {dag.py:3096} INFO - Sync 3 DAGs
[2025-12-27T14:45:58.839+0000] {logging_mixin.py:188} INFO - [2025-12-27T14:45:58.838+0000] {dag.py:3954} INFO - Setting next_dagrun for example_branch_datetime_operator to 2025-12-26 00:00:00+00:00, run_after=2025-12-27 00:00:00+00:00
[2025-12-27T14:45:58.852+0000] {logging_mixin.py:188} INFO - [2025-12-27T14:45:58.852+0000] {dag.py:3954} INFO - Setting next_dagrun for example_branch_datetime_operator_2 to 2025-12-26 00:00:00+00:00, run_after=2025-12-27 00:00:00+00:00
[2025-12-27T14:45:58.859+0000] {logging_mixin.py:188} INFO - [2025-12-27T14:45:58.858+0000] {dag.py:3954} INFO - Setting next_dagrun for example_branch_datetime_operator_3 to 2025-12-26 00:00:00+00:00, run_after=2025-12-27 00:00:00+00:00
[2025-12-27T14:45:58.906+0000] {processor.py:183} INFO - Processing /home/airflow/.local/lib/python3.12/site-packages/airflow/example_dags/example_branch_datetime_operator.py took 0.330 seconds
[2025-12-27T14:46:29.251+0000] {processor.py:161} INFO - Started process (PID=3243) to work on /home/airflow/.local/lib/python3.12/site-packages/airflow/example_dags/example_branch_datetime_operator.py
[2025-12-27T14:46:29.254+0000] {processor.py:830} INFO - Processing file /home/airflow/.local/lib/python3.12/site-packages/airflow/example_dags/example_branch_datetime_operator.py for tasks to queue
[2025-12-27T14:46:29.257+0000] {logging_mixin.py:188} INFO - [2025-12-27T14:46:29.256+0000] {dagbag.py:540} INFO - Filling up the DagBag from /home/airflow/.local/lib/python3.12/site-packages/airflow/example_dags/example_branch_datetime_operator.py
[2025-12-27T14:46:29.284+0000] {processor.py:840} INFO - DAG(s) 'example_branch_datetime_operator', 'example_branch_datetime_operator_3', 'example_branch_datetime_operator_2' retrieved from /home/airflow/.local/lib/python3.12/site-packages/airflow/example_dags/example_branch_datetime_operator.py
[2025-12-27T14:46:29.369+0000] {logging_mixin.py:188} INFO - [2025-12-27T14:46:29.368+0000] {dag.py:3096} INFO - Sync 3 DAGs
[2025-12-27T14:46:29.491+0000] {logging_mixin.py:188} INFO - [2025-12-27T14:46:29.490+0000] {dag.py:3954} INFO - Setting next_dagrun for example_branch_datetime_operator to 2025-12-26 00:00:00+00:00, run_after=2025-12-27 00:00:00+00:00
[2025-12-27T14:46:29.512+0000] {logging_mixin.py:188} INFO - [2025-12-27T14:46:29.511+0000] {dag.py:3954} INFO - Setting next_dagrun for example_branch_datetime_operator_2 to 2025-12-26 00:00:00+00:00, run_after=2025-12-27 00:00:00+00:00
[2025-12-27T14:46:29.521+0000] {logging_mixin.py:188} INFO - [2025-12-27T14:46:29.521+0000] {dag.py:3954} INFO - Setting next_dagrun for example_branch_datetime_operator_3 to 2025-12-26 00:00:00+00:00, run_after=2025-12-27 00:00:00+00:00
[2025-12-27T14:46:29.573+0000] {processor.py:183} INFO - Processing /home/airflow/.local/lib/python3.12/site-packages/airflow/example_dags/example_branch_datetime_operator.py took 0.352 seconds
[2025-12-27T14:47:00.184+0000] {processor.py:161} INFO - Started process (PID=3301) to work on /home/airflow/.local/lib/python3.12/site-packages/airflow/example_dags/example_branch_datetime_operator.py
[2025-12-27T14:47:00.187+0000] {processor.py:830} INFO - Processing file /home/airflow/.local/lib/python3.12/site-packages/airflow/example_dags/example_branch_datetime_operator.py for tasks to queue
[2025-12-27T14:47:00.189+0000] {logging_mixin.py:188} INFO - [2025-12-27T14:47:00.188+0000] {dagbag.py:540} INFO - Filling up the DagBag from /home/airflow/.local/lib/python3.12/site-packages/airflow/example_dags/example_branch_datetime_operator.py
[2025-12-27T14:47:00.218+0000] {processor.py:840} INFO - DAG(s) 'example_branch_datetime_operator', 'example_branch_datetime_operator_2', 'example_branch_datetime_operator_3' retrieved from /home/airflow/.local/lib/python3.12/site-packages/airflow/example_dags/example_branch_datetime_operator.py
[2025-12-27T14:47:00.304+0000] {logging_mixin.py:188} INFO - [2025-12-27T14:47:00.303+0000] {dag.py:3096} INFO - Sync 3 DAGs
[2025-12-27T14:47:00.376+0000] {logging_mixin.py:188} INFO - [2025-12-27T14:47:00.376+0000] {dag.py:3954} INFO - Setting next_dagrun for example_branch_datetime_operator to 2025-12-26 00:00:00+00:00, run_after=2025-12-27 00:00:00+00:00
[2025-12-27T14:47:00.391+0000] {logging_mixin.py:188} INFO - [2025-12-27T14:47:00.391+0000] {dag.py:3954} INFO - Setting next_dagrun for example_branch_datetime_operator_2 to 2025-12-26 00:00:00+00:00, run_after=2025-12-27 00:00:00+00:00
[2025-12-27T14:47:00.398+0000] {logging_mixin.py:188} INFO - [2025-12-27T14:47:00.397+0000] {dag.py:3954} INFO - Setting next_dagrun for example_branch_datetime_operator_3 to 2025-12-26 00:00:00+00:00, run_after=2025-12-27 00:00:00+00:00
[2025-12-27T14:47:00.451+0000] {processor.py:183} INFO - Processing /home/airflow/.local/lib/python3.12/site-packages/airflow/example_dags/example_branch_datetime_operator.py took 0.286 seconds
[2025-12-27T14:47:31.044+0000] {processor.py:161} INFO - Started process (PID=3359) to work on /home/airflow/.local/lib/python3.12/site-packages/airflow/example_dags/example_branch_datetime_operator.py
[2025-12-27T14:47:31.046+0000] {processor.py:830} INFO - Processing file /home/airflow/.local/lib/python3.12/site-packages/airflow/example_dags/example_branch_datetime_operator.py for tasks to queue
[2025-12-27T14:47:31.049+0000] {logging_mixin.py:188} INFO - [2025-12-27T14:47:31.048+0000] {dagbag.py:540} INFO - Filling up the DagBag from /home/airflow/.local/lib/python3.12/site-packages/airflow/example_dags/example_branch_datetime_operator.py
[2025-12-27T14:47:31.076+0000] {processor.py:840} INFO - DAG(s) 'example_branch_datetime_operator', 'example_branch_datetime_operator_2', 'example_branch_datetime_operator_3' retrieved from /home/airflow/.local/lib/python3.12/site-packages/airflow/example_dags/example_branch_datetime_operator.py
[2025-12-27T14:47:31.160+0000] {logging_mixin.py:188} INFO - [2025-12-27T14:47:31.160+0000] {dag.py:3096} INFO - Sync 3 DAGs
[2025-12-27T14:47:31.223+0000] {logging_mixin.py:188} INFO - [2025-12-27T14:47:31.222+0000] {dag.py:3954} INFO - Setting next_dagrun for example_branch_datetime_operator to 2025-12-26 00:00:00+00:00, run_after=2025-12-27 00:00:00+00:00
[2025-12-27T14:47:31.238+0000] {logging_mixin.py:188} INFO - [2025-12-27T14:47:31.238+0000] {dag.py:3954} INFO - Setting next_dagrun for example_branch_datetime_operator_2 to 2025-12-26 00:00:00+00:00, run_after=2025-12-27 00:00:00+00:00
[2025-12-27T14:47:31.246+0000] {logging_mixin.py:188} INFO - [2025-12-27T14:47:31.245+0000] {dag.py:3954} INFO - Setting next_dagrun for example_branch_datetime_operator_3 to 2025-12-26 00:00:00+00:00, run_after=2025-12-27 00:00:00+00:00
[2025-12-27T14:47:31.296+0000] {processor.py:183} INFO - Processing /home/airflow/.local/lib/python3.12/site-packages/airflow/example_dags/example_branch_datetime_operator.py took 0.273 seconds
[2025-12-27T14:48:01.680+0000] {processor.py:161} INFO - Started process (PID=3417) to work on /home/airflow/.local/lib/python3.12/site-packages/airflow/example_dags/example_branch_datetime_operator.py
[2025-12-27T14:48:01.682+0000] {processor.py:830} INFO - Processing file /home/airflow/.local/lib/python3.12/site-packages/airflow/example_dags/example_branch_datetime_operator.py for tasks to queue
[2025-12-27T14:48:01.685+0000] {logging_mixin.py:188} INFO - [2025-12-27T14:48:01.684+0000] {dagbag.py:540} INFO - Filling up the DagBag from /home/airflow/.local/lib/python3.12/site-packages/airflow/example_dags/example_branch_datetime_operator.py
[2025-12-27T14:48:01.717+0000] {processor.py:840} INFO - DAG(s) 'example_branch_datetime_operator', 'example_branch_datetime_operator_3', 'example_branch_datetime_operator_2' retrieved from /home/airflow/.local/lib/python3.12/site-packages/airflow/example_dags/example_branch_datetime_operator.py
[2025-12-27T14:48:01.795+0000] {logging_mixin.py:188} INFO - [2025-12-27T14:48:01.794+0000] {dag.py:3096} INFO - Sync 3 DAGs
[2025-12-27T14:48:01.854+0000] {logging_mixin.py:188} INFO - [2025-12-27T14:48:01.854+0000] {dag.py:3954} INFO - Setting next_dagrun for example_branch_datetime_operator to 2025-12-26 00:00:00+00:00, run_after=2025-12-27 00:00:00+00:00
[2025-12-27T14:48:01.867+0000] {logging_mixin.py:188} INFO - [2025-12-27T14:48:01.866+0000] {dag.py:3954} INFO - Setting next_dagrun for example_branch_datetime_operator_2 to 2025-12-26 00:00:00+00:00, run_after=2025-12-27 00:00:00+00:00
[2025-12-27T14:48:01.873+0000] {logging_mixin.py:188} INFO - [2025-12-27T14:48:01.873+0000] {dag.py:3954} INFO - Setting next_dagrun for example_branch_datetime_operator_3 to 2025-12-26 00:00:00+00:00, run_after=2025-12-27 00:00:00+00:00
[2025-12-27T14:48:01.918+0000] {processor.py:183} INFO - Processing /home/airflow/.local/lib/python3.12/site-packages/airflow/example_dags/example_branch_datetime_operator.py took 0.253 seconds
[2025-12-27T14:48:32.805+0000] {processor.py:161} INFO - Started process (PID=3476) to work on /home/airflow/.local/lib/python3.12/site-packages/airflow/example_dags/example_branch_datetime_operator.py
[2025-12-27T14:48:32.810+0000] {processor.py:830} INFO - Processing file /home/airflow/.local/lib/python3.12/site-packages/airflow/example_dags/example_branch_datetime_operator.py for tasks to queue
[2025-12-27T14:48:32.820+0000] {logging_mixin.py:188} INFO - [2025-12-27T14:48:32.819+0000] {dagbag.py:540} INFO - Filling up the DagBag from /home/airflow/.local/lib/python3.12/site-packages/airflow/example_dags/example_branch_datetime_operator.py
[2025-12-27T14:48:32.897+0000] {processor.py:840} INFO - DAG(s) 'example_branch_datetime_operator_3', 'example_branch_datetime_operator', 'example_branch_datetime_operator_2' retrieved from /home/airflow/.local/lib/python3.12/site-packages/airflow/example_dags/example_branch_datetime_operator.py
[2025-12-27T14:48:33.157+0000] {logging_mixin.py:188} INFO - [2025-12-27T14:48:33.156+0000] {dag.py:3096} INFO - Sync 3 DAGs
[2025-12-27T14:48:33.323+0000] {logging_mixin.py:188} INFO - [2025-12-27T14:48:33.321+0000] {dag.py:3954} INFO - Setting next_dagrun for example_branch_datetime_operator to 2025-12-26 00:00:00+00:00, run_after=2025-12-27 00:00:00+00:00
[2025-12-27T14:48:33.351+0000] {logging_mixin.py:188} INFO - [2025-12-27T14:48:33.350+0000] {dag.py:3954} INFO - Setting next_dagrun for example_branch_datetime_operator_2 to 2025-12-26 00:00:00+00:00, run_after=2025-12-27 00:00:00+00:00
[2025-12-27T14:48:33.366+0000] {logging_mixin.py:188} INFO - [2025-12-27T14:48:33.365+0000] {dag.py:3954} INFO - Setting next_dagrun for example_branch_datetime_operator_3 to 2025-12-26 00:00:00+00:00, run_after=2025-12-27 00:00:00+00:00
[2025-12-27T14:48:33.443+0000] {processor.py:183} INFO - Processing /home/airflow/.local/lib/python3.12/site-packages/airflow/example_dags/example_branch_datetime_operator.py took 0.682 seconds
[2025-12-27T14:49:06.037+0000] {processor.py:161} INFO - Started process (PID=3534) to work on /home/airflow/.local/lib/python3.12/site-packages/airflow/example_dags/example_branch_datetime_operator.py
[2025-12-27T14:49:06.043+0000] {processor.py:830} INFO - Processing file /home/airflow/.local/lib/python3.12/site-packages/airflow/example_dags/example_branch_datetime_operator.py for tasks to queue
[2025-12-27T14:49:06.048+0000] {logging_mixin.py:188} INFO - [2025-12-27T14:49:06.046+0000] {dagbag.py:540} INFO - Filling up the DagBag from /home/airflow/.local/lib/python3.12/site-packages/airflow/example_dags/example_branch_datetime_operator.py
[2025-12-27T14:49:06.122+0000] {processor.py:840} INFO - DAG(s) 'example_branch_datetime_operator_3', 'example_branch_datetime_operator', 'example_branch_datetime_operator_2' retrieved from /home/airflow/.local/lib/python3.12/site-packages/airflow/example_dags/example_branch_datetime_operator.py
[2025-12-27T14:49:06.345+0000] {logging_mixin.py:188} INFO - [2025-12-27T14:49:06.344+0000] {dag.py:3096} INFO - Sync 3 DAGs
[2025-12-27T14:49:06.495+0000] {logging_mixin.py:188} INFO - [2025-12-27T14:49:06.494+0000] {dag.py:3954} INFO - Setting next_dagrun for example_branch_datetime_operator to 2025-12-26 00:00:00+00:00, run_after=2025-12-27 00:00:00+00:00
[2025-12-27T14:49:06.528+0000] {logging_mixin.py:188} INFO - [2025-12-27T14:49:06.527+0000] {dag.py:3954} INFO - Setting next_dagrun for example_branch_datetime_operator_2 to 2025-12-26 00:00:00+00:00, run_after=2025-12-27 00:00:00+00:00
[2025-12-27T14:49:06.547+0000] {logging_mixin.py:188} INFO - [2025-12-27T14:49:06.546+0000] {dag.py:3954} INFO - Setting next_dagrun for example_branch_datetime_operator_3 to 2025-12-26 00:00:00+00:00, run_after=2025-12-27 00:00:00+00:00
[2025-12-27T14:49:06.663+0000] {processor.py:183} INFO - Processing /home/airflow/.local/lib/python3.12/site-packages/airflow/example_dags/example_branch_datetime_operator.py took 0.660 seconds
[2025-12-27T14:49:36.963+0000] {processor.py:161} INFO - Started process (PID=3592) to work on /home/airflow/.local/lib/python3.12/site-packages/airflow/example_dags/example_branch_datetime_operator.py
[2025-12-27T14:49:36.967+0000] {processor.py:830} INFO - Processing file /home/airflow/.local/lib/python3.12/site-packages/airflow/example_dags/example_branch_datetime_operator.py for tasks to queue
[2025-12-27T14:49:36.970+0000] {logging_mixin.py:188} INFO - [2025-12-27T14:49:36.969+0000] {dagbag.py:540} INFO - Filling up the DagBag from /home/airflow/.local/lib/python3.12/site-packages/airflow/example_dags/example_branch_datetime_operator.py
[2025-12-27T14:49:37.001+0000] {processor.py:840} INFO - DAG(s) 'example_branch_datetime_operator_2', 'example_branch_datetime_operator_3', 'example_branch_datetime_operator' retrieved from /home/airflow/.local/lib/python3.12/site-packages/airflow/example_dags/example_branch_datetime_operator.py
[2025-12-27T14:49:37.085+0000] {logging_mixin.py:188} INFO - [2025-12-27T14:49:37.084+0000] {dag.py:3096} INFO - Sync 3 DAGs
[2025-12-27T14:49:37.162+0000] {logging_mixin.py:188} INFO - [2025-12-27T14:49:37.161+0000] {dag.py:3954} INFO - Setting next_dagrun for example_branch_datetime_operator to 2025-12-26 00:00:00+00:00, run_after=2025-12-27 00:00:00+00:00
[2025-12-27T14:49:37.181+0000] {logging_mixin.py:188} INFO - [2025-12-27T14:49:37.180+0000] {dag.py:3954} INFO - Setting next_dagrun for example_branch_datetime_operator_2 to 2025-12-26 00:00:00+00:00, run_after=2025-12-27 00:00:00+00:00
[2025-12-27T14:49:37.190+0000] {logging_mixin.py:188} INFO - [2025-12-27T14:49:37.190+0000] {dag.py:3954} INFO - Setting next_dagrun for example_branch_datetime_operator_3 to 2025-12-26 00:00:00+00:00, run_after=2025-12-27 00:00:00+00:00
[2025-12-27T14:49:37.240+0000] {processor.py:183} INFO - Processing /home/airflow/.local/lib/python3.12/site-packages/airflow/example_dags/example_branch_datetime_operator.py took 0.295 seconds
[2025-12-27T14:50:13.196+0000] {processor.py:161} INFO - Started process (PID=3649) to work on /home/airflow/.local/lib/python3.12/site-packages/airflow/example_dags/example_branch_datetime_operator.py
[2025-12-27T14:50:13.214+0000] {processor.py:830} INFO - Processing file /home/airflow/.local/lib/python3.12/site-packages/airflow/example_dags/example_branch_datetime_operator.py for tasks to queue
[2025-12-27T14:50:13.222+0000] {logging_mixin.py:188} INFO - [2025-12-27T14:50:13.218+0000] {dagbag.py:540} INFO - Filling up the DagBag from /home/airflow/.local/lib/python3.12/site-packages/airflow/example_dags/example_branch_datetime_operator.py
[2025-12-27T14:50:13.329+0000] {processor.py:840} INFO - DAG(s) 'example_branch_datetime_operator', 'example_branch_datetime_operator_3', 'example_branch_datetime_operator_2' retrieved from /home/airflow/.local/lib/python3.12/site-packages/airflow/example_dags/example_branch_datetime_operator.py
[2025-12-27T14:50:13.576+0000] {logging_mixin.py:188} INFO - [2025-12-27T14:50:13.573+0000] {dag.py:3096} INFO - Sync 3 DAGs
[2025-12-27T14:50:13.952+0000] {logging_mixin.py:188} INFO - [2025-12-27T14:50:13.942+0000] {dag.py:3954} INFO - Setting next_dagrun for example_branch_datetime_operator to 2025-12-26 00:00:00+00:00, run_after=2025-12-27 00:00:00+00:00
[2025-12-27T14:50:14.047+0000] {logging_mixin.py:188} INFO - [2025-12-27T14:50:14.046+0000] {dag.py:3954} INFO - Setting next_dagrun for example_branch_datetime_operator_2 to 2025-12-26 00:00:00+00:00, run_after=2025-12-27 00:00:00+00:00
[2025-12-27T14:50:14.085+0000] {logging_mixin.py:188} INFO - [2025-12-27T14:50:14.084+0000] {dag.py:3954} INFO - Setting next_dagrun for example_branch_datetime_operator_3 to 2025-12-26 00:00:00+00:00, run_after=2025-12-27 00:00:00+00:00
[2025-12-27T14:50:14.266+0000] {processor.py:183} INFO - Processing /home/airflow/.local/lib/python3.12/site-packages/airflow/example_dags/example_branch_datetime_operator.py took 1.112 seconds
[2025-12-27T14:50:44.770+0000] {processor.py:161} INFO - Started process (PID=3705) to work on /home/airflow/.local/lib/python3.12/site-packages/airflow/example_dags/example_branch_datetime_operator.py
[2025-12-27T14:50:44.775+0000] {processor.py:830} INFO - Processing file /home/airflow/.local/lib/python3.12/site-packages/airflow/example_dags/example_branch_datetime_operator.py for tasks to queue
[2025-12-27T14:50:44.794+0000] {logging_mixin.py:188} INFO - [2025-12-27T14:50:44.789+0000] {dagbag.py:540} INFO - Filling up the DagBag from /home/airflow/.local/lib/python3.12/site-packages/airflow/example_dags/example_branch_datetime_operator.py
[2025-12-27T14:50:44.913+0000] {processor.py:840} INFO - DAG(s) 'example_branch_datetime_operator_3', 'example_branch_datetime_operator_2', 'example_branch_datetime_operator' retrieved from /home/airflow/.local/lib/python3.12/site-packages/airflow/example_dags/example_branch_datetime_operator.py
[2025-12-27T14:50:45.202+0000] {logging_mixin.py:188} INFO - [2025-12-27T14:50:45.201+0000] {dag.py:3096} INFO - Sync 3 DAGs
[2025-12-27T14:50:45.473+0000] {logging_mixin.py:188} INFO - [2025-12-27T14:50:45.472+0000] {dag.py:3954} INFO - Setting next_dagrun for example_branch_datetime_operator to 2025-12-26 00:00:00+00:00, run_after=2025-12-27 00:00:00+00:00
[2025-12-27T14:50:45.514+0000] {logging_mixin.py:188} INFO - [2025-12-27T14:50:45.513+0000] {dag.py:3954} INFO - Setting next_dagrun for example_branch_datetime_operator_2 to 2025-12-26 00:00:00+00:00, run_after=2025-12-27 00:00:00+00:00
[2025-12-27T14:50:45.523+0000] {logging_mixin.py:188} INFO - [2025-12-27T14:50:45.522+0000] {dag.py:3954} INFO - Setting next_dagrun for example_branch_datetime_operator_3 to 2025-12-26 00:00:00+00:00, run_after=2025-12-27 00:00:00+00:00
[2025-12-27T14:50:45.631+0000] {processor.py:183} INFO - Processing /home/airflow/.local/lib/python3.12/site-packages/airflow/example_dags/example_branch_datetime_operator.py took 0.908 seconds
[2025-12-27T14:51:21.583+0000] {processor.py:161} INFO - Started process (PID=3767) to work on /home/airflow/.local/lib/python3.12/site-packages/airflow/example_dags/example_branch_datetime_operator.py
[2025-12-27T14:51:21.626+0000] {processor.py:830} INFO - Processing file /home/airflow/.local/lib/python3.12/site-packages/airflow/example_dags/example_branch_datetime_operator.py for tasks to queue
[2025-12-27T14:51:21.630+0000] {logging_mixin.py:188} INFO - [2025-12-27T14:51:21.628+0000] {dagbag.py:540} INFO - Filling up the DagBag from /home/airflow/.local/lib/python3.12/site-packages/airflow/example_dags/example_branch_datetime_operator.py
[2025-12-27T14:51:21.844+0000] {processor.py:840} INFO - DAG(s) 'example_branch_datetime_operator', 'example_branch_datetime_operator_2', 'example_branch_datetime_operator_3' retrieved from /home/airflow/.local/lib/python3.12/site-packages/airflow/example_dags/example_branch_datetime_operator.py
[2025-12-27T14:51:22.103+0000] {logging_mixin.py:188} INFO - [2025-12-27T14:51:22.102+0000] {dag.py:3096} INFO - Sync 3 DAGs
[2025-12-27T14:51:22.176+0000] {logging_mixin.py:188} INFO - [2025-12-27T14:51:22.176+0000] {dag.py:3954} INFO - Setting next_dagrun for example_branch_datetime_operator to 2025-12-26 00:00:00+00:00, run_after=2025-12-27 00:00:00+00:00
[2025-12-27T14:51:22.274+0000] {logging_mixin.py:188} INFO - [2025-12-27T14:51:22.273+0000] {dag.py:3954} INFO - Setting next_dagrun for example_branch_datetime_operator_2 to 2025-12-26 00:00:00+00:00, run_after=2025-12-27 00:00:00+00:00
[2025-12-27T14:51:22.284+0000] {logging_mixin.py:188} INFO - [2025-12-27T14:51:22.283+0000] {dag.py:3954} INFO - Setting next_dagrun for example_branch_datetime_operator_3 to 2025-12-26 00:00:00+00:00, run_after=2025-12-27 00:00:00+00:00
[2025-12-27T14:51:22.517+0000] {processor.py:183} INFO - Processing /home/airflow/.local/lib/python3.12/site-packages/airflow/example_dags/example_branch_datetime_operator.py took 0.957 seconds
[2025-12-27T14:53:35.799+0000] {processor.py:161} INFO - Started process (PID=3836) to work on /home/airflow/.local/lib/python3.12/site-packages/airflow/example_dags/example_branch_datetime_operator.py
[2025-12-27T14:53:36.024+0000] {processor.py:830} INFO - Processing file /home/airflow/.local/lib/python3.12/site-packages/airflow/example_dags/example_branch_datetime_operator.py for tasks to queue
[2025-12-27T14:53:36.076+0000] {logging_mixin.py:188} INFO - [2025-12-27T14:53:36.046+0000] {dagbag.py:540} INFO - Filling up the DagBag from /home/airflow/.local/lib/python3.12/site-packages/airflow/example_dags/example_branch_datetime_operator.py
[2025-12-27T14:53:37.054+0000] {processor.py:840} INFO - DAG(s) 'example_branch_datetime_operator_3', 'example_branch_datetime_operator_2', 'example_branch_datetime_operator' retrieved from /home/airflow/.local/lib/python3.12/site-packages/airflow/example_dags/example_branch_datetime_operator.py
[2025-12-27T14:53:38.539+0000] {logging_mixin.py:188} INFO - [2025-12-27T14:53:38.538+0000] {dag.py:3096} INFO - Sync 3 DAGs
[2025-12-27T14:53:40.929+0000] {logging_mixin.py:188} INFO - [2025-12-27T14:53:40.883+0000] {dag.py:3954} INFO - Setting next_dagrun for example_branch_datetime_operator to 2025-12-26 00:00:00+00:00, run_after=2025-12-27 00:00:00+00:00
[2025-12-27T14:53:41.142+0000] {logging_mixin.py:188} INFO - [2025-12-27T14:53:41.119+0000] {dag.py:3954} INFO - Setting next_dagrun for example_branch_datetime_operator_2 to 2025-12-26 00:00:00+00:00, run_after=2025-12-27 00:00:00+00:00
[2025-12-27T14:53:41.245+0000] {logging_mixin.py:188} INFO - [2025-12-27T14:53:41.220+0000] {dag.py:3954} INFO - Setting next_dagrun for example_branch_datetime_operator_3 to 2025-12-26 00:00:00+00:00, run_after=2025-12-27 00:00:00+00:00
[2025-12-27T14:53:42.429+0000] {processor.py:183} INFO - Processing /home/airflow/.local/lib/python3.12/site-packages/airflow/example_dags/example_branch_datetime_operator.py took 7.009 seconds
[2025-12-27T14:56:24.654+0000] {processor.py:161} INFO - Started process (PID=3900) to work on /home/airflow/.local/lib/python3.12/site-packages/airflow/example_dags/example_branch_datetime_operator.py
[2025-12-27T14:56:24.685+0000] {processor.py:830} INFO - Processing file /home/airflow/.local/lib/python3.12/site-packages/airflow/example_dags/example_branch_datetime_operator.py for tasks to queue
[2025-12-27T14:56:24.712+0000] {logging_mixin.py:188} INFO - [2025-12-27T14:56:24.699+0000] {dagbag.py:540} INFO - Filling up the DagBag from /home/airflow/.local/lib/python3.12/site-packages/airflow/example_dags/example_branch_datetime_operator.py
[2025-12-27T14:56:25.122+0000] {processor.py:840} INFO - DAG(s) 'example_branch_datetime_operator_3', 'example_branch_datetime_operator_2', 'example_branch_datetime_operator' retrieved from /home/airflow/.local/lib/python3.12/site-packages/airflow/example_dags/example_branch_datetime_operator.py
[2025-12-27T14:56:26.000+0000] {logging_mixin.py:188} INFO - [2025-12-27T14:56:25.993+0000] {dag.py:3096} INFO - Sync 3 DAGs
[2025-12-27T14:56:28.847+0000] {logging_mixin.py:188} INFO - [2025-12-27T14:56:28.836+0000] {dag.py:3954} INFO - Setting next_dagrun for example_branch_datetime_operator to 2025-12-26 00:00:00+00:00, run_after=2025-12-27 00:00:00+00:00
[2025-12-27T14:56:28.966+0000] {logging_mixin.py:188} INFO - [2025-12-27T14:56:28.964+0000] {dag.py:3954} INFO - Setting next_dagrun for example_branch_datetime_operator_2 to 2025-12-26 00:00:00+00:00, run_after=2025-12-27 00:00:00+00:00
[2025-12-27T14:56:29.002+0000] {logging_mixin.py:188} INFO - [2025-12-27T14:56:29.001+0000] {dag.py:3954} INFO - Setting next_dagrun for example_branch_datetime_operator_3 to 2025-12-26 00:00:00+00:00, run_after=2025-12-27 00:00:00+00:00
[2025-12-27T14:56:30.845+0000] {processor.py:183} INFO - Processing /home/airflow/.local/lib/python3.12/site-packages/airflow/example_dags/example_branch_datetime_operator.py took 6.414 seconds
